"","cow_id","quarter","first_date","first_visit","first_farm","first_order","first_path_1","first_path1_IMI","first_path_2","first_path2_IMI","first_path_3","first_path3_IMI","first_path_4","first_path4_IMI","first_quarter_code","first_isolate_1","first_isolate_2","first_isolate_3","first_isolate_4","first_clinical","first_blind","first_teatinj","first_pstmilking","first_mixed_inf_series","first_dup_not_collected","first_IMI_series","first_hygiene_1","first_hygiene_2","first_cc_1","first_cc_2","first_cc_3","first_scc","first_contam","first_contam_comment","first_uniqueID","second_date","second_visit","second_farm","second_order","second_path_1","second_path1_IMI","second_path_2","second_path2_IMI","second_path_3","second_path3_IMI","second_path_4","second_path4_IMI","second_quarter_code","second_isolate_1","second_isolate_2","second_isolate_3","second_isolate_4","second_clinical","second_blind","second_teatinj","second_pstmilking","second_mixed_inf_series","second_dup_not_collected","second_IMI_series","second_hygiene_1","second_hygiene_2","second_cc_1","second_cc_2","second_cc_3","second_scc","second_contam","second_contam_comment","second_uniqueID","third_date","third_visit","third_farm","third_order","third_path_1","third_path1_IMI","third_path_2","third_path2_IMI","third_path_3","third_path3_IMI","third_path_4","third_path4_IMI","third_quarter_code","third_isolate_1","third_isolate_2","third_isolate_3","third_isolate_4","third_clinical","third_blind","third_teatinj","third_pstmilking","third_mixed_inf_series","third_dup_not_collected","third_IMI_series","third_hygiene_1","third_hygiene_2","third_cc_1","third_cc_2","third_cc_3","third_scc","third_contam","third_contam_comment","third_uniqueID","fourth_date","fourth_visit","fourth_farm","fourth_order","fourth_path_1","fourth_path1_IMI","fourth_path_2","fourth_path2_IMI","fourth_path_3","fourth_path3_IMI","fourth_path_4","fourth_path4_IMI","fourth_quarter_code","fourth_isolate_1","fourth_isolate_2","fourth_isolate_3","fourth_isolate_4","fourth_clinical","fourth_blind","fourth_teatinj","fourth_pstmilking","fourth_mixed_inf_series","fourth_dup_not_collected","fourth_IMI_series","fourth_hygiene_1","fourth_hygiene_2","fourth_cc_1","fourth_cc_2","fourth_cc_3","fourth_scc","fourth_contam","fourth_contam_comment","fourth_uniqueID","first_scc_200k","second_scc_200k","third_scc_200k","fourth_scc_200k"
"1","1016.96_Choiniere","RF",NA,NA,NA,NA,NA,NA,NA,NA,NA,NA,NA,NA,NA,NA,NA,NA,NA,NA,NA,NA,NA,NA,NA,NA,NA,NA,NA,NA,NA,NA,NA,NA,NA,"1.21.2020","second","Choiniere",11,"","","","","","","","",3,"","","","","","","","","","","","NA","NA","NA","NA","NA",4000,"","","1016.96_Choiniere_RF","2.17.2020","third","Choiniere",10,"","","","","","","","",3,"","","","","","","","","","","","NA","NA","NA","NA","NA",5000,"","","1016.96_Choiniere_RF","3.16.2020","fourth","Choiniere",22,"corynebac","other22","","","","","","",22,"CF229","","","","","","","","","","no","NA","NA","NA","NA","NA",8000,"","","1016.96_Choiniere_RF_fourth",NA,"no","no","no"
"2","114_Glennview","LF","1.14.2020","first","Glennview",24,"","","","","","","","",5,"","","","","","","","","","","","NA","NA","NA","NA","NA",9000,"","","114_Glennview_LF","2.19.2020","second","Glennview",5,"corynebac","yes1","","","","","","",1,"GV053","","","","","","","","no","","yes","NA","NA","NA","NA","NA",40000,"","","114_Glennview_LF","3.19.2020","third","Glennview",33,"","","","","","","","",3,"","","","","","","","","","","","NA","NA","NA","NA","NA",22000,"","","114_Glennview_LF",NA,NA,NA,NA,NA,NA,NA,NA,NA,NA,NA,NA,NA,NA,NA,NA,NA,NA,NA,NA,NA,NA,NA,NA,NA,NA,NA,NA,NA,NA,NA,NA,"114_Glennview_LF_fourth","no","no","no",NA
"3","114_Glennview","RH","1.14.2020","first","Glennview",24,"","","","","","","","",4,"","","","","","","","","","","","NA","NA","NA","NA","NA",36000,"","","114_Glennview_RH","2.19.2020","second","Glennview",5,"corynebac","yes2","","","","","","",2,"GV054","","","","","","","","no","","yes","NA","NA","NA","NA","NA",61000,"","","114_Glennview_RH","3.19.2020","third","Glennview",33,"","","","","","","","",3,"","","","","","","","","","","","NA","NA","NA","NA","NA",67000,"","","114_Glennview_RH",NA,NA,NA,NA,NA,NA,NA,NA,NA,NA,NA,NA,NA,NA,NA,NA,NA,NA,NA,NA,NA,NA,NA,NA,NA,NA,NA,NA,NA,NA,NA,NA,"114_Glennview_RH_fourth","no","no","no",NA
"4","12_Choiniere","LF","12.11.2019","first","Choiniere",13,"cns","yes2","","","","","","",2,"CF026","","","","","","","","no","","yes","NA","NA","NA","NA","NA",320000,"","","12_Choiniere_LF","1.21.2020","second","Choiniere",14,"","","","","","","","",19,"","","","","","","","","","","","NA","NA","NA","NA","NA",9700000,"","","12_Choiniere_LF","2.17.2020","third","Choiniere",14,"","","","","","","","",8,"","","","","","","","","","","","NA","NA","NA","NA","NA",160000,"yes","","12_Choiniere_LF","3.16.2020","fourth","Choiniere",9,"corynebac","yes2","","","","","","",2,"CF200","","","","","","","","no","","yes","NA","NA","NA","NA","NA",7000,"","","12_Choiniere_LF_fourth","yes","yes","no","no"
"5","12_Choiniere","LH","12.11.2019","first","Choiniere",13,"","","","","","","","",5,"","","","","","","","","","","","NA","NA","NA","NA","NA",12000,"","","12_Choiniere_LH","1.21.2020","second","Choiniere",14,"","","","","","","","",23,"","","","","","","","","","","","NA","NA","NA","NA","NA",18000,"","","12_Choiniere_LH","2.17.2020","third","Choiniere",14,"corynebac","yes2","","","","","","",2,"CF152","","","","","","","","no","","yes","NA","NA","NA","NA","NA",19000,"","","12_Choiniere_LH","3.16.2020","fourth","Choiniere",9,"","","","","","","","",5,"","","","","","","","","","","","NA","NA","NA","NA","NA",21000,"","","12_Choiniere_LH_fourth","no","no","no","no"
"6","12_Choiniere","RF","12.11.2019","first","Choiniere",13,"corynebac","yes2","","","","","","",2,"CF027","","","","","","","","no","","yes","NA","NA","NA","NA","NA",16000,"","","12_Choiniere_RF","1.21.2020","second","Choiniere",14,"","","","","","","","",5,"","","","","","","","","","","","NA","NA","NA","NA","NA",32000,"","","12_Choiniere_RF","2.17.2020","third","Choiniere",14,"cns","yes2","","","","","","",2,"CF153","","","","","","","","no","","yes","NA","NA","NA","NA","NA",42000,"","","12_Choiniere_RF","3.16.2020","fourth","Choiniere",9,"","","","","","","","",5,"","","","","","","","","","","","NA","NA","NA","NA","NA",66000,"","","12_Choiniere_RF_fourth","no","no","no","no"
"7","12_Choiniere","RH","12.11.2019","first","Choiniere",13,"","","","","","","","",5,"","","","","","","","","","","","NA","NA","NA","NA","NA",15000,"","","12_Choiniere_RH","1.21.2020","second","Choiniere",14,"","","","","","","","",3,"","","","","","","","","","","","NA","NA","NA","NA","NA",210000,"","","12_Choiniere_RH","2.17.2020","third","Choiniere",14,"","","","","","","","",8,"","","","","","","","","","","","NA","NA","NA","NA","NA",22000,"yes","","12_Choiniere_RH","3.16.2020","fourth","Choiniere",9,"corynebac","yes2","","","","","","",2,"CF201","","","","","","","","no","","yes","NA","NA","NA","NA","NA",29000,"","","12_Choiniere_RH_fourth","no","yes","no","no"
"8","128_Glennview","LF","1.14.2020","first","Glennview",15,"","","","","","","","",10,"","","","","","","","","","","","NA","NA","NA","NA","NA",22000,"","","128_Glennview_LF","2.19.2020","second","Glennview",28,"","","","","","","","",3,"","","","","","","","","","","","NA","NA","NA","NA","NA",21000,"","","128_Glennview_LF","3.19.2020","third","Glennview",15,"cns","other12","corynebac","other12","","","","",12,"GV129","GV130","","","","","","","","","no","NA","NA","NA","NA","NA",20000,"","","128_Glennview_LF",NA,NA,NA,NA,NA,NA,NA,NA,NA,NA,NA,NA,NA,NA,NA,NA,NA,NA,NA,NA,NA,NA,NA,NA,NA,NA,NA,NA,NA,NA,NA,NA,"128_Glennview_LF_fourth","no","no","no",NA
"9","128_Glennview","LH","1.14.2020","first","Glennview",15,"","","","","","","","",10,"","","","","","","","","","","","NA","NA","NA","NA","NA",13000,"","","128_Glennview_LH","2.19.2020","second","Glennview",28,"corynebac","yes2","","","","","","",2,"GV087","","","","","","","","no","","yes","NA","NA","NA","NA","NA",19000,"","","128_Glennview_LH","3.19.2020","third","Glennview",15,"","","","","","","","",7,"","","","","","","","","","","","NA","NA","NA","NA","NA",90000,"","","128_Glennview_LH",NA,NA,NA,NA,NA,NA,NA,NA,NA,NA,NA,NA,NA,NA,NA,NA,NA,NA,NA,NA,NA,NA,NA,NA,NA,NA,NA,NA,NA,NA,NA,NA,"128_Glennview_LH_fourth","no","no","no",NA
"10","128_Glennview","RH","1.14.2020","first","Glennview",15,"","","","","","","","",10,"","","","","","","","","","","","NA","NA","NA","NA","NA",16000,"","","128_Glennview_RH","2.19.2020","second","Glennview",28,"","","","","","","","",3,"","","","","","","","","","","","NA","NA","NA","NA","NA",14000,"","","128_Glennview_RH","3.19.2020","third","Glennview",15,"cns","yes1","corynebac","no5","","","","",1,"GV131","GV132","","","","","","","no","","yes","NA","NA","NA","NA","NA",12000,"","","128_Glennview_RH",NA,NA,NA,NA,NA,NA,NA,NA,NA,NA,NA,NA,NA,NA,NA,NA,NA,NA,NA,NA,NA,NA,NA,NA,NA,NA,NA,NA,NA,NA,NA,NA,"128_Glennview_RH_fourth","no","no","no",NA
"11","133_Glennview","LF","1.14.2020","first","Glennview",3,"?","yes21","","","","","","",21,"GV004","","","","","","","","tbd","","yes","NA","NA","NA","NA","NA",51000,"","","133_Glennview_LF","2.19.2020","second","Glennview",8,"corynebac","yes2","","","","","","",2,"GV060","","","","","","","","no","","yes","NA","NA","NA","NA","NA",33000,"","","133_Glennview_LF","3.19.2020","third","Glennview",14,"","","","","","","","",13,"","","","","","","","","","","","NA","NA","NA","NA","NA",52000,"","","133_Glennview_LF",NA,NA,NA,NA,NA,NA,NA,NA,NA,NA,NA,NA,NA,NA,NA,NA,NA,NA,NA,NA,NA,NA,NA,NA,NA,NA,NA,NA,NA,NA,NA,NA,"133_Glennview_LF_fourth","no","no","no",NA
"12","137_Glennview","RH","1.14.2020","first","Glennview",26,"","","","","","","","",4,"","","","","","","","","","","","NA","NA","NA","NA","NA",2000,"","","137_Glennview_RH","2.19.2020","second","Glennview",17,"","","","","","","","",3,"","","","","","","","","","","","NA","NA","NA","NA","NA",4000,"","","137_Glennview_RH","3.19.2020","third","Glennview",11,"corynebac","yes2","","","","","","",2,"GV118","","","","","","","","no","","yes","NA","NA","NA","NA","NA",9000,"","","137_Glennview_RH",NA,NA,NA,NA,NA,NA,NA,NA,NA,NA,NA,NA,NA,NA,NA,NA,NA,NA,NA,NA,NA,NA,NA,NA,NA,NA,NA,NA,NA,NA,NA,NA,"137_Glennview_RH_fourth","no","no","no",NA
"13","165_Glennview","LF","1.14.2020","first","Glennview",6,"corynebac","yes2","","","","","","",2,"GV009","","","","","","","","no","","yes","NA","NA","NA","NA","NA",43000,"","","165_Glennview_LF","2.19.2020","second","Glennview",23,"","","","","","","","",3,"","","","","","","","","","","","NA","NA","NA","NA","NA",30000,"","","165_Glennview_LF","3.19.2020","third","Glennview",8,"","","","","","","","",5,"","","","","","","","","","","","NA","NA","NA","NA","NA",76000,"","","165_Glennview_LF",NA,NA,NA,NA,NA,NA,NA,NA,NA,NA,NA,NA,NA,NA,NA,NA,NA,NA,NA,NA,NA,NA,NA,NA,NA,NA,NA,NA,NA,NA,NA,NA,"165_Glennview_LF_fourth","no","no","no",NA
"14","17_Choiniere","RF","12.11.2019","first","Choiniere",18,"","","","","","","","",3,"","","","","","","","","","","","NA","NA","NA","NA","NA",20000,"","","17_Choiniere_RF","1.21.2020","second","Choiniere",2,"","","","","","","","",15,"","","","","","","","","","","","NA","NA","NA","NA","NA",36000,"","","17_Choiniere_RF","2.17.2020","third","Choiniere",5,"","","","","","","","",3,"","","","","","","","","","","","NA","NA","NA","NA","NA",30000,"","","17_Choiniere_RF","3.16.2020","fourth","Choiniere",16,"corynebac","yes1","","","","","","",1,"CF215","","","","","","","","no","","yes","NA","NA","NA","NA","NA",24000,"","","17_Choiniere_RF_fourth","no","no","no","no"
"15","174_Glennview","RF","1.14.2020","first","Glennview",12,"corynebac","yes2","","","","","","",2,"GV026","","","","","","","","no","","yes","NA","NA","NA","NA","NA",17000,"","","174_Glennview_RF","2.19.2020","second","Glennview",1,"","","","","","","","",3,"","","","","","","","","","","","NA","NA","NA","NA","NA",14000,"","","174_Glennview_RF","3.19.2020","third","Glennview",5,"","","","","","","","",4,"","","","","","","","","","","","NA","NA","NA","NA","NA",10000,"","","174_Glennview_RF",NA,NA,NA,NA,NA,NA,NA,NA,NA,NA,NA,NA,NA,NA,NA,NA,NA,NA,NA,NA,NA,NA,NA,NA,NA,NA,NA,NA,NA,NA,NA,NA,"174_Glennview_RF_fourth","no","no","no",NA
"16","175_Glennview","LH","1.14.2020","first","Glennview",31,"","","","","","","","",5,"","","","","","","","","","","","NA","NA","NA","NA","NA",11000,"","","175_Glennview_LH","2.19.2020","second","Glennview",15,"","","","","","","","",5,"","","","","","","","","","","","NA","NA","NA","NA","NA",5000,"","","175_Glennview_LH","3.19.2020","third","Glennview",35,"corynebac","other25","corynebac","other25","","","","",34,"GV157","GV158","","","","","","","","","no","NA","NA","NA","NA","NA",6000,"","","175_Glennview_LH",NA,NA,NA,NA,NA,NA,NA,NA,NA,NA,NA,NA,NA,NA,NA,NA,NA,NA,NA,NA,NA,NA,NA,NA,NA,NA,NA,NA,NA,NA,NA,NA,"175_Glennview_LH_fourth","no","no","no",NA
"17","175_Glennview","RF","1.14.2020","first","Glennview",31,"corynebac","yes2","","","","","","",2,"GV044","","","","","","","","no","","yes","NA","NA","NA","NA","NA",120000,"","","175_Glennview_RF","2.19.2020","second","Glennview",15,"?","yes2","","","","","","",2,"GV070","","","","","","","","no","","yes","NA","NA","NA","NA","NA",140000,"","","175_Glennview_RF","3.19.2020","third","Glennview",35,"","","","","","","","",5,"","","","","","","","","","","","NA","NA","NA","NA","NA",2300000,"","","175_Glennview_RF",NA,NA,NA,NA,NA,NA,NA,NA,NA,NA,NA,NA,NA,NA,NA,NA,NA,NA,NA,NA,NA,NA,NA,NA,NA,NA,NA,NA,NA,NA,NA,NA,"175_Glennview_RF_fourth","no","no","yes",NA
"18","185_Glennview","RH","1.14.2020","first","Glennview",17,"","","","","","","","",7,"","","","","","","","","","","","NA","NA","NA","NA","NA",11000,"","","185_Glennview_RH","2.19.2020","second","Glennview",25,"","","","","","","","",3,"","","","","","","","","","","","NA","NA","NA","NA","NA",10000,"","","185_Glennview_RH","3.19.2020","third","Glennview",19,"corynebac","yes2","","","","","","",2,"GV135","","","","","","","","no","","yes","NA","NA","NA","NA","NA",18000,"","","185_Glennview_RH",NA,NA,NA,NA,NA,NA,NA,NA,NA,NA,NA,NA,NA,NA,NA,NA,NA,NA,NA,NA,NA,NA,NA,NA,NA,NA,NA,NA,NA,NA,NA,NA,"185_Glennview_RH_fourth","no","no","no",NA
"19","188_Glennview","LH","1.14.2020","first","Glennview",21,"","","","","","","","",8,"","","","","","","","","","","","NA","NA","NA","NA","NA",15000,"yes","","188_Glennview_LH","2.19.2020","second","Glennview",19,"corynebac","yes2","corynebac","other18","","","","",2,"GV074","GV075","","","","","","","no","","yes","NA","NA","NA","NA","NA",10000,"","","188_Glennview_LH","3.19.2020","third","Glennview",30,"corynebac","yes1","","","","","","",1,"GV153","","","","","","","","no","","yes","NA","NA","NA","NA","NA",9000,"","","188_Glennview_LH",NA,NA,NA,NA,NA,NA,NA,NA,NA,NA,NA,NA,NA,NA,NA,NA,NA,NA,NA,NA,NA,NA,NA,NA,NA,NA,NA,NA,NA,NA,NA,NA,"188_Glennview_LH_fourth","no","no","no",NA
"20","19_Choiniere","LF","12.11.2019","first","Choiniere",7,"","","","","","","","",10,"","","","","","","","","","","","NA","NA","NA","NA","NA",6000,"","","19_Choiniere_LF","1.21.2020","second","Choiniere",28,"","","","","","","","",3,"","","","","","","","","","","","NA","NA","NA","NA","NA",4000,"","","19_Choiniere_LF","2.17.2020","third","Choiniere",1,"","","","","","","","",10,"","","","","","","","","","","","NA","NA","NA","NA","NA",7000,"","","19_Choiniere_LF","3.16.2020","fourth","Choiniere",11,"corynebac","yes2","","","","","","",2,"CF205","","","","","","","","no","","yes","NA","NA","NA","NA","NA",4000,"","","19_Choiniere_LF_fourth","no","no","no","no"
"21","19_Choiniere","LH","12.11.2019","first","Choiniere",7,"corynebac","yes2","","","","","","",2,"CF017","","","","","","","","no","","yes","NA","NA","NA","NA","NA",3000,"","","19_Choiniere_LH","1.21.2020","second","Choiniere",28,"","","","","","","","",6,"","","","","","","","","","","","NA","NA","NA","NA","NA",3000,"","","19_Choiniere_LH","2.17.2020","third","Choiniere",1,"","","","","","","","",3,"","","","","","","","","","","","NA","NA","NA","NA","NA",2000,"","","19_Choiniere_LH","3.16.2020","fourth","Choiniere",11,"","","","","","","","",3,"","","","","","","","","","","","NA","NA","NA","NA","NA",6000,"","","19_Choiniere_LH_fourth","no","no","no","no"
"22","190_Glennview","RH","1.14.2020","first","Glennview",22,"","","","","","","","",4,"","","","","","","","","","","","NA","NA","NA","NA","NA",14000,"","","190_Glennview_RH","2.19.2020","second","Glennview",26,"corynebac","yes2","","","","","","",2,"GV084","","","","","","","","no","","yes","NA","NA","NA","NA","NA",17000,"","","190_Glennview_RH","3.19.2020","third","Glennview",16,"bacillus","no5","","","","","","",5,"GV133","","","","","","","","","","no","NA","NA","NA","NA","NA",29000,"","","190_Glennview_RH",NA,NA,NA,NA,NA,NA,NA,NA,NA,NA,NA,NA,NA,NA,NA,NA,NA,NA,NA,NA,NA,NA,NA,NA,NA,NA,NA,NA,NA,NA,NA,NA,"190_Glennview_RH_fourth","no","no","no",NA
"23","193_Glennview","RF","1.14.2020","first","Glennview",10,"corynebac","yes1","","","","","","",1,"GV022","","","","","","","","no","","yes","NA","NA","NA","NA","NA",3000,"","","193_Glennview_RF","2.19.2020","second","Glennview",7,"corynebac","yes1","","","","","","",1,"GV058","","","","","","","","no","","yes","NA","NA","NA","NA","NA",2000,"","","193_Glennview_RF","3.19.2020","third","Glennview",4,"corynebac","yes1","","","","","","",1,"GV105","","","","","","","","no","","yes","NA","NA","NA","NA","NA",2000,"","","193_Glennview_RF",NA,NA,NA,NA,NA,NA,NA,NA,NA,NA,NA,NA,NA,NA,NA,NA,NA,NA,NA,NA,NA,NA,NA,NA,NA,NA,NA,NA,NA,NA,NA,NA,"193_Glennview_RF_fourth","no","no","no",NA
"24","193_Glennview","RH","1.14.2020","first","Glennview",10,"corynebac","yes2","","","","","","",2,"GV021","","","","","","","","no","","yes","NA","NA","NA","NA","NA",2000,"","","193_Glennview_RH","2.19.2020","second","Glennview",7,"","","","","","","","",5,"","","","","","","","","","","","NA","NA","NA","NA","NA",2000,"","","193_Glennview_RH","3.19.2020","third","Glennview",4,"","","","","","","","",4,"","","","","","","","","","","","NA","NA","NA","NA","NA",3000,"","","193_Glennview_RH",NA,NA,NA,NA,NA,NA,NA,NA,NA,NA,NA,NA,NA,NA,NA,NA,NA,NA,NA,NA,NA,NA,NA,NA,NA,NA,NA,NA,NA,NA,NA,NA,"193_Glennview_RH_fourth","no","no","no",NA
"25","194_Glennview","RH","1.14.2020","first","Glennview",32,"","","","","","","","",3,"","","","","","","","","","","","NA","NA","NA","NA","NA",6000,"","","194_Glennview_RH","2.19.2020","second","Glennview",6,"strep","yes27","corynebac","yes27","","","","",27,"GV056","GV057","","","","","","","yes","","yes","NA","NA","NA","NA","NA",10000,"","","194_Glennview_RH","3.19.2020","third","Glennview",1,"","","","","","","","",5,"","","","","","","","","","","","NA","NA","NA","NA","NA",7000,"","","194_Glennview_RH",NA,NA,NA,NA,NA,NA,NA,NA,NA,NA,NA,NA,NA,NA,NA,NA,NA,NA,NA,NA,NA,NA,NA,NA,NA,NA,NA,NA,NA,NA,NA,NA,"194_Glennview_RH_fourth","no","no","no",NA
"26","206_Glennview","RF","1.14.2020","first","Glennview",5,"corynebac","yes2","","","","","","",2,"GV007","","","","","","","","no","","yes","NA","NA","NA","NA","NA",4000,"","","206_Glennview_RF","2.19.2020","second","Glennview",21,"","","","","","","","",3,"","","","","","","","","","","","NA","NA","NA","NA","NA",3000,"","","206_Glennview_RF","3.19.2020","third","Glennview",29,"","","","","","","","",5,"","","","","","","","","","","","NA","NA","NA","NA","NA",4000,"","","206_Glennview_RF",NA,NA,NA,NA,NA,NA,NA,NA,NA,NA,NA,NA,NA,NA,NA,NA,NA,NA,NA,NA,NA,NA,NA,NA,NA,NA,NA,NA,NA,NA,NA,NA,"206_Glennview_RF_fourth","no","no","no",NA
"27","206_Glennview","RH","1.14.2020","first","Glennview",5,"corynebac","yes2","","","","","","",2,"GV006","","","","","","","","no","","yes","NA","NA","NA","NA","NA",4000,"","","206_Glennview_RH","2.19.2020","second","Glennview",21,"","","","","","","","",5,"","","","","","","","","","","","NA","NA","NA","NA","NA",4000,"","","206_Glennview_RH","3.19.2020","third","Glennview",29,"","","","","","","","",5,"","","","","","","","","","","","NA","NA","NA","NA","NA",6000,"","","206_Glennview_RH",NA,NA,NA,NA,NA,NA,NA,NA,NA,NA,NA,NA,NA,NA,NA,NA,NA,NA,NA,NA,NA,NA,NA,NA,NA,NA,NA,NA,NA,NA,NA,NA,"206_Glennview_RH_fourth","no","no","no",NA
"28","207_Glennview","LF","1.14.2020","first","Glennview",29,"corynebac","yes1","","","","","","",1,"GV043","","","","","","","","no","","yes","NA","NA","NA","NA","NA",7000,"","","207_Glennview_LF","2.19.2020","second","Glennview",30,"","","","","","","","",5,"","","","","","","","","","","","NA","NA","NA","NA","NA",3000,"","","207_Glennview_LF","3.19.2020","third","Glennview",23,"","","","","","","","",3,"","","","","","","","","","","","NA","NA","NA","NA","NA",5000,"","","207_Glennview_LF",NA,NA,NA,NA,NA,NA,NA,NA,NA,NA,NA,NA,NA,NA,NA,NA,NA,NA,NA,NA,NA,NA,NA,NA,NA,NA,NA,NA,NA,NA,NA,NA,"207_Glennview_LF_fourth","no","no","no",NA
"29","3_Choiniere","LF","12.11.2019","first","Choiniere",14,"","","","","","","","",5,"","","","","","","","","","","","NA","NA","NA","NA","NA",5000,"","","3_Choiniere_LF","1.21.2020","second","Choiniere",18,"corynebac","yes2","","","","","","",2,"CF109","","","","","","","","no","","yes","NA","NA","NA","NA","NA",4000,"","","3_Choiniere_LF","2.17.2020","third","Choiniere",31,"","","","","","","","",4,"","","","","","","","","","","","NA","NA","NA","NA","NA",0,"","","3_Choiniere_LF","3.16.2020","fourth","Choiniere",23,"","","","","","","","",7,"","","","","","","","","","","","NA","NA","NA","NA","NA",3000,"","","3_Choiniere_LF_fourth","no","no","no","no"
"30","3_Choiniere","RF","12.11.2019","first","Choiniere",14,"strep","yes27","corynebac","yes27","","","","",27,"CF028","CF029","","","","","","","yes","","yes","NA","NA","NA","NA","NA",2000,"","","3_Choiniere_RF","1.21.2020","second","Choiniere",18,"","","","","","","","",4,"","","","","","","","","","","","NA","NA","NA","NA","NA",6000,"","","3_Choiniere_RF","2.17.2020","third","Choiniere",31,"","","","","","","","",5,"","","","","","","yes","","","","","NA","NA","NA","NA","NA",4000,"","","3_Choiniere_RF","3.16.2020","fourth","Choiniere",23,"","","","","","","","",3,"","","","","","","","","","","","NA","NA","NA","NA","NA",6000,"","","3_Choiniere_RF_fourth","no","no","no","no"
"31","3_Choiniere","RH","12.11.2019","first","Choiniere",14,"","","","","","","","",5,"","","","","","","","","","","","NA","NA","NA","NA","NA",3000,"","","3_Choiniere_RH","1.21.2020","second","Choiniere",18,"","","","","","","","",5,"","","","","","","","","","","","NA","NA","NA","NA","NA",7000,"","","3_Choiniere_RH","2.17.2020","third","Choiniere",31,"corynebac","yes1","","","","","","",1,"CF176","s","","","","","","","no","","yes","NA","NA","NA","NA","NA",35000,"","","3_Choiniere_RH","3.16.2020","fourth","Choiniere",23,"corynebac","yes27","corynebac","yes27","","","","",27,"CF223","CF224","","","","","","","yes","","yes","NA","NA","NA","NA","NA",210000,"","","3_Choiniere_RH_fourth","no","no","no","yes"
"32","32_Choiniere","LF","12.11.2019","first","Choiniere",9,"cns","yes2","","","","","","",2,"CF020","","","","","","","","no","","yes","NA","NA","NA","NA","NA",133000,"","","32_Choiniere_LF","1.21.2020","second","Choiniere",17,"cns","yes2","","","","","","",2,"CF105","","","","","","","","no","","yes","NA","NA","NA","NA","NA",150000,"","","32_Choiniere_LF","2.17.2020","third","Choiniere",8,"corynebac","yes2","","","","","","",2,"CF145","","","","","","","","no","","yes","NA","NA","NA","NA","NA",1100000,"","","32_Choiniere_LF","3.16.2020","fourth","Choiniere",21,"cns","yes2","","","","","","",2,"CF221","","","","","","","","no","","yes","NA","NA","NA","NA","NA",56000,"","","32_Choiniere_LF_fourth","no","no","yes","no"
"33","32_Choiniere","RF","12.11.2019","first","Choiniere",9,"","","","","","","","",8,"","","","","","","","","","","","NA","NA","NA","NA","NA",22000,"yes","cns TNTC","32_Choiniere_RF","1.21.2020","second","Choiniere",17,"corynebac","other22","","","","","","",22,"CF108","","","","","","","","","","no","NA","NA","NA","NA","NA",27000,"","","32_Choiniere_RF","2.17.2020","third","Choiniere",8,"","","","","","","","",4,"","","","","","","","","","","","NA","NA","NA","NA","NA",38000,"","","32_Choiniere_RF","3.16.2020","fourth","Choiniere",21,"","","","","","","","",5,"","","","","","","","","","","","NA","NA","NA","NA","NA",46000,"","","32_Choiniere_RF_fourth","no","no","no","no"
"34","35_Choiniere","LF",NA,NA,NA,NA,NA,NA,NA,NA,NA,NA,NA,NA,NA,NA,NA,NA,NA,NA,NA,NA,NA,NA,NA,NA,NA,NA,NA,NA,NA,NA,NA,NA,NA,"1.21.2020","second","Choiniere",35,"corynebac","yes2","","","","","","",2,"CF132","","","","","","","","no","","yes","NA","NA","NA","NA","NA",23000,"","","35_Choiniere_LF","2.17.2020","third","Choiniere",20,"","","","","","","","",3,"","","","","","","","","","","","NA","NA","NA","NA","NA",15000,"","","35_Choiniere_LF","3.16.2020","fourth","Choiniere",7,"","","","","","","","",3,"","","","","","","","","","","","NA","NA","NA","NA","NA",13000,"","","35_Choiniere_LF_fourth",NA,"no","no","no"
"35","35_Choiniere","LH",NA,NA,NA,NA,NA,NA,NA,NA,NA,NA,NA,NA,NA,NA,NA,NA,NA,NA,NA,NA,NA,NA,NA,NA,NA,NA,NA,NA,NA,NA,NA,NA,NA,"1.21.2020","second","Choiniere",35,"","","","","","","","",3,"","","","","","","","","","","","NA","NA","NA","NA","NA",12000,"","","35_Choiniere_LH","2.17.2020","third","Choiniere",20,"","","","","","","","",3,"","","","","","","","","","","","NA","NA","NA","NA","NA",13000,"","","35_Choiniere_LH","3.16.2020","fourth","Choiniere",7,"corynebac","yes2","","","","","","",2,"CF198","","","","","","","","no","","yes","NA","NA","NA","NA","NA",9000,"","","35_Choiniere_LH_fourth",NA,"no","no","no"
"36","35_Choiniere","RH",NA,NA,NA,NA,NA,NA,NA,NA,NA,NA,NA,NA,NA,NA,NA,NA,NA,NA,NA,NA,NA,NA,NA,NA,NA,NA,NA,NA,NA,NA,NA,NA,NA,"1.21.2020","second","Choiniere",35,"?","yes1","","","","","","",1,"CF133","","","","","","","","no","","yes","NA","NA","NA","NA","NA",6000,"","","35_Choiniere_RH","2.17.2020","third","Choiniere",20,"","","","","","","","",3,"","","","","","","","","","","","NA","NA","NA","NA","NA",3000,"","","35_Choiniere_RH","3.16.2020","fourth","Choiniere",7,"corynebac","other12","","","","","","",12,"CF199","","","","","","","","","","no","NA","NA","NA","NA","NA",22000,"","","35_Choiniere_RH_fourth",NA,"no","no","no"
"37","38_Choiniere","LF","12.11.2019","first","Choiniere",15,"","","","","","","","",4,"","","","","","","","","","","","NA","NA","NA","NA","NA",3000,"","","38_Choiniere_LF","1.21.2020","second","Choiniere",13,"","","","","","","","",8,"","","","","","","","","","","","NA","NA","NA","NA","NA",2000,"yes","minor-strep+cns+corynebac","38_Choiniere_LF","2.17.2020","third","Choiniere",17,"","","","","","","","",5,"","","","","","","","","","","","NA","NA","NA","NA","NA",3000,"","","38_Choiniere_LF","3.16.2020","fourth","Choiniere",18,"corynebac","yes1","","","","","","",1,"CF218","","","","","","","","no","","yes","NA","NA","NA","NA","NA",5000,"","","38_Choiniere_LF_fourth","no","no","no","no"
"38","4_Choiniere","LF","12.11.2019","first","Choiniere",21,"corynebac","other12","?","other12","","","","",12,"CF042","CF043","","","","","","","","","no","NA","NA","NA","NA","NA",2000,"","","4_Choiniere_LF","1.21.2020","second","Choiniere",15,"","","","","","","","",3,"","","","","","","","","","","","NA","NA","NA","NA","NA",6000,"","","4_Choiniere_LF","2.17.2020","third","Choiniere",16,"","","","","","","","",5,"","","","","","","","","","","","NA","NA","NA","NA","NA",5000,"","","4_Choiniere_LF","3.16.2020","fourth","Choiniere",34,"","","","","","","","",3,"","","","","","","","","","","","NA","NA","NA","NA","NA",7000,"","","4_Choiniere_LF_fourth","no","no","no","no"
"39","4_Choiniere","RF","12.11.2019","first","Choiniere",21,"corynebac","yes2","","","","","","",2,"CF044","","","","","","","","no","","yes","NA","NA","NA","NA","NA",4000,"","","4_Choiniere_RF","1.21.2020","second","Choiniere",15,"corynebac","yes2","","","","","","",2,"CF100","","","","","","","","no","","yes","NA","NA","NA","NA","NA",2000,"","","4_Choiniere_RF","2.17.2020","third","Choiniere",16,"corynebac","yes1","","","","","","",1,"CF156","","","","","","","","no","","yes","NA","NA","NA","NA","NA",3000,"","","4_Choiniere_RF","3.16.2020","fourth","Choiniere",34,"corynebac","yes2","","","","","","",2,"CF243","","","","","","","","no","","yes","NA","NA","NA","NA","NA",5000,"","","4_Choiniere_RF_fourth","no","no","no","no"
"40","40_Choiniere","RF","12.11.2019","first","Choiniere",6,"cns","other12","","","","","","",12,"CF016","","","","","","","","","","no","NA","NA","NA","NA","NA",14000,"","","40_Choiniere_RF","1.21.2020","second","Choiniere",7,"corynebac","yes2","","","","","","",2,"CF091","","","","","","","","no","","yes","NA","NA","NA","NA","NA",11000,"","","40_Choiniere_RF","2.17.2020","third","Choiniere",7,"","","","","","","","",6,"","","","","","","","","","","","NA","NA","NA","NA","NA",19000,"","","40_Choiniere_RF","3.16.2020","fourth","Choiniere",10,"","","","","","","","",4,"","","","","","","","","","","","NA","NA","NA","NA","NA",14000,"","","40_Choiniere_RF_fourth","no","no","no","no"
"41","40_Choiniere","RH","12.11.2019","first","Choiniere",6,"cns","yes27","corynebac","yes27","","","","",27,"CF015","CF080","","","","","","","yes","","yes","NA","NA","NA","NA","NA",253000,"","","40_Choiniere_RH","1.21.2020","second","Choiniere",7,"cns","yes2","","","","","","",2,"CF090","","","","","","","","no","","yes","NA","NA","NA","NA","NA",160000,"","","40_Choiniere_RH","2.17.2020","third","Choiniere",7,"cns","other12","","","","","","",12,"CF144","","","","","","","","","","no","NA","NA","NA","NA","NA",140000,"","","40_Choiniere_RH","3.16.2020","fourth","Choiniere",10,"cns","yes2","","","","","","",2,"CF204","","","","","","","","no","","yes","NA","NA","NA","NA","NA",83000,"","","40_Choiniere_RH_fourth","yes","no","no","no"
"42","41_Choiniere","RF","12.11.2019","first","Choiniere",11,"strep","yes27","corynebac","","","","","",27,"CF024","CF025","","","","","","","yes","","yes","NA","NA","NA","NA","NA",5000,"","","41_Choiniere_RF","1.21.2020","second","Choiniere",29,"","","","","","","","",3,"","","","","","","","","","","","NA","NA","NA","NA","NA",3000,"","","41_Choiniere_RF","2.17.2020","third","Choiniere",12,"","","","","","","","",5,"","","","","","","","","","","","NA","NA","NA","NA","NA",7000,"","","41_Choiniere_RF","3.16.2020","fourth","Choiniere",15,"","","","","","","","",3,"","","","","","","","","","","","NA","NA","NA","NA","NA",5000,"","","41_Choiniere_RF_fourth","no","no","no","no"
"43","41_Choiniere","RH","12.11.2019","first","Choiniere",11,"","","","","","","","",5,"","","","","","","","","","","","NA","NA","NA","NA","NA",7000,"","","41_Choiniere_RH","1.21.2020","second","Choiniere",29,"corynebac","yes2","","","","","","",1,"CF123","","","","","","","","no","","yes","NA","NA","NA","NA","NA",4000,"","","41_Choiniere_RH","2.17.2020","third","Choiniere",12,"","","","","","","","",4,"","","","","","","","","","","","NA","NA","NA","NA","NA",6000,"","","41_Choiniere_RH","3.16.2020","fourth","Choiniere",15,"","","","","","","","",3,"","","","","","","yes","","","","","NA","NA","NA","NA","NA",6000,"","","41_Choiniere_RH_fourth","no","no","no","no"
"44","42_Glennview","LH","1.14.2020","first","Glennview",27,"","","","","","","","",8,"","","","","","","","","","","","NA","NA","NA","NA","NA",1300000,"yes","","42_Glennview_LH","2.19.2020","second","Glennview",18,"corynebac","yes27","?","yes27","","","","",27,"GV071","GV072","","","","","","","yes","","yes","NA","NA","NA","NA","NA",4e+06,"","","42_Glennview_LH","3.19.2020","third","Glennview",10,"strep","yes2","","","","","","",2,"GV116","","","","","","","","no","","yes","NA","NA","NA","NA","NA",2300000,"","","42_Glennview_LH",NA,NA,NA,NA,NA,NA,NA,NA,NA,NA,NA,NA,NA,NA,NA,NA,NA,NA,NA,NA,NA,NA,NA,NA,NA,NA,NA,NA,NA,NA,NA,NA,"42_Glennview_LH_fourth","yes","yes","yes",NA
"45","43_Glennview","LF","1.14.2020","first","Glennview",28,"","","","","","","","",5,"","","","","","","","","","","","NA","NA","NA","NA","NA",95000,"","","43_Glennview_LF","2.19.2020","second","Glennview",24,"","","","","","","","",4,"","","","","","","","","","","","NA","NA","NA","NA","NA",39000,"","","43_Glennview_LF","3.19.2020","third","Glennview",25,"corynebac","yes2","","","","","","",2,"GV140","","","","","","","","no","","yes","NA","NA","NA","NA","NA",60000,"","","43_Glennview_LF",NA,NA,NA,NA,NA,NA,NA,NA,NA,NA,NA,NA,NA,NA,NA,NA,NA,NA,NA,NA,NA,NA,NA,NA,NA,NA,NA,NA,NA,NA,NA,NA,"43_Glennview_LF_fourth","no","no","no",NA
"46","52_Choiniere","RF",NA,NA,NA,NA,NA,NA,NA,NA,NA,NA,NA,NA,NA,NA,NA,NA,NA,NA,NA,NA,NA,NA,NA,NA,NA,NA,NA,NA,NA,NA,NA,NA,NA,"1.21.2020","second","Choiniere",5,"corynebac","yes2","","","","","","",2,"CF086","","","","","","","","no","","yes","NA","NA","NA","NA","NA",8000,"","","52_Choiniere_RF","2.17.2020","third","Choiniere",34,"","","","","","","","",4,"","","","","","","","","","","","NA","NA","NA","NA","NA",6000,"","","52_Choiniere_RF","3.16.2020","fourth","Choiniere",19,"","","","","","","","",3,"","","","","","","","","","","","NA","NA","NA","NA","NA",4000,"","","52_Choiniere_RF_fourth",NA,"no","no","no"
"47","54_Choiniere","RH",NA,NA,NA,NA,NA,NA,NA,NA,NA,NA,NA,NA,NA,NA,NA,NA,NA,NA,NA,NA,NA,NA,NA,NA,NA,NA,NA,NA,NA,NA,NA,NA,NA,"1.21.2020","second","Choiniere",6,"","","","","","","","",7,"","","","","","","","","","","","NA","NA","NA","NA","NA",18000,"","","54_Choiniere_RH","2.17.2020","third","Choiniere",25,"","","","","","","","",3,"","","","","","","","","","","","NA","NA","NA","NA","NA",2000,"","","54_Choiniere_RH","3.16.2020","fourth","Choiniere",13,"corynebac","yes1","","","","","","",1,"CF207","","","","","","","","no","","yes","NA","NA","NA","NA","NA",6000,"","","54_Choiniere_RH_fourth",NA,"no","no","no"
"48","56_Choiniere","LH","12.11.2019","first","Choiniere",26,"","","","","","","","",4,"","","","","","","","","","","","NA","NA","NA","NA","NA",6000,"","","56_Choiniere_LH","1.21.2020","second","Choiniere",34,"corynebac","yes1","","","","","","",1,"CF130","","","","","","","","no","","yes","NA","NA","NA","NA","NA",3000,"","","56_Choiniere_LH","2.17.2020","third","Choiniere",2,"","","","","","","","",3,"","","","","","","","","","","","NA","NA","NA","NA","NA",2000,"","","56_Choiniere_LH","3.16.2020","fourth","Choiniere",36,"","","","","","","","",3,"","","","","","","","yes","","","","NA","NA","NA","NA","NA",20000,"","","56_Choiniere_LH_fourth","no","no","no","no"
"49","57_Choiniere","LH","12.11.2019","first","Choiniere",8,"corynebac","no8","strep","no8","corynebac","no8","","",8,"CF018","CF134","CF135","","","","","","","","no","NA","NA","NA","NA","NA",8000,"yes","staph+strep -NSG?","57_Choiniere_LH","1.21.2020","second","Choiniere",4,"","","","","","","","",3,"","","","","","","","","","","","NA","NA","NA","NA","NA",30000,"","","57_Choiniere_LH","2.17.2020","third","Choiniere",21,"","","","","","","","",8,"","","","","","","","","","","","NA","NA","NA","NA","NA",20000,"yes","","57_Choiniere_LH","3.16.2020","fourth","Choiniere",5,"?","yes2","","","","","","",2,"CF193","","","","","","","","no","","yes","NA","NA","NA","NA","NA",18000,"","","57_Choiniere_LH_fourth","no","no","no","no"
"50","62_Choiniere","LH","12.11.2019","first","Choiniere",17,"corynebac","yes2","","","","","","",2,"CF033","","","","","","","","no","","yes","NA","NA","NA","NA","NA",6000,"","","62_Choiniere_LH",NA,NA,NA,NA,NA,NA,NA,NA,NA,NA,NA,NA,NA,NA,NA,NA,NA,NA,NA,NA,NA,NA,NA,NA,NA,NA,NA,NA,NA,NA,NA,NA,NA,NA,NA,NA,NA,NA,NA,NA,NA,NA,NA,NA,NA,NA,NA,NA,NA,NA,NA,NA,NA,NA,NA,NA,NA,NA,NA,NA,NA,NA,NA,NA,NA,NA,NA,NA,NA,NA,NA,NA,NA,NA,NA,NA,NA,NA,NA,NA,NA,NA,NA,NA,NA,NA,NA,NA,NA,NA,NA,NA,NA,NA,NA,NA,NA,NA,"62_Choiniere_LH_fourth","no",NA,NA,NA
"51","62_Choiniere","RF","12.11.2019","first","Choiniere",17,"corynebac","yes2","","","","","","",2,"CF036","","","","","","","","no","","yes","NA","NA","NA","NA","NA",5358000,"","","62_Choiniere_RF",NA,NA,NA,NA,NA,NA,NA,NA,NA,NA,NA,NA,NA,NA,NA,NA,NA,NA,NA,NA,NA,NA,NA,NA,NA,NA,NA,NA,NA,NA,NA,NA,NA,NA,NA,NA,NA,NA,NA,NA,NA,NA,NA,NA,NA,NA,NA,NA,NA,NA,NA,NA,NA,NA,NA,NA,NA,NA,NA,NA,NA,NA,NA,NA,NA,NA,NA,NA,NA,NA,NA,NA,NA,NA,NA,NA,NA,NA,NA,NA,NA,NA,NA,NA,NA,NA,NA,NA,NA,NA,NA,NA,NA,NA,NA,NA,NA,NA,"62_Choiniere_RF_fourth","yes",NA,NA,NA
"52","66_Choiniere","LH","12.11.2019","first","Choiniere",4,"","","","","","","","",5,"","","","","","","","","","","","NA","NA","NA","NA","NA",7000,"","","66_Choiniere_LH","1.21.2020","second","Choiniere",1,"","","","","","","","",15,"","","","","","","","","","","","NA","NA","NA","NA","NA",21000,"","","66_Choiniere_LH","2.17.2020","third","Choiniere",6,"","","","","","","","",5,"","","","","","","","","","","","NA","NA","NA","NA","NA",2000,"","","66_Choiniere_LH","3.16.2020","fourth","Choiniere",6,"corynebac","yes2","","","","","","",2,"CF194","","","","","","","","no","","yes","NA","NA","NA","NA","NA",25000,"","","66_Choiniere_LH_fourth","no","no","no","no"
"53","66_Choiniere","RF","12.11.2019","first","Choiniere",4,"","","","","","","","",5,"","","","","","","","","","","","NA","NA","NA","NA","NA",2000,"","","66_Choiniere_RF","1.21.2020","second","Choiniere",1,"","","","","","","","",15,"","","","","","","","","","","","NA","NA","NA","NA","NA",4000,"","","66_Choiniere_RF","2.17.2020","third","Choiniere",6,"","","","","","","","",5,"","","","","","","","","","","","NA","NA","NA","NA","NA",2000,"","","66_Choiniere_RF","3.16.2020","fourth","Choiniere",6,"?","yes27","corynebac","","","","","",27,"CF196","CF197","","","","","","","yes","","yes","NA","NA","NA","NA","NA",4000,"","","66_Choiniere_RF_fourth","no","no","no","no"
"54","664_BJ","RF","12.17.2019","first","BJ",32,"corynebac","yes2","","","","","","",2,"BJ025","","","","","","","","no","","yes","NA","NA","NA","NA","NA",5000,"","","664_BJ_RF","1.29.2020","second","BJ",32,"","","","","","","","",3,"","","","","","","","","","","","NA","NA","NA","NA","NA",15000,"","","664_BJ_RF","2.26.2020","third","BJ",29,"","","","","","","","",5,"","","","","","","","","","","","NA","NA","NA","NA","NA",2000,"","","664_BJ_RF",NA,NA,NA,NA,NA,NA,NA,NA,NA,NA,NA,NA,NA,NA,NA,NA,NA,NA,NA,NA,NA,NA,NA,NA,NA,NA,NA,NA,NA,NA,NA,NA,"664_BJ_RF_fourth","no","no","no",NA
"55","664_BJ","RH","12.17.2019","first","BJ",32,"corynebac","yes2","","","","","","",2,"BJ024","","","","","","","","no","","yes","NA","NA","NA","NA","NA",14000,"","","664_BJ_RH","1.29.2020","second","BJ",32,"","","","","","","","",3,"","","","","","","","","","","","NA","NA","NA","NA","NA",11000,"","","664_BJ_RH","2.26.2020","third","BJ",29,"","","","","","","","",3,"","","","","","","","","","","","NA","NA","NA","NA","NA",2000,"","","664_BJ_RH",NA,NA,NA,NA,NA,NA,NA,NA,NA,NA,NA,NA,NA,NA,NA,NA,NA,NA,NA,NA,NA,NA,NA,NA,NA,NA,NA,NA,NA,NA,NA,NA,"664_BJ_RH_fourth","no","no","no",NA
"56","670_BJ","RH","12.17.2019","first","BJ",9,"","","","","","","","",5,"","","","","","","","","","","","NA","NA","NA","NA","NA",16000,"","","670_BJ_RH","1.29.2020","second","BJ",10,"corynebac","yes2","","","","","","",2,"BJ039","","","","","","","","no","","yes","NA","NA","NA","NA","NA",37000,"","","670_BJ_RH","2.26.2020","third","BJ",10,"","","","","","","","",3,"","","","","","","","","","","","NA","NA","NA","NA","NA",27000,"","","670_BJ_RH",NA,NA,NA,NA,NA,NA,NA,NA,NA,NA,NA,NA,NA,NA,NA,NA,NA,NA,NA,NA,NA,NA,NA,NA,NA,NA,NA,NA,NA,NA,NA,NA,"670_BJ_RH_fourth","no","no","no",NA
"57","69_Choiniere","LF","12.11.2019","first","Choiniere",3,"","","","","","","","",5,"","","","","","","","","","","","NA","NA","NA","NA","NA",4000,"","","69_Choiniere_LF","1.21.2020","second","Choiniere",8,"","","","","","","","",3,"","","","","","","","","","","","NA","NA","NA","NA","NA",4000,"","","69_Choiniere_LF","2.17.2020","third","Choiniere",4,"","","","","","","","",6,"","","","","","","","","","","","NA","NA","NA","NA","NA",3000,"","","69_Choiniere_LF","3.16.2020","fourth","Choiniere",32,"corynebac","yes2","","","","","","",2,"CF237","","","","","","","","no","","yes","NA","NA","NA","NA","NA",6000,"","","69_Choiniere_LF_fourth","no","no","no","no"
"58","69_Choiniere","LH","12.11.2019","first","Choiniere",3,"cns","other12","","","","","","",12,"CF003","","","","","","","","","","no","NA","NA","NA","NA","NA",144000,"","","69_Choiniere_LH","1.21.2020","second","Choiniere",8,"cns","yes2","","","","","","",2,"CF092","","","","","","","","no","","yes","NA","NA","NA","NA","NA",110000,"","","69_Choiniere_LH","2.17.2020","third","Choiniere",4,"cns","yes2","","","","","","",2,"CF137","","","","","","","","no","","yes","NA","NA","NA","NA","NA",85000,"","","69_Choiniere_LH","3.16.2020","fourth","Choiniere",32,"corynebac","yes2","","","","","","",2,"CF236","","","","","","","","no","","yes","NA","NA","NA","NA","NA",94000,"","","69_Choiniere_LH_fourth","no","no","no","no"
"59","693_BJ","RH","12.17.2019","first","BJ",12,"","","","","","","","",10,"","","","","","","","","","","","NA","NA","NA","NA","NA",5000,"","","693_BJ_RH","1.29.2020","second","BJ",13,"","","","","","","","",3,"","","","","","","","","","","","NA","NA","NA","NA","NA",4000,"","","693_BJ_RH","2.26.2020","third","BJ",15,"strep","yes27","corynebac","yes27","","","","",27,"BJ067","BJ068","","","","","","","yes","","yes","NA","NA","NA","NA","NA",13000,"","","693_BJ_RH",NA,NA,NA,NA,NA,NA,NA,NA,NA,NA,NA,NA,NA,NA,NA,NA,NA,NA,NA,NA,NA,NA,NA,NA,NA,NA,NA,NA,NA,NA,NA,NA,"693_BJ_RH_fourth","no","no","no",NA
"60","70_Glennview","RH","1.14.2020","first","Glennview",25,"strep","other12","","","","","","",12,"GV037","","","","","","","","","","no","NA","NA","NA","NA","NA",160000,"","","70_Glennview_RH","2.19.2020","second","Glennview",33,"strep","yes2","","","","","","",2,"GV096","","","","","","","","no","","yes","NA","NA","NA","NA","NA",1200000,"","","70_Glennview_RH","3.19.2020","third","Glennview",28,"strep","other12","corynebac","other12","","","","",12,"GV151","GV152","","","","","","","","","no","NA","NA","NA","NA","NA",2800000,"","","70_Glennview_RH",NA,NA,NA,NA,NA,NA,NA,NA,NA,NA,NA,NA,NA,NA,NA,NA,NA,NA,NA,NA,NA,NA,NA,NA,NA,NA,NA,NA,NA,NA,NA,NA,"70_Glennview_RH_fourth","no","yes","yes",NA
"61","716_BJ","RF","12.17.2019","first","BJ",4,"","","","","","","","",3,"","","","","","","","","","","","NA","NA","NA","NA","NA",9000,"","","716_BJ_RF","1.29.2020","second","BJ",9,"corynebac","yes1","","","","","","",1,"BJ038","","","","","","","","no","","yes","NA","NA","NA","NA","NA",2000,"","","716_BJ_RF","2.26.2020","third","BJ",11,"","","","","","","","",3,"","","","","","","","","","","","NA","NA","NA","NA","NA",10000,"","","716_BJ_RF",NA,NA,NA,NA,NA,NA,NA,NA,NA,NA,NA,NA,NA,NA,NA,NA,NA,NA,NA,NA,NA,NA,NA,NA,NA,NA,NA,NA,NA,NA,NA,NA,"716_BJ_RF_fourth","no","no","no",NA
"62","722_BJ","LH","12.17.2019","first","BJ",29,"","","","","","","","",5,"","","","","","","","","","","","NA","NA","NA","NA","NA",5000,"","","722_BJ_LH","1.29.2020","second","BJ",29,"corynebac","yes2","","","","","","",2,"BJ048","","","","","","","","no","","yes","NA","NA","NA","NA","NA",26000,"","","722_BJ_LH","2.26.2020","third","BJ",28,"","","","","","","","",5,"","","","","","","","","","","","NA","NA","NA","NA","NA",9000,"","","722_BJ_LH",NA,NA,NA,NA,NA,NA,NA,NA,NA,NA,NA,NA,NA,NA,NA,NA,NA,NA,NA,NA,NA,NA,NA,NA,NA,NA,NA,NA,NA,NA,NA,NA,"722_BJ_LH_fourth","no","no","no",NA
"63","739_BJ","RH","12.17.2019","first","BJ",8,"","","","","","","","",10,"","","","","","","","","","","","NA","NA","NA","NA","NA",0,"","","739_BJ_RH","1.29.2020","second","BJ",11,"corynebac","yes1","","","","","","",1,"BJ041","","","","","","","","no","","yes","NA","NA","NA","NA","NA",13000,"","","739_BJ_RH","2.26.2020","third","BJ",14,"","","","","","","","",4,"","","","","","","","","","","","NA","NA","NA","NA","NA",4000,"","","739_BJ_RH",NA,NA,NA,NA,NA,NA,NA,NA,NA,NA,NA,NA,NA,NA,NA,NA,NA,NA,NA,NA,NA,NA,NA,NA,NA,NA,NA,NA,NA,NA,NA,NA,"739_BJ_RH_fourth","no","no","no",NA
"64","74_Choiniere","LF","12.11.2019","first","Choiniere",24,"sa","yes2","","","","","","",2,"CF046","","","","","","","","no","","yes","NA","NA","NA","NA","NA",304000,"","","74_Choiniere_LF","1.21.2020","second","Choiniere",30,"sa","other12","corynebac","other12","","","","",12,"CF124","CF125","","","","","","","","","no","NA","NA","NA","NA","NA",6e+05,"","","74_Choiniere_LF","2.17.2020","third","Choiniere",15,"sa","yes1","","","","","","",1,"CF154","","","","","","","","","","yes","NA","NA","NA","NA","NA",650000,"","","74_Choiniere_LF","3.16.2020","fourth","Choiniere",17,"sa","other4","","","","","","",4,"CF216","","","","","","","","no","","no","NA","NA","NA","NA","NA",1400000,"yes","cont and 5 sa- chose isolate","74_Choiniere_LF_fourth","yes","yes","yes","yes"
"65","74_Choiniere","RH","12.11.2019","first","Choiniere",24,"","","","","","","","",3,"","","","","","","","","","","","NA","NA","NA","NA","NA",21000,"","","74_Choiniere_RH","1.21.2020","second","Choiniere",30,"corynebac","yes2","","","","","","",2,"CF126","","","","","","","","no","","yes","NA","NA","NA","NA","NA",77000,"","","74_Choiniere_RH","2.17.2020","third","Choiniere",15,"corynebac","yes2","","","","","","",2,"CF155","","","","","","","","","","yes","NA","NA","NA","NA","NA",43000,"","","74_Choiniere_RH","3.16.2020","fourth","Choiniere",17,"corynebac","other12","","","","","","",12,"CF217","","","","","","","","no","","no","NA","NA","NA","NA","NA",37000,"","","74_Choiniere_RH_fourth","no","no","no","no"
"66","741_BJ","RH","12.17.2019","first","BJ",13,"","","","","","","","",4,"","","","","","","","","","","","NA","NA","NA","NA","NA",28000,"","","741_BJ_RH","1.29.2020","second","BJ",14,"","","","","","","","",3,"","","","","","","","","","","","NA","NA","NA","NA","NA",9000,"","","741_BJ_RH","2.26.2020","third","BJ",8,"corynebac","yes2","","","","","","",2,"BJ058","","","","","","","","no","","yes","NA","NA","NA","NA","NA",36000,"","","741_BJ_RH",NA,NA,NA,NA,NA,NA,NA,NA,NA,NA,NA,NA,NA,NA,NA,NA,NA,NA,NA,NA,NA,NA,NA,NA,NA,NA,NA,NA,NA,NA,NA,NA,"741_BJ_RH_fourth","no","no","no",NA
"67","755_BJ","LH","12.17.2019","first","BJ",31,"corynebac","yes2","","","","","","",2,"BJ020","","","","","","","","no","","yes","NA","NA","NA","NA","NA",8000,"","","755_BJ_LH","1.29.2020","second","BJ",33,"","","","","","","","",3,"","","","","","","","","","","","NA","NA","NA","NA","NA",20000,"","","755_BJ_LH","2.26.2020","third","BJ",32,"","","","","","","","",5,"","","","","","","","","","","","NA","NA","NA","NA","NA",6000,"","","755_BJ_LH",NA,NA,NA,NA,NA,NA,NA,NA,NA,NA,NA,NA,NA,NA,NA,NA,NA,NA,NA,NA,NA,NA,NA,NA,NA,NA,NA,NA,NA,NA,NA,NA,"755_BJ_LH_fourth","no","no","no",NA
"68","79_Glennview","LH","1.14.2020","first","Glennview",33,"","","","","","","","",5,"","","","","","","","","","","","NA","NA","NA","NA","NA",12000,"","","79_Glennview_LH","2.19.2020","second","Glennview",9,"","","","","","","","",3,"","","","","","","","","","","","NA","NA","NA","NA","NA",54000,"","","79_Glennview_LH","3.19.2020","third","Glennview",12,"corynebac","other12","","","","","","",12,"GV119","","","","","","","","no","","no","NA","NA","NA","NA","NA",8000,"","","79_Glennview_LH",NA,NA,NA,NA,NA,NA,NA,NA,NA,NA,NA,NA,NA,NA,NA,NA,NA,NA,NA,NA,NA,NA,NA,NA,NA,NA,NA,NA,NA,NA,NA,NA,"79_Glennview_LH_fourth","no","no","no",NA
"69","8_Choiniere","RF","12.11.2019","first","Choiniere",1,"corynebac","yes2","","","","","","",2,"CF001","","","","","","","","no","","yes","NA","NA","NA","NA","NA",21000,"","","8_Choiniere_RF","1.21.2020","second","Choiniere",32,"","","","","","","","",6,"","","","","","","","","","","","NA","NA","NA","NA","NA",54000,"","","8_Choiniere_RF","2.17.2020","third","Choiniere",23,"","","","","","","","",5,"","","","","","","","","","","","NA","NA","NA","NA","NA",85000,"","","8_Choiniere_RF","3.16.2020","fourth","Choiniere",27,"","","","","","","","",4,"","","","","","","","","","","","NA","NA","NA","NA","NA",92000,"","","8_Choiniere_RF_fourth","no","no","no","no"
"70","84_Glennview","LH","1.14.2020","first","Glennview",19,"","","","","","","","",8,"","","","","","","","","","","","NA","NA","NA","NA","NA",8000,"yes","","84_Glennview_LH","2.19.2020","second","Glennview",2,"","","","","","","","",3,"","","","","","","","","","","","NA","NA","NA","NA","NA",21000,"","","84_Glennview_LH","3.19.2020","third","Glennview",32,"corynebac","yes2","","","","","","",2,"GV155","","","","","","","","no","","yes","NA","NA","NA","NA","NA",8000,"","","84_Glennview_LH",NA,NA,NA,NA,NA,NA,NA,NA,NA,NA,NA,NA,NA,NA,NA,NA,NA,NA,NA,NA,NA,NA,NA,NA,NA,NA,NA,NA,NA,NA,NA,NA,"84_Glennview_LH_fourth","no","no","no",NA
"71","86_Choiniere","LF","12.11.2019","first","Choiniere",5,"corynebac","yes1","","","","","","",1,"CF009","","","","","","","","no","","yes","NA","NA","NA","NA","NA",499000,"","","86_Choiniere_LF","1.21.2020","second","Choiniere",10,"","","","","","","","",32,"","","","","","","","","","","","NA","NA","NA","NA","NA",4200000,"","","86_Choiniere_LF","2.17.2020","third","Choiniere",19,"","","","","","","","",4,"","","","","","","","","","","","NA","NA","NA","NA","NA",770000,"","","86_Choiniere_LF","3.16.2020","fourth","Choiniere",1,"corynebac","yes2","","","","","","",2,"CF185","","","","","","","","no","","yes","NA","NA","NA","NA","NA",1500000,"","","86_Choiniere_LF_fourth","yes","yes","yes","yes"
"72","86_Choiniere","LH","12.11.2019","first","Choiniere",5,"sa","yes24","strep","yes24","corynebac","yes24","","",24,"CF008","CF064","CF079","","","","","","yes","","yes","NA","NA","NA","NA","NA",460000,"","","86_Choiniere_LH","1.21.2020","second","Choiniere",10,"sa","yes24","corynebac","yes24","strep","yes24","","",24,"CF096","CF097","CF098","","","","","","yes","","yes","NA","NA","NA","NA","NA",2200000,"","","86_Choiniere_LH","2.17.2020","third","Choiniere",19,"sa","yes24","corynebac","yes24","strep","yes24","","",24,"CF160","CF161","CF162","","","","","","yes","","yes","NA","NA","NA","NA","NA",930000,"","","86_Choiniere_LH","3.16.2020","fourth","Choiniere",1,"strep","yes24","corynebac","yes24","sa","yes24","","",24,"CF182","CF183","CF184","","","","","","yes","","yes","NA","NA","NA","NA","NA",1e+06,"","","86_Choiniere_LH_fourth","yes","yes","yes","yes"
"73","86_Choiniere","RF","12.11.2019","first","Choiniere",5,"strep","yes29","","","","","","",29,"CF012","","","","","","","","no","","yes","NA","NA","NA","NA","NA",656000,"","","86_Choiniere_RF","1.21.2020","second","Choiniere",10,"strep","yes1","","","","","","",1,"CF099","","","","","","","","no","","yes","NA","NA","NA","NA","NA",5e+05,"","","86_Choiniere_RF","2.17.2020","third","Choiniere",19,"strep","yes27","strep","yes27","","","","",27,"CF163","CF164","","","","","","","yes","","yes","NA","NA","NA","NA","NA",710000,"","","86_Choiniere_RF","3.16.2020","fourth","Choiniere",1,"strep","yes27","corynebac","yes27","","","","",27,"CF188","CF189","","","","","","","","","yes","NA","NA","NA","NA","NA",8e+05,"","","86_Choiniere_RF_fourth","yes","yes","yes","yes"
"74","86_Choiniere","RH","12.11.2019","first","Choiniere",5,"strep","yes27","corynebac","yes27","","","","",27,"CF010","CF011","","","","","","","yes","","yes","NA","NA","NA","NA","NA",482000,"","","86_Choiniere_RH","1.21.2020","second","Choiniere",10,"","","","","","","","",8,"","","","","","","","","","","","NA","NA","NA","NA","NA",150000,"yes","","86_Choiniere_RH","2.17.2020","third","Choiniere",19,"strep","yes27","corynebac","yes27","","","","",27,"CF165","CF166","","","","","","","yes","","yes","NA","NA","NA","NA","NA",120000,"","","86_Choiniere_RH","3.16.2020","fourth","Choiniere",1,"strep","yes27","corynebac","yes27","","","","",27,"CF186","CF187","","","","","","","","","yes","NA","NA","NA","NA","NA",560000,"","","86_Choiniere_RH_fourth","yes","no","no","yes"
"75","93_Choiniere","LH","12.11.2019","first","Choiniere",32,"sa","yes2","","","","","","",2,"CF057","","","","","","","","no","","yes","NA","NA","NA","NA","NA",521000,"","","93_Choiniere_LH","1.21.2020","second","Choiniere",23,"sa","yes2","","","","","","",2,"CF113","","","","","","","","no","","yes","NA","NA","NA","NA","NA",1700000,"","","93_Choiniere_LH","2.17.2020","third","Choiniere",18,"corynebac","other12","","","","","","",12,"CF157","","","","","","","","","","no","NA","NA","NA","NA","NA",880000,"","","93_Choiniere_LH","3.16.2020","fourth","Choiniere",14,"sa","yes2","","","","","","",2,"CF208","","","","","","","","no","","yes","NA","NA","NA","NA","NA",270000,"","","93_Choiniere_LH_fourth","yes","yes","yes","yes"
"76","93_Glennview","LH","1.14.2020","first","Glennview",20,"","","","","","","","",6,"","","","","","","","","","","","NA","NA","NA","NA","NA",10000,"","","93_Glennview_LH","2.19.2020","second","Glennview",36,"","","","","","","","",3,"","","","","","","","","","","","NA","NA","NA","NA","NA",4000,"","","93_Glennview_LH","3.19.2020","third","Glennview",13,"corynebac","yes27","cns","yes27","","","","",27,"GV122","GV123","","","","","","","no","","yes","NA","NA","NA","NA","NA",26000,"","","93_Glennview_LH",NA,NA,NA,NA,NA,NA,NA,NA,NA,NA,NA,NA,NA,NA,NA,NA,NA,NA,NA,NA,NA,NA,NA,NA,NA,NA,NA,NA,NA,NA,NA,NA,"93_Glennview_LH_fourth","no","no","no",NA
"77","93_Glennview","RH","1.14.2020","first","Glennview",20,"corynebac","yes27","strep","yes27","","","","",27,"GV031","GV032","","","","","","","yes","","yes","NA","NA","NA","NA","NA",190000,"","","93_Glennview_RH","2.19.2020","second","Glennview",36,"strep","yes27","cns","yes27","","","","",27,"GV099","GV100","","","","","","","yes","","yes","NA","NA","NA","NA","NA",3900000,"","","93_Glennview_RH","3.19.2020","third","Glennview",13,"strep","yes27","corynebac","yes27","","","","",27,"GV125","GV126","","","","","","","no","","yes","NA","NA","NA","NA","NA",380000,"","","93_Glennview_RH",NA,NA,NA,NA,NA,NA,NA,NA,NA,NA,NA,NA,NA,NA,NA,NA,NA,NA,NA,NA,NA,NA,NA,NA,NA,NA,NA,NA,NA,NA,NA,NA,"93_Glennview_RH_fourth","no","yes","yes",NA
"78","97_Choiniere","RF","12.11.2019","first","Choiniere",27,"sa","yes2","","","","","","",2,"CF051","","","","","","","","no","","yes","NA","NA","NA","NA","NA",1866000,"","","97_Choiniere_RF","1.21.2020","second","Choiniere",24,"sa","yes2","","","","","","",2,"CF118","","","","","","","","no","","yes","NA","NA","NA","NA","NA",2e+06,"","","97_Choiniere_RF","2.17.2020","third","Choiniere",27,"strep","yes27","corynebac","yes27","","","","",27,"CF170","CF171","","","","","","","yes","","yes","NA","NA","NA","NA","NA",1900000,"","","97_Choiniere_RF","3.16.2020","fourth","Choiniere",33,"sa","yes2","","","","","","",2,"CF242","","","","","","","","no","","yes","NA","NA","NA","NA","NA",740000,"","","97_Choiniere_RF_fourth","yes","yes","yes","yes"
"79","abbi_StonyPond","RF","12.12.2019","first","StonyPond",23,"corynebac","yes2","","","","","","",2,"SP030","","","","","","","","no","","yes","NA","NA","NA","NA","NA",78000,"","","abbi_StonyPond_RF","1.10.2020","second","StonyPond",25,"strep","other12","cns","other12","","","","",12,"SP063","SP064","","","","","","","","","no","NA","NA","NA","NA","NA",120000,"yes","Coryne and strep","abbi_StonyPond_RF",NA,NA,NA,NA,NA,NA,NA,NA,NA,NA,NA,NA,NA,NA,NA,NA,NA,NA,NA,NA,NA,NA,NA,NA,NA,NA,NA,NA,NA,NA,NA,NA,NA,NA,NA,NA,NA,NA,NA,NA,NA,NA,NA,NA,NA,NA,NA,NA,NA,NA,NA,NA,NA,NA,NA,NA,NA,NA,NA,NA,NA,NA,NA,NA,NA,"abbi_StonyPond_RF_fourth","no","no",NA,NA
"80","abigail_vonTrapp","LF","1.6.2020","first","vonTrapp",19,"","","","","","","","",10,"","","","","","","","","","","","NA","NA","NA","NA","NA",62000,"","","abigail_vonTrapp_LF","2.12.2020","second","vonTrapp",15,"cns","yes2","","","","","","",2,"VT048","","","","","","","","no","","yes","NA","NA","NA","NA","NA",110000,"","","abigail_vonTrapp_LF","3.10.2020","third","vonTrapp",15,"cns","other26","corynebac","other26","","","","",26,"VT081","VT105","","","","","","","tbd","","yes","NA","NA","NA","NA","NA",2e+05,"","","abigail_vonTrapp_LF",NA,NA,NA,NA,NA,NA,NA,NA,NA,NA,NA,NA,NA,NA,NA,NA,NA,NA,NA,NA,NA,NA,NA,NA,NA,NA,NA,NA,NA,NA,NA,NA,"abigail_vonTrapp_LF_fourth","no","no","yes",NA
"81","abigail_vonTrapp","RH","1.6.2020","first","vonTrapp",19,"corynebac","other17","","","","","","",17,"VT018","","","","","","","","","","no","NA","NA","NA","NA","NA",10000,"","","abigail_vonTrapp_RH","2.12.2020","second","vonTrapp",15,"","","","","","","","",5,"","","","","","","","","","","","NA","NA","NA","NA","NA",24000,"","","abigail_vonTrapp_RH","3.10.2020","third","vonTrapp",15,"","","","","","","","",3,"","","","","","","","","","","","NA","NA","NA","NA","NA",36000,"","","abigail_vonTrapp_RH",NA,NA,NA,NA,NA,NA,NA,NA,NA,NA,NA,NA,NA,NA,NA,NA,NA,NA,NA,NA,NA,NA,NA,NA,NA,NA,NA,NA,NA,NA,NA,NA,"abigail_vonTrapp_RH_fourth","no","no","no",NA
"82","alexis_StonyPond","LH","12.12.2019","first","StonyPond",34,"","","","","","","","",7,"","","","","","","","","","","","NA","NA","NA","NA","NA",330000,"","","alexis_StonyPond_LH","1.10.2020","second","StonyPond",31,"cns","other8","corynebac","other8","gramneg.noncoli","other8","","",8,"SP069","SP068","SP067","","","","","","","","no","NA","NA","NA","NA","NA",8e+05,"","","alexis_StonyPond_LH",NA,NA,NA,NA,NA,NA,NA,NA,NA,NA,NA,NA,NA,NA,NA,NA,NA,NA,NA,NA,NA,NA,NA,NA,NA,NA,NA,NA,NA,NA,NA,NA,NA,NA,NA,NA,NA,NA,NA,NA,NA,NA,NA,NA,NA,NA,NA,NA,NA,NA,NA,NA,NA,NA,NA,NA,NA,NA,NA,NA,NA,NA,NA,NA,NA,"alexis_StonyPond_LH_fourth","yes","yes",NA,NA
"83","cb3_BJ","LH",NA,NA,NA,NA,NA,NA,NA,NA,NA,NA,NA,NA,NA,NA,NA,NA,NA,NA,NA,NA,NA,NA,NA,NA,NA,NA,NA,NA,NA,NA,NA,NA,NA,"1.29.2020","second","BJ",30,"corynebac","other12","","","","","","",12,"BJ049","","","","","","","","","","no","NA","NA","NA","NA","NA",14000,"","","cb3_BJ_LH","2.26.2020","third","BJ",31,"","","","","","","","",5,"","","","","","","","","","","","NA","NA","NA","NA","NA",12000,"","","cb3_BJ_LH",NA,NA,NA,NA,NA,NA,NA,NA,NA,NA,NA,NA,NA,NA,NA,NA,NA,NA,NA,NA,NA,NA,NA,NA,NA,NA,NA,NA,NA,NA,NA,NA,"cb3_BJ_LH_fourth",NA,"no","no",NA
"84","cb3_BJ","RF",NA,NA,NA,NA,NA,NA,NA,NA,NA,NA,NA,NA,NA,NA,NA,NA,NA,NA,NA,NA,NA,NA,NA,NA,NA,NA,NA,NA,NA,NA,NA,NA,NA,"1.29.2020","second","BJ",30,"corynebac","yes2","","","","","","",2,"BJ050","","","","","","","","","","yes","NA","NA","NA","NA","NA",6000,"","","cb3_BJ_RF","2.26.2020","third","BJ",31,"","","","","","","","",3,"","","","","","","","","","","","NA","NA","NA","NA","NA",5000,"","","cb3_BJ_RF",NA,NA,NA,NA,NA,NA,NA,NA,NA,NA,NA,NA,NA,NA,NA,NA,NA,NA,NA,NA,NA,NA,NA,NA,NA,NA,NA,NA,NA,NA,NA,NA,"cb3_BJ_RF_fourth",NA,"no","no",NA
"85","champne25_Paddlebridge","RH","1.17.2020","first","Paddlebridge",3,"","","","","","","","",3,"","","","","","","","","","","","NA","NA","NA","NA","NA",4000,"","","champne25_Paddlebridge_RH","2.21.2020","second","Paddlebridge",8,"","","","","","","","",5,"","","","","","","","","","","","NA","NA","NA","NA","NA",0,"","","champne25_Paddlebridge_RH","3.20.2020","third","Paddlebridge",3,"corynebac","yes2","","","","","","",2,"PB063","","","","","","","","no","","yes","NA","NA","NA","NA","NA",0,"","","champne25_Paddlebridge_RH",NA,NA,NA,NA,NA,NA,NA,NA,NA,NA,NA,NA,NA,NA,NA,NA,NA,NA,NA,NA,NA,NA,NA,NA,NA,NA,NA,NA,NA,NA,NA,NA,"champne25_Paddlebridge_RH_fourth","no","no","no",NA
"86","daisy_StonyPond","LF","12.12.2019","first","StonyPond",26,"","","","","","","","",4,"","","","","","","","","","","","NA","NA","NA","NA","NA",53000,"","","daisy_StonyPond_LF","1.10.2020","second","StonyPond",28,"cns","other22","corynebac","other22","","","","",22,"SP065","SP066","","","","","","","yes","","no","NA","NA","NA","NA","NA",170000,"","","daisy_StonyPond_LF",NA,NA,NA,NA,NA,NA,NA,NA,NA,NA,NA,NA,NA,NA,NA,NA,NA,NA,NA,NA,NA,NA,NA,NA,NA,NA,NA,NA,NA,NA,NA,NA,NA,NA,NA,NA,NA,NA,NA,NA,NA,NA,NA,NA,NA,NA,NA,NA,NA,NA,NA,NA,NA,NA,NA,NA,NA,NA,NA,NA,NA,NA,NA,NA,NA,"daisy_StonyPond_LF_fourth","no","no",NA,NA
"87","deedee_Swallowdale","LF","12.13.2019","first","Swallowdale",4,"","","","","","","","",3,"","","","","","","","","","","","NA","NA","NA","NA","NA",5000,"","","deedee_Swallowdale_LF","1.22.2020","second","Swallowdale",36,"","","","","","","","",3,"","","","","","","","","","","","NA","NA","NA","NA","NA",17000,"","","deedee_Swallowdale_LF","2.28.2020","third","Swallowdale",15,"corynebac","no17","","","","","","",17,"SW106","","","","","","","","","","no","NA","NA","NA","NA","NA",21000,"","","deedee_Swallowdale_LF",NA,NA,NA,NA,NA,NA,NA,NA,NA,NA,NA,NA,NA,NA,NA,NA,NA,NA,NA,NA,NA,NA,NA,NA,NA,NA,NA,NA,NA,NA,NA,NA,"deedee_Swallowdale_LF_fourth","no","no","no",NA
"88","gloria_vonTrapp","LH","1.6.2020","first","vonTrapp",2,"","","","","","","","",3,"","","","","","","","","","","","NA","NA","NA","NA","NA",0,"","","gloria_vonTrapp_LH","2.12.2020","second","vonTrapp",5,"","","","","","","","",3,"","","","","","","","","","","","NA","NA","NA","NA","NA",2000,"","","gloria_vonTrapp_LH","3.10.2020","third","vonTrapp",5,"cns","other22","corynebac","other22","","","","",22,"VT102","VT103","","","","","","","","","no","NA","NA","NA","NA","NA",6000,"","","gloria_vonTrapp_LH",NA,NA,NA,NA,NA,NA,NA,NA,NA,NA,NA,NA,NA,NA,NA,NA,NA,NA,NA,NA,NA,NA,NA,NA,NA,NA,NA,NA,NA,NA,NA,NA,"gloria_vonTrapp_LH_fourth","no","no","no",NA
"89","glorybe29_Paddlebridge","LH","1.17.2020","first","Paddlebridge",2,"","","","","","","","",5,"","","","","","","","","","","","NA","NA","NA","NA","NA",25000,"","","glorybe29_Paddlebridge_LH","2.21.2020","second","Paddlebridge",2,"","","","","","","","",3,"","","","","","","","","","","","NA","NA","NA","NA","NA",8000,"","","glorybe29_Paddlebridge_LH","3.20.2020","third","Paddlebridge",5,"corynebac","other12","cns","other12","","","","",12,"PB065","PB066","","","","","","","tbd","","no","NA","NA","NA","NA","NA",13000,"","","glorybe29_Paddlebridge_LH",NA,NA,NA,NA,NA,NA,NA,NA,NA,NA,NA,NA,NA,NA,NA,NA,NA,NA,NA,NA,NA,NA,NA,NA,NA,NA,NA,NA,NA,NA,NA,NA,"glorybe29_Paddlebridge_LH_fourth","no","no","no",NA
"90","iris_vonTrapp","RH","1.6.2020","first","vonTrapp",29,"","","","","","","","",7,"","","","","","","","","","","","NA","NA","NA","NA","NA",14000,"","","iris_vonTrapp_RH","2.12.2020","second","vonTrapp",32,"corynebac","yes2","","","","","","",2,"VT061","","","","","","","","no","","yes","NA","NA","NA","NA","NA",12000,"","","iris_vonTrapp_RH","3.10.2020","third","vonTrapp",22,"","","","","","","","",10,"","","","","","","","","","","","NA","NA","NA","NA","NA",7000,"","","iris_vonTrapp_RH",NA,NA,NA,NA,NA,NA,NA,NA,NA,NA,NA,NA,NA,NA,NA,NA,NA,NA,NA,NA,NA,NA,NA,NA,NA,NA,NA,NA,NA,NA,NA,NA,"iris_vonTrapp_RH_fourth","no","no","no",NA
"91","jazz_Swallowdale","LH","12.13.2019","first","Swallowdale",16,"","","","","","","","",3,"","","","","","","","","","","","NA","NA","NA","NA","NA",6000,"","","jazz_Swallowdale_LH","1.22.2020","second","Swallowdale",27,"corynebac","yes2","","","","","","",2,"SW079","","","","","","","","no","","yes","NA","NA","NA","NA","NA",1200000,"","","jazz_Swallowdale_LH","2.28.2020","third","Swallowdale",16,"corynebac","yes2","","","","","","",2,"SW107","","","","","","","","no","","yes","NA","NA","NA","NA","NA",2200000,"","","jazz_Swallowdale_LH",NA,NA,NA,NA,NA,NA,NA,NA,NA,NA,NA,NA,NA,NA,NA,NA,NA,NA,NA,NA,NA,NA,NA,NA,NA,NA,NA,NA,NA,NA,NA,NA,"jazz_Swallowdale_LH_fourth","no","yes","yes",NA
"92","jersey_OughtaBe","LH","1.3.2020","first","OughtaBe",15,"strep","yes27","corynebac","yes27","","","","",27,"OB020","OB021","","","","","","","yes","","yes","NA","NA","NA","NA","NA",130000,"","","jersey_OughtaBe_LH","2.14.2020","second","OughtaBe",16,"","","","","","","","",5,"","","","","","","","","","","","NA","NA","NA","NA","NA",9000,"","","jersey_OughtaBe_LH","3.12.2020","third","OughtaBe",8,"","","","","","","","",5,"","","","","","","","","","","","NA","NA","NA","NA","NA",3000,"","","jersey_OughtaBe_LH",NA,NA,NA,NA,NA,NA,NA,NA,NA,NA,NA,NA,NA,NA,NA,NA,NA,NA,NA,NA,NA,NA,NA,NA,NA,NA,NA,NA,NA,NA,NA,NA,"jersey_OughtaBe_LH_fourth","no","no","no",NA
"93","jersey_OughtaBe","RH","1.3.2020","first","OughtaBe",15,"","","","","","","","",5,"","","","","","","","","","","","NA","NA","NA","NA","NA",15000,"","","jersey_OughtaBe_RH","2.14.2020","second","OughtaBe",16,"strep","yes27","corynebac","yes27","","","","",27,"OB075","OB076","","","","","","","yes","","yes","NA","NA","NA","NA","NA",61000,"","","jersey_OughtaBe_RH","3.12.2020","third","OughtaBe",8,"strep","yes29","","","","","","",29,"OB122","","","","","","","","no","","yes","NA","NA","NA","NA","NA",5000,"","","jersey_OughtaBe_RH",NA,NA,NA,NA,NA,NA,NA,NA,NA,NA,NA,NA,NA,NA,NA,NA,NA,NA,NA,NA,NA,NA,NA,NA,NA,NA,NA,NA,NA,NA,NA,NA,"jersey_OughtaBe_RH_fourth","no","no","no",NA
"94","kooper_OughtaBe","RH",NA,NA,NA,NA,NA,NA,NA,NA,NA,NA,NA,NA,NA,NA,NA,NA,NA,NA,NA,NA,NA,NA,NA,NA,NA,NA,NA,NA,NA,NA,NA,NA,NA,NA,NA,NA,NA,NA,NA,NA,NA,NA,NA,NA,NA,NA,NA,NA,NA,NA,NA,NA,NA,NA,NA,NA,NA,NA,NA,NA,NA,NA,NA,NA,NA,NA,"3.12.2020","third","OughtaBe",17,"corynebac","no13","gramneg.noncoli","no13","gramneg.noncoli","no13","","",13,"OB137","OB138","OB139","","","","","","","","no","NA","NA","NA","NA","NA",30000,"","","kooper_OughtaBe_RH",NA,NA,NA,NA,NA,NA,NA,NA,NA,NA,NA,NA,NA,NA,NA,NA,NA,NA,NA,NA,NA,NA,NA,NA,NA,NA,NA,NA,NA,NA,NA,NA,"kooper_OughtaBe_RH_fourth",NA,NA,"no",NA
"95","lemon_OughtaBe","LH","1.3.2020","first","OughtaBe",17,"","","","","","","","",4,"","","","","","","","","","","","NA","NA","NA","NA","NA",38000,"","","lemon_OughtaBe_LH","2.14.2020","second","OughtaBe",19,"corynebac","yes2","","","","","","",2,"OB082","","","","","","","","no","","yes","NA","NA","NA","NA","NA",9000,"","","lemon_OughtaBe_LH","3.12.2020","third","OughtaBe",18,"","","","","","","","",5,"","","","","","","","","","","","NA","NA","NA","NA","NA",0,"","","lemon_OughtaBe_LH",NA,NA,NA,NA,NA,NA,NA,NA,NA,NA,NA,NA,NA,NA,NA,NA,NA,NA,NA,NA,NA,NA,NA,NA,NA,NA,NA,NA,NA,NA,NA,NA,"lemon_OughtaBe_LH_fourth","no","no","no",NA
"96","lemon_OughtaBe","RH","1.3.2020","first","OughtaBe",17,"","","","","","","","",6,"","","","","","","","","","","","NA","NA","NA","NA","NA",27000,"","","lemon_OughtaBe_RH","2.14.2020","second","OughtaBe",19,"corynebac","yes2","","","","","","",2,"OB083","","","","","","","","no","","yes","NA","NA","NA","NA","NA",10000,"","","lemon_OughtaBe_RH","3.12.2020","third","OughtaBe",18,"","","","","","","","",4,"","","","","","","","","","","","NA","NA","NA","NA","NA",0,"","","lemon_OughtaBe_RH",NA,NA,NA,NA,NA,NA,NA,NA,NA,NA,NA,NA,NA,NA,NA,NA,NA,NA,NA,NA,NA,NA,NA,NA,NA,NA,NA,NA,NA,NA,NA,NA,"lemon_OughtaBe_RH_fourth","no","no","no",NA
"97","love_Butterworks","LH","1.2.2020","first","Butterworks",20,"corynebac","yes2","","","","","","",2,"BW033","","","","","","","","","","yes","NA","NA","NA","NA","NA",4000,"","","love_Butterworks_LH","2.4.2020","second","Butterworks",23,"","","","","","","","",3,"","","","","","","","","","","","NA","NA","NA","NA","NA",0,"","","love_Butterworks_LH","3.3.2020","third","Butterworks",23,"","","","","","","","",3,"","","","","","","","","","","","NA","NA","NA","NA","NA",96000,"","","love_Butterworks_LH",NA,NA,NA,NA,NA,NA,NA,NA,NA,NA,NA,NA,NA,NA,NA,NA,NA,NA,NA,NA,NA,NA,NA,NA,NA,NA,NA,NA,NA,NA,NA,NA,"love_Butterworks_LH_fourth","no","no","no",NA
"98","love_Butterworks","RH","1.2.2020","first","Butterworks",20,"corynebac","other26","corynebac","other26","","","","",26,"BW034","BW068","","","","","","","","","no","NA","NA","NA","NA","NA",13000,"","","love_Butterworks_RH","2.4.2020","second","Butterworks",23,"","","","","","","","",4,"","","","","","","","","","","","NA","NA","NA","NA","NA",3000,"","","love_Butterworks_RH","3.3.2020","third","Butterworks",23,"","","","","","","","",3,"","","","","","","","","","","","NA","NA","NA","NA","NA",71000,"","","love_Butterworks_RH",NA,NA,NA,NA,NA,NA,NA,NA,NA,NA,NA,NA,NA,NA,NA,NA,NA,NA,NA,NA,NA,NA,NA,NA,NA,NA,NA,NA,NA,NA,NA,NA,"love_Butterworks_RH_fourth","no","no","no",NA
"99","mandolin_Butterworks","RH","1.2.2020","first","Butterworks",21,"corynebac","yes2","","","","","","",2,"BW037","","","","","","","","no","","yes","NA","NA","NA","NA","NA",29000,"","","mandolin_Butterworks_RH","2.4.2020","second","Butterworks",28,"","","","","","","","",3,"","","","","","","","","","","","NA","NA","NA","NA","NA",170000,"","","mandolin_Butterworks_RH",NA,NA,NA,NA,NA,NA,NA,NA,NA,NA,NA,NA,NA,NA,NA,NA,NA,NA,NA,NA,NA,NA,NA,NA,NA,NA,NA,NA,NA,NA,NA,NA,NA,NA,NA,NA,NA,NA,NA,NA,NA,NA,NA,NA,NA,NA,NA,NA,NA,NA,NA,NA,NA,NA,NA,NA,NA,NA,NA,NA,NA,NA,NA,NA,NA,"mandolin_Butterworks_RH_fourth","no","no",NA,NA
"100","marjoram_Butterworks","LF","1.2.2020","first","Butterworks",18,"cns","other12","corynebac","other12","","","","",12,"BW026","BW069","","","","","","","","","no","NA","NA","NA","NA","NA",34000,"yes","cns dominates","marjoram_Butterworks_LF","2.4.2020","second","Butterworks",18,"","","","","","","","",3,"","","","","","","","","","","","NA","NA","NA","NA","NA",24000,"","","marjoram_Butterworks_LF","3.3.2020","third","Butterworks",19,"","","","","","","","",3,"","","","","","","","","","","","NA","NA","NA","NA","NA",15000,"","","marjoram_Butterworks_LF",NA,NA,NA,NA,NA,NA,NA,NA,NA,NA,NA,NA,NA,NA,NA,NA,NA,NA,NA,NA,NA,NA,NA,NA,NA,NA,NA,NA,NA,NA,NA,NA,"marjoram_Butterworks_LF_fourth","no","no","no",NA
"101","matilda_vonTrapp","RF","1.6.2020","first","vonTrapp",7,"cns","yes2","","","","","","",2,"VT008","","","","","","","","no","","yes","NA","NA","NA","NA","NA",42000,"","","matilda_vonTrapp_RF","2.12.2020","second","vonTrapp",6,"corynebac","other26","cns","other26","","","","",26,"VT041","VT062","","","","","","","tbd","","yes","NA","NA","NA","NA","NA",43000,"","","matilda_vonTrapp_RF","3.10.2020","third","vonTrapp",7,"cns","yes2","","","","","","",2,"VT074","","","","","","","","no","","yes","NA","NA","NA","NA","NA",25000,"","","matilda_vonTrapp_RF",NA,NA,NA,NA,NA,NA,NA,NA,NA,NA,NA,NA,NA,NA,NA,NA,NA,NA,NA,NA,NA,NA,NA,NA,NA,NA,NA,NA,NA,NA,NA,NA,"matilda_vonTrapp_RF_fourth","no","no","no",NA
"102","muffin_Butterworks","LF","1.2.2020","first","Butterworks",4,"","","","","","","","",3,"","","","","","","","","","","","NA","NA","NA","NA","NA",11000,"","","muffin_Butterworks_LF","2.4.2020","second","Butterworks",3,"","","","","","","","",5,"","","","","","","","","","","","NA","NA","NA","NA","NA",11000,"","","muffin_Butterworks_LF","3.3.2020","third","Butterworks",2,"corynebac","yes2","","","","","","",2,"BW117","","","","","","","","no","","yes","NA","NA","NA","NA","NA",0,"","","muffin_Butterworks_LF",NA,NA,NA,NA,NA,NA,NA,NA,NA,NA,NA,NA,NA,NA,NA,NA,NA,NA,NA,NA,NA,NA,NA,NA,NA,NA,NA,NA,NA,NA,NA,NA,"muffin_Butterworks_LF_fourth","no","no","no",NA
"103","muffin_Butterworks","LH","1.2.2020","first","Butterworks",4,"cns","yes27","corynebac","yes27","","","","",27,"BW003","BW004","","","","","","","yes","","yes","NA","NA","NA","NA","NA",250000,"","","muffin_Butterworks_LH","2.4.2020","second","Butterworks",3,"cns","yes2","","","","","","",2,"BW072","","","","","","","","no","","yes","NA","NA","NA","NA","NA",4e+05,"","","muffin_Butterworks_LH","3.3.2020","third","Butterworks",2,"cns","yes2","","","","","","",2,"BW116","","","","","","","","no","","yes","NA","NA","NA","NA","NA",0,"","","muffin_Butterworks_LH",NA,NA,NA,NA,NA,NA,NA,NA,NA,NA,NA,NA,NA,NA,NA,NA,NA,NA,NA,NA,NA,NA,NA,NA,NA,NA,NA,NA,NA,NA,NA,NA,"muffin_Butterworks_LH_fourth","yes","yes","no",NA
"104","mustard_Butterworks","LH","1.2.2020","first","Butterworks",16,"strep","yes27","corynebac","yes27","","","","",27,"BW017","BW018","","","","","","","yes","","yes","NA","NA","NA","NA","NA",12000,"","","mustard_Butterworks_LH","2.4.2020","second","Butterworks",15,"","","","","","","","",3,"","","","","","","","","","","","NA","NA","NA","NA","NA",15000,"","","mustard_Butterworks_LH","3.3.2020","third","Butterworks",15,"","","","","","","","",3,"","","","","","","","","","","","NA","NA","NA","NA","NA",2000,"","","mustard_Butterworks_LH",NA,NA,NA,NA,NA,NA,NA,NA,NA,NA,NA,NA,NA,NA,NA,NA,NA,NA,NA,NA,NA,NA,NA,NA,NA,NA,NA,NA,NA,NA,NA,NA,"mustard_Butterworks_LH_fourth","no","no","no",NA
"105","nazareth_Butterworks","RH","1.2.2020","first","Butterworks",17,"corynebac","yes2","","","","","","",2,"BW023","","","","","","","","no","","yes","NA","NA","NA","NA","NA",21000,"","","nazareth_Butterworks_RH","2.4.2020","second","Butterworks",19,"","","","","","","","",5,"","","","","","","","","","","","NA","NA","NA","NA","NA",95000,"","","nazareth_Butterworks_RH","3.3.2020","third","Butterworks",17,"","","","","","","","",3,"","","","","","","","","","","","NA","NA","NA","NA","NA",79000,"","","nazareth_Butterworks_RH",NA,NA,NA,NA,NA,NA,NA,NA,NA,NA,NA,NA,NA,NA,NA,NA,NA,NA,NA,NA,NA,NA,NA,NA,NA,NA,NA,NA,NA,NA,NA,NA,"nazareth_Butterworks_RH_fourth","no","no","no",NA
"106","nona_Butterworks","LF","1.2.2020","first","Butterworks",15,"corynebac","other12","","","","","","",12,"BW016","","","","","","","","","","no","NA","NA","NA","NA","NA",52000,"yes","","nona_Butterworks_LF","2.4.2020","second","Butterworks",17,"","","","","","","","",3,"","","","","","","","","","","","NA","NA","NA","NA","NA",24000,"","","nona_Butterworks_LF","3.3.2020","third","Butterworks",18,"","","","","","","","",3,"","","","","","","","","","","","NA","NA","NA","NA","NA",26000,"","","nona_Butterworks_LF",NA,NA,NA,NA,NA,NA,NA,NA,NA,NA,NA,NA,NA,NA,NA,NA,NA,NA,NA,NA,NA,NA,NA,NA,NA,NA,NA,NA,NA,NA,NA,NA,"nona_Butterworks_LF_fourth","no","no","no",NA
"107","penny_OughtaBe","RF","1.3.2020","first","OughtaBe",29,"corynebac","yes2","","","","","","",2,"OB039","","","","","","","","no","","yes","NA","NA","NA","NA","NA",2000,"","","penny_OughtaBe_RF","2.14.2020","second","OughtaBe",32,"","","","","","","","",3,"","","","","","","","","","","","NA","NA","NA","NA","NA",2000,"","","penny_OughtaBe_RF","3.12.2020","third","OughtaBe",32,"","","","","","","","",3,"","","","","","","","","","","","NA","NA","NA","NA","NA",0,"","","penny_OughtaBe_RF",NA,NA,NA,NA,NA,NA,NA,NA,NA,NA,NA,NA,NA,NA,NA,NA,NA,NA,NA,NA,NA,NA,NA,NA,NA,NA,NA,NA,NA,NA,NA,NA,"penny_OughtaBe_RF_fourth","no","no","no",NA
"108","peonie_OughtaBe","RH","1.3.2020","first","OughtaBe",14,"corynebac","yes27","strep","yes27","","","","",27,"OB016","OB017","","","","","","","yes","","yes","NA","NA","NA","NA","NA",8000,"","","peonie_OughtaBe_RH","2.14.2020","second","OughtaBe",15,"corynebac","other12","","","","","","",12,"OB072","","","","","","","","","","no","NA","NA","NA","NA","NA",9000,"","","peonie_OughtaBe_RH","3.12.2020","third","OughtaBe",14,"cns","yes2","","","","","","",2,"OB131","","","","","","","","no","","yes","NA","NA","NA","NA","NA",4000,"","","peonie_OughtaBe_RH",NA,NA,NA,NA,NA,NA,NA,NA,NA,NA,NA,NA,NA,NA,NA,NA,NA,NA,NA,NA,NA,NA,NA,NA,NA,NA,NA,NA,NA,NA,NA,NA,"peonie_OughtaBe_RH_fourth","no","no","no",NA
"109","plantain_Butterworks","RF","1.2.2020","first","Butterworks",33,"strep","yes27","corynebac","yes27","","","","",27,"BW065","BW066","","","","","","","yes","","yes","NA","NA","NA","NA","NA",930000,"","","plantain_Butterworks_RF",NA,NA,NA,NA,NA,NA,NA,NA,NA,NA,NA,NA,NA,NA,NA,NA,NA,NA,NA,NA,NA,NA,NA,NA,NA,NA,NA,NA,NA,NA,NA,NA,NA,NA,NA,NA,NA,NA,NA,NA,NA,NA,NA,NA,NA,NA,NA,NA,NA,NA,NA,NA,NA,NA,NA,NA,NA,NA,NA,NA,NA,NA,NA,NA,NA,NA,NA,NA,NA,NA,NA,NA,NA,NA,NA,NA,NA,NA,NA,NA,NA,NA,NA,NA,NA,NA,NA,NA,NA,NA,NA,NA,NA,NA,NA,NA,NA,NA,"plantain_Butterworks_RF_fourth","yes",NA,NA,NA
"110","pomme_Butterworks","LF","1.2.2020","first","Butterworks",6,"cns","other12","corynebac","other12","","","","",12,"BW006","BW009","","","","","","","","","no","NA","NA","NA","NA","NA",61000,"","","pomme_Butterworks_LF","2.4.2020","second","Butterworks",5,"cns","yes1","","","","","","",1,"BW074","","","","","","","","no","","yes","NA","NA","NA","NA","NA",40000,"","","pomme_Butterworks_LF","3.3.2020","third","Butterworks",4,"cns","yes2","","","","","","",2,"BW120","","","","","","","","no","","yes","NA","NA","NA","NA","NA",9000,"","","pomme_Butterworks_LF",NA,NA,NA,NA,NA,NA,NA,NA,NA,NA,NA,NA,NA,NA,NA,NA,NA,NA,NA,NA,NA,NA,NA,NA,NA,NA,NA,NA,NA,NA,NA,NA,"pomme_Butterworks_LF_fourth","no","no","no",NA
"111","saige313_Paddlebridge","LH","1.17.2020","first","Paddlebridge",27,"cns","no5","","","","","","",5,"PB018","","","","","","","","","","no","NA","NA","NA","NA","NA",3000,"","","saige313_Paddlebridge_LH","2.21.2020","second","Paddlebridge",33,"","","","","","","","",3,"","","","","","","","","","","","NA","NA","NA","NA","NA",6000,"","","saige313_Paddlebridge_LH","3.20.2020","third","Paddlebridge",33,"corynebac","yes2","","","","","","",2,"PB097","","","","","","","","no","","yes","NA","NA","NA","NA","NA",28000,"","","saige313_Paddlebridge_LH",NA,NA,NA,NA,NA,NA,NA,NA,NA,NA,NA,NA,NA,NA,NA,NA,NA,NA,NA,NA,NA,NA,NA,NA,NA,NA,NA,NA,NA,NA,NA,NA,"saige313_Paddlebridge_LH_fourth","no","no","no",NA
"112","sapphire338_Paddlebridge","LF","1.17.2020","first","Paddlebridge",28,"","","","","","","","",6,"","","","","","","","","","","","NA","NA","NA","NA","NA",5000,"","","sapphire338_Paddlebridge_LF","2.21.2020","second","Paddlebridge",24,"corynebac","yes2","","","","","","",2,"PB046","","","","","","","","no","","yes","NA","NA","NA","NA","NA",3000,"","","sapphire338_Paddlebridge_LF","3.20.2020","third","Paddlebridge",21,"","","","","","","","",13,"","","","","","","","","","","","NA","NA","NA","NA","NA",58000,"","","sapphire338_Paddlebridge_LF",NA,NA,NA,NA,NA,NA,NA,NA,NA,NA,NA,NA,NA,NA,NA,NA,NA,NA,NA,NA,NA,NA,NA,NA,NA,NA,NA,NA,NA,NA,NA,NA,"sapphire338_Paddlebridge_LF_fourth","no","no","no",NA
"113","shania291_Paddlebridge","LH","1.17.2020","first","Paddlebridge",23,"","","","","","","","",3,"","","","","","","","","","","","NA","NA","NA","NA","NA",48000,"","","shania291_Paddlebridge_LH","2.21.2020","second","Paddlebridge",25,"?","yes27","corynebac","yes27","","","","",27,"PB048","PB049","","","","","","","yes","","yes","NA","NA","NA","NA","NA",17000,"","","shania291_Paddlebridge_LH","3.20.2020","third","Paddlebridge",26,"","","","","","","","",5,"","","","","","","","","","","","NA","NA","NA","NA","NA",20000,"","","shania291_Paddlebridge_LH",NA,NA,NA,NA,NA,NA,NA,NA,NA,NA,NA,NA,NA,NA,NA,NA,NA,NA,NA,NA,NA,NA,NA,NA,NA,NA,NA,NA,NA,NA,NA,NA,"shania291_Paddlebridge_LH_fourth","no","no","no",NA
"114","sondra_Swallowdale","RF","12.13.2019","first","Swallowdale",17,"","","","","","","","",7,"","","","","","","","","","","","NA","NA","NA","NA","NA",47000,"","","sondra_Swallowdale_RF","1.22.2020","second","Swallowdale",28,"","","","","","","","",5,"","","","","","","","","","","","NA","NA","NA","NA","NA",170000,"","","sondra_Swallowdale_RF","2.28.2020","third","Swallowdale",20,"cns","yes27","corynebac","yes27","","","","",27,"SW113","SW114","","","","","","","yes","","yes","NA","NA","NA","NA","NA",94000,"","","sondra_Swallowdale_RF",NA,NA,NA,NA,NA,NA,NA,NA,NA,NA,NA,NA,NA,NA,NA,NA,NA,NA,NA,NA,NA,NA,NA,NA,NA,NA,NA,NA,NA,NA,NA,NA,"sondra_Swallowdale_RF_fourth","no","no","no",NA
"115","sondra_Swallowdale","RH","12.13.2019","first","Swallowdale",17,"","","","","","","","",8,"","","","","","","","","","","","NA","NA","NA","NA","NA",26000,"yes","","sondra_Swallowdale_RH","1.22.2020","second","Swallowdale",28,"","","","","","","","",4,"","","","","","","","","","","","NA","NA","NA","NA","NA",8000,"","","sondra_Swallowdale_RH","2.28.2020","third","Swallowdale",20,"strep","yes29","corynebac","other29","","","","",29,"SW111","SW112","","","","","","","no","","yes","NA","NA","NA","NA","NA",7000,"","","sondra_Swallowdale_RH",NA,NA,NA,NA,NA,NA,NA,NA,NA,NA,NA,NA,NA,NA,NA,NA,NA,NA,NA,NA,NA,NA,NA,NA,NA,NA,NA,NA,NA,NA,NA,NA,"sondra_Swallowdale_RH_fourth","no","no","no",NA
"116","spice_OughtaBe","RF","1.3.2020","first","OughtaBe",23,"","","","","","","","",3,"","","","","","","","","","","","NA","NA","NA","NA","NA",24000,"","","spice_OughtaBe_RF","2.14.2020","second","OughtaBe",21,"","","","","","","","",3,"","","","","","","","","","","","NA","NA","NA","NA","NA",33000,"","","spice_OughtaBe_RF","3.12.2020","third","OughtaBe",21,"corynebac","yes2","","","","","","",2,"OB147","","","","","","","","no","","yes","NA","NA","NA","NA","NA",3000,"","","spice_OughtaBe_RF",NA,NA,NA,NA,NA,NA,NA,NA,NA,NA,NA,NA,NA,NA,NA,NA,NA,NA,NA,NA,NA,NA,NA,NA,NA,NA,NA,NA,NA,NA,NA,NA,"spice_OughtaBe_RF_fourth","no","no","no",NA
"117","spice_OughtaBe","RH","1.3.2020","first","OughtaBe",23,"","","","","","","","",5,"","","","","","","","","","","","NA","NA","NA","NA","NA",43000,"","","spice_OughtaBe_RH","2.14.2020","second","OughtaBe",21,"","","","","","","","",3,"","","","","","","","","","","","NA","NA","NA","NA","NA",66000,"","","spice_OughtaBe_RH","3.12.2020","third","OughtaBe",21,"corynebac","yes2","","","","","","",2,"OB146","","","","","","","","no","","yes","NA","NA","NA","NA","NA",12000,"","","spice_OughtaBe_RH",NA,NA,NA,NA,NA,NA,NA,NA,NA,NA,NA,NA,NA,NA,NA,NA,NA,NA,NA,NA,NA,NA,NA,NA,NA,NA,NA,NA,NA,NA,NA,NA,"spice_OughtaBe_RH_fourth","no","no","no",NA
"118","strawberry_Butterworks","LH","1.2.2020","first","Butterworks",2,"corynebac","yes27","cns","yes27","","","","",27,"BW001","BW002","","","","","","","yes","","yes","NA","NA","NA","NA","NA",7000,"","","strawberry_Butterworks_LH","2.4.2020","second","Butterworks",2,"","","","","","","","",3,"","","","","","","","","","","","NA","NA","NA","NA","NA",13000,"","","strawberry_Butterworks_LH","3.3.2020","third","Butterworks",3,"","","","","","","","",5,"","","","","","","","","","","","NA","NA","NA","NA","NA",0,"","","strawberry_Butterworks_LH",NA,NA,NA,NA,NA,NA,NA,NA,NA,NA,NA,NA,NA,NA,NA,NA,NA,NA,NA,NA,NA,NA,NA,NA,NA,NA,NA,NA,NA,NA,NA,NA,"strawberry_Butterworks_LH_fourth","no","no","no",NA
"119","teach_OughtaBe","LF","1.3.2020","first","OughtaBe",5,"","","","","","","","",7,"","","","","","","","","","","","NA","NA","NA","NA","NA",4000,"","","teach_OughtaBe_LF","2.14.2020","second","OughtaBe",4,"corynebac","yes2","","","","","","",2,"OB060","","","","","","","","no","","yes","NA","NA","NA","NA","NA",6000,"","","teach_OughtaBe_LF","3.12.2020","third","OughtaBe",3,"","","","","","","","",3,"","","","","","","","","","","","NA","NA","NA","NA","NA",0,"","","teach_OughtaBe_LF",NA,NA,NA,NA,NA,NA,NA,NA,NA,NA,NA,NA,NA,NA,NA,NA,NA,NA,NA,NA,NA,NA,NA,NA,NA,NA,NA,NA,NA,NA,NA,NA,"teach_OughtaBe_LF_fourth","no","no","no",NA
"120","vera_vonTrapp","RF",NA,NA,NA,NA,NA,NA,NA,NA,NA,NA,NA,NA,NA,NA,NA,NA,NA,NA,NA,NA,NA,NA,NA,NA,NA,NA,NA,NA,NA,NA,NA,NA,NA,NA,NA,NA,NA,NA,NA,NA,NA,NA,NA,NA,NA,NA,NA,NA,NA,NA,NA,NA,NA,NA,NA,NA,NA,NA,NA,NA,NA,NA,NA,NA,NA,NA,"3.10.2020","third","vonTrapp",1,"corynebac","yes2","","","","","","",2,"VT064","","","","","","","","no","","yes","NA","NA","NA","NA","NA",10000,"","","vera_vonTrapp_RF",NA,NA,NA,NA,NA,NA,NA,NA,NA,NA,NA,NA,NA,NA,NA,NA,NA,NA,NA,NA,NA,NA,NA,NA,NA,NA,NA,NA,NA,NA,NA,NA,"vera_vonTrapp_RF_fourth",NA,NA,"no",NA
"121","vicki_vonTrapp","RF","1.6.2020","first","vonTrapp",13,"corynebac","other12","","","","","","",12,"VT014","","","","","","","","","","no","NA","NA","NA","NA","NA",5000,"","","vicki_vonTrapp_RF","2.12.2020","second","vonTrapp",12,"","","","","","","","",10,"","","","","","","","","","","","NA","NA","NA","NA","NA",13000,"","","vicki_vonTrapp_RF","3.10.2020","third","vonTrapp",9,"bacillus","yes27","cns","yes27","","","","",27,"VT075","VT104","","","","","","","yes","","yes","NA","NA","NA","NA","NA",11000,"","","vicki_vonTrapp_RF",NA,NA,NA,NA,NA,NA,NA,NA,NA,NA,NA,NA,NA,NA,NA,NA,NA,NA,NA,NA,NA,NA,NA,NA,NA,NA,NA,NA,NA,NA,NA,NA,"vicki_vonTrapp_RF_fourth","no","no","no",NA
"122","wmca_Lynd","RF","12.19.2019","first","Lynd",25,"","","","","","","","",22,"","","","","","","","","","","","NA","NA","NA","NA","NA",7000,"","","wmca_Lynd_RF","1.30.2020","second","Lynd",15,"","","","","","","","",3,"","","","","","","","","","","","NA","NA","NA","NA","NA",16000,"","","wmca_Lynd_RF","3.5.2020","third","Lynd",2,"corynebac","yes2","","","","","","",2,"LF091","","","","","","","","no","","yes","NA","NA","NA","NA","NA",38000,"","","wmca_Lynd_RF",NA,NA,NA,NA,NA,NA,NA,NA,NA,NA,NA,NA,NA,NA,NA,NA,NA,NA,NA,NA,NA,NA,NA,NA,NA,NA,NA,NA,NA,NA,NA,NA,"wmca_Lynd_RF_fourth","no","no","no",NA
"123","zag_StonyPond","LH","12.12.2019","first","StonyPond",2,"corynebac","yes2","","","","","","",2,"SP001","","","","","","","","no","","yes","NA","NA","NA","NA","NA",10000,"","","zag_StonyPond_LH",NA,NA,NA,NA,NA,NA,NA,NA,NA,NA,NA,NA,NA,NA,NA,NA,NA,NA,NA,NA,NA,NA,NA,NA,NA,NA,NA,NA,NA,NA,NA,NA,NA,NA,NA,NA,NA,NA,NA,NA,NA,NA,NA,NA,NA,NA,NA,NA,NA,NA,NA,NA,NA,NA,NA,NA,NA,NA,NA,NA,NA,NA,NA,NA,NA,NA,NA,NA,NA,NA,NA,NA,NA,NA,NA,NA,NA,NA,NA,NA,NA,NA,NA,NA,NA,NA,NA,NA,NA,NA,NA,NA,NA,NA,NA,NA,NA,NA,"zag_StonyPond_LH_fourth","no",NA,NA,NA
