date,visit,farm,order,cow_id,quarter,path_1,path1_IMI,path_2,path2_IMI,path_3,path3_IMI,path_4,path4_IMI,quarter_code,isolate_1,isolate_2,isolate_3,isolate_4,clinical,blind,teatinj,pstmilking,mixed_inf_series,dup_not_collected,IMI_series,hygiene_1,hygiene_2,cc_1,cc_2,cc_3,scc,previous visit SCC,following visit SCC,previous test cow-level SCC,following test cow-level SCC,contam,contam_comment,uniqueID
1.2.2020,first,Butterworks,2,strawberry,LH,corynebac,yes27,cns,yes27,,,,,27,BW001,BW002,,,,,,,yes,,yes,NA,NA,NA,NA,NA,7000,,,,,,,strawberry_LH_first
1.2.2020,first,Butterworks,4,muffin,LH,cns,yes27,corynebac,yes27,,,,,27,BW003,BW004,,,,,,,yes,,yes,NA,NA,NA,NA,NA,250000,,,,,,,muffin_LH_first
1.2.2020,first,Butterworks,4,muffin,RH,cns,yes2,,,,,,,2,BW005,,,,,,,,no,,yes,NA,NA,NA,NA,NA,350000,,,,,,,muffin_RH_first
1.2.2020,first,Butterworks,6,pomme,RH,strep,yes27,cns,yes27,,,,,27,BW007,BW008,,,,,,,yes,,yes,NA,NA,NA,NA,NA,54000,,,,,,,pomme_RH_first
1.2.2020,first,Butterworks,8,wildcucumber,LH,cns,yes2,,,,,,,2,BW010,,,,,,,,no,,yes,NA,NA,NA,NA,NA,19000,,,,,,,wildcucumber_LH_first
1.2.2020,first,Butterworks,11,nebula,RH,cns,yes2,,,,,,,2,BW011,,,,,,,,no,,yes,NA,NA,NA,NA,NA,290000,,,,,,,nebula_RH_first
1.2.2020,first,Butterworks,12,snowball,RH,cns,yes2,,,,,,,2,BW012,,,,,,,,no,,yes,NA,NA,NA,NA,NA,5.00E+05,,,,,,,snowball_RH_first
1.2.2020,first,Butterworks,12,snowball,RF,cns,yes2,,,,,,,2,BW013,,,,,,,,no,,yes,NA,NA,NA,NA,NA,160000,,,,,,,snowball_RF_first
1.2.2020,first,Butterworks,13,rhubarb,RF,cns,yes2,,,,,,,2,BW014,,,,,,,,no,,yes,NA,NA,NA,NA,NA,73000,,,,,,,rhubarb_RF_first
1.2.2020,first,Butterworks,14,hawthorn,RH,cns,yes2,,,,,,,2,BW015,,,,,,,,no,,yes,NA,NA,NA,NA,NA,99000,,,,,,,hawthorn_RH_first
1.2.2020,first,Butterworks,17,nazareth,LF,cns,yes2,,,,,,,2,BW022,,,,,,,,no,,yes,NA,NA,NA,NA,NA,55000,,,,,,,nazareth_LF_first
1.2.2020,first,Butterworks,17,nazareth,RF,cns,yes2,,,,,,,2,BW024,,,,,,,,no,,yes,NA,NA,NA,NA,NA,260000,,,,,,,nazareth_RF_first
1.2.2020,first,Butterworks,18,marjoram,RH,cns,yes2,,,,,,,2,BW027,,,,,,,,no,,yes,NA,NA,NA,NA,NA,130000,,,,,,,marjoram_RH_first
1.2.2020,first,Butterworks,19,manzana,LH,cns,yes2,,,,,,,2,BW029,,,,,,,,no,,yes,NA,NA,NA,NA,NA,210000,,,,,,,manzana_LH_first
1.2.2020,first,Butterworks,19,manzana,RH,cns,yes2,,,,,,,2,BW031,,,,,,,,no,,yes,NA,NA,NA,NA,NA,61000,,,,,,,manzana_RH_first
1.2.2020,first,Butterworks,19,manzana,RF,cns,yes2,,,,,,,2,BW032,,,,,,,,no,,yes,NA,NA,NA,NA,NA,43000,,,,,,,manzana_RF_first
1.2.2020,first,Butterworks,20,love,RF,cns,yes2,,,,,,,2,BW035,,,,,,,,,,yes,NA,NA,NA,NA,NA,3000,,,,,,,love_RF_first
1.2.2020,first,Butterworks,21,mandolin,LH,cns,yes2,,,,,,,2,BW036,,,,,,,,,,yes,NA,NA,NA,NA,NA,240000,,,,,,,mandolin_LH_first
1.2.2020,first,Butterworks,22,avocado,LF,cns,yes2,,,,,,,2,BW038,,,,,,,,no,,yes,NA,NA,NA,NA,NA,61000,,,,,,,avocado_LF_first
1.2.2020,first,Butterworks,22,avocado,RH,cns,yes2,,,,,,,2,BW039,,,,,,,,no,,yes,NA,NA,NA,NA,NA,78000,,,,,,,avocado_RH_first
1.2.2020,first,Butterworks,23,jolene,LF,strep,yes1,cns,no5,,,,,1,BW041,BW042,,,,,,,no,,yes,NA,NA,NA,NA,NA,44000,,,,,,,jolene_LF_first
1.2.2020,first,Butterworks,23,jolene,RF,cns,yes2,,,,,,,2,BW043,,,,,,,,no,,yes,NA,NA,NA,NA,NA,180000,,,,,,,jolene_RF_first
1.2.2020,first,Butterworks,24,nellie,RH,cns,yes2,,,,,,,2,BW044,,,,,,,,no,,yes,NA,NA,NA,NA,NA,160000,,,,,,,nellie_RH_first
1.2.2020,first,Butterworks,25,melissa,LH,cns,yes2,,,,,,,2,BW067,,,,,,,,no,,yes,NA,NA,NA,NA,NA,310000,,,,,,,melissa_LH_first
1.2.2020,first,Butterworks,26,petunia,LH,cns,yes2,,,,,,,2,BW046,,,,,,,,no,,yes,NA,NA,NA,NA,NA,83000,,,,,,,petunia_LH_first
1.2.2020,first,Butterworks,27,crescent,LH,cns,yes2,,,,,,,2,BW048,,,,,,,,no,,yes,NA,NA,NA,NA,NA,470000,,,,,,,crescent_LH_first
1.2.2020,first,Butterworks,27,crescent,LF,cns,yes2,,,,,,,2,BW049,,,,,,,,no,,yes,NA,NA,NA,NA,NA,74000,,,,,,,crescent_LF_first
1.2.2020,first,Butterworks,27,crescent,RH,cns,yes2,,,,,,,2,BW050,,,,,,,,no,,yes,NA,NA,NA,NA,NA,170000,,,,,,,crescent_RH_first
1.2.2020,first,Butterworks,29,bon,LH,strep,yes27,cns,yes27,,,,,27,BW054,BW055,,,,,,,yes,,yes,NA,NA,NA,NA,NA,5000,,,,,,,bon_LH_first
1.2.2020,first,Butterworks,29,bon,RF,cns,yes2,,,,,,,2,BW053,,,,,,,,no,,yes,NA,NA,NA,NA,NA,310000,,,,,,,bon_RF_first
1.2.2020,first,Butterworks,31,chipotle,LH,cns,yes2,,,,,,,2,BW059,,,,,,,,no,,yes,NA,NA,NA,NA,NA,280000,,,,,,,chipotle_LH_first
1.2.2020,first,Butterworks,31,chipotle,LF,cns,yes2,,,,,,,2,BW060,,,,,,,,no,,yes,NA,NA,NA,NA,NA,160000,,,,,,,chipotle_LF_first
1.2.2020,first,Butterworks,31,chipotle,RF,cns,yes2,,,,,,,2,BW061,,,,,,,,no,,yes,NA,NA,NA,NA,NA,120000,,,,,,,chipotle_RF_first
1.2.2020,first,Butterworks,33,plantain,LH,cns,yes2,,,,,,,2,BW063,,,,,,,,no,,yes,NA,NA,NA,NA,NA,89000,,,,,,,plantain_LH_first
2.4.2020,second,Butterworks,1,masala,RF,cns,yes1,,,,,,,1,BW071,,,,,,,,no,,yes,NA,NA,NA,NA,NA,67000,,,,,,,masala_RF_second
2.4.2020,second,Butterworks,3,muffin,LH,cns,yes2,,,,,,,2,BW072,,,,,,,,no,,yes,NA,NA,NA,NA,NA,4.00E+05,,,,,,,muffin_LH_second
2.4.2020,second,Butterworks,3,muffin,RH,cns,yes2,,,,,,,2,BW073,,,,,,,,no,,yes,NA,NA,NA,NA,NA,280000,,,,,,,muffin_RH_second
2.4.2020,second,Butterworks,5,pomme,LF,cns,yes1,,,,,,,1,BW074,,,,,,,,no,,yes,NA,NA,NA,NA,NA,40000,,,,,,,pomme_LF_second
2.4.2020,second,Butterworks,5,pomme,RH,strep,yes27,cns,yes27,,,,,27,BW075,BW076,,,,,,,yes,,yes,NA,NA,NA,NA,NA,230000,,,,,,,pomme_RH_second
2.4.2020,second,Butterworks,6,noel,LF,cns,yes2,,,,,,,2,BW077,,,,,,,,no,,yes,NA,NA,NA,NA,NA,61000,,,,,,,noel_LF_second
2.4.2020,second,Butterworks,7,pearl,RF,cns,yes2,,,,,,,2,BW078,,,,,,,,no,,yes,NA,NA,NA,NA,NA,86000,,,,,,,pearl_RF_second
2.4.2020,second,Butterworks,9,wildcucumber,LH,cns,yes21,,,,,,,21,BW079,,,,,,,,no,,yes,NA,NA,NA,NA,NA,13000,,,,,,,wildcucumber_LH_second
2.4.2020,second,Butterworks,11,rhubarb,RF,cns,yes2,,,,,,,2,BW080,,,,,,,,no,,yes,NA,NA,NA,NA,NA,72000,,,,,,,rhubarb_RF_second
2.4.2020,second,Butterworks,12,snowball,RH,cns,yes2,cns,other18,,,,,2,BW082,BW083,,,,,,,tbd,,yes,NA,NA,NA,NA,NA,480000,,,,,,,snowball_RH_second
2.4.2020,second,Butterworks,12,snowball,RF,cns,yes2,,,,,,,2,BW070,,,,,,,,no,,yes,NA,NA,NA,NA,NA,130000,,,,,,,snowball_RF_second
2.4.2020,second,Butterworks,13,nebula,RH,cns,yes2,,,,,,,2,BW084,,,,,,,,no,,yes,NA,NA,NA,NA,NA,460000,,,,,,,nebula_RH_second
2.4.2020,second,Butterworks,16,hawthorn,RH,cns,yes2,,,,,,,2,BW085,,,,,,,,no,,yes,NA,NA,NA,NA,NA,120000,,,,,,,hawthorn_RH_second
2.4.2020,second,Butterworks,18,marjoram,RH,cns,yes2,,,,,,,2,BW086,,,,,,,,no,,yes,NA,NA,NA,NA,NA,240000,,,,,,,marjoram_RH_second
2.4.2020,second,Butterworks,19,nazareth,LF,cns,yes2,,,,,,,2,BW087,,,,,,,,no,,yes,NA,NA,NA,NA,NA,240000,,,,,,,nazareth_LF_second
2.4.2020,second,Butterworks,19,nazareth,RF,cns,yes2,,,,,,,2,BW088,,,,,,,,no,,yes,NA,NA,NA,NA,NA,440000,,,,,,,nazareth_RF_second
2.4.2020,second,Butterworks,20,manzana,LH,cns,yes2,,,,,,,2,BW089,,,,,,,,no,,yes,NA,NA,NA,NA,NA,470000,,,,,,,manzana_LH_second
2.4.2020,second,Butterworks,20,manzana,RH,cns,yes2,,,,,,,2,BW091,,,,,,,,no,,yes,NA,NA,NA,NA,NA,51000,,,,,,,manzana_RH_second
2.4.2020,second,Butterworks,20,manzana,RF,cns,yes2,,,,,,,2,BW092,,,,,,,,no,,yes,NA,NA,NA,NA,NA,65000,,,,,,,manzana_RF_second
2.4.2020,second,Butterworks,21,avocado,RH,cns,yes2,,,,,,,2,BW093,,,,,,,,no,,yes,NA,NA,NA,NA,NA,1300000,,,,,,,avocado_RH_second
2.4.2020,second,Butterworks,24,nellie,LH,cns,yes2,,,,,,,2,BW094,,,,,,,,no,,yes,NA,NA,NA,NA,NA,240000,,,,,,,nellie_LH_second
2.4.2020,second,Butterworks,24,nellie,RH,cns,yes29,,,,,,,29,BW097,,,,,,,,no,,yes,NA,NA,NA,NA,NA,740000,,,,,,,nellie_RH_second
2.4.2020,second,Butterworks,24,nellie,RF,strep,yes27,cns,yes27,,,,,27,BW095,BW096,,,,,,,no,,yes,NA,NA,NA,NA,NA,310000,,,,,,,nellie_RF_second
2.4.2020,second,Butterworks,25,jolene,RF,cns,yes2,,,,,,,2,BW098,,,,,,,,no,,yes,NA,NA,NA,NA,NA,240000,,,,,,,jolene_RF_second
2.4.2020,second,Butterworks,27,petunia,LH,cns,yes2,,,,,,,2,BW099,,,,,,,,no,,yes,NA,NA,NA,NA,NA,99000,,,,,,,petunia_LH_second
2.4.2020,second,Butterworks,28,mandolin,LH,cns,yes2,,,,,,,2,BW101,,,,,,,,no,,yes,NA,NA,NA,NA,NA,440000,,,,,,,mandolin_LH_second
2.4.2020,second,Butterworks,31,bon,RF,cns,yes2,,,,,,,2,BW106,,,,,,,,no,,yes,NA,NA,NA,NA,NA,290000,,,,,,,bon_RF_second
2.4.2020,second,Butterworks,34,chipotle,LH,cns,yes2,,,,,,,2,BW110,,,,,,,,no,,yes,NA,NA,NA,NA,NA,490000,,,,,,,chipotle_LH_second
2.4.2020,second,Butterworks,34,chipotle,LF,cns,yes2,,,,,,,2,BW111,,,,,,,,no,,yes,NA,NA,NA,NA,NA,390000,,,,,,,chipotle_LF_second
2.4.2020,second,Butterworks,34,chipotle,RH,cns,yes2,,,,,,,2,BW112,,,,,,,,no,,yes,NA,NA,NA,NA,NA,470000,,,,,,,chipotle_RH_second
2.4.2020,second,Butterworks,34,chipotle,RF,cns,yes2,,,,,,,2,BW113,,,,,,,,no,,yes,NA,NA,NA,NA,NA,140000,,,,,,,chipotle_RF_second
3.3.2020,third,Butterworks,1,masala,RF,cns,yes2,,,,,,,2,BW115,,,,,,,,no,,yes,NA,NA,NA,NA,NA,0,,,,,,,masala_RF_third
3.3.2020,third,Butterworks,2,muffin,LH,cns,yes2,,,,,,,2,BW116,,,,,,,,no,,yes,NA,NA,NA,NA,NA,0,,,,,,,muffin_LH_third
3.3.2020,third,Butterworks,2,muffin,RH,cns,yes2,,,,,,,2,BW118,,,,,,,,no,,yes,NA,NA,NA,NA,NA,0,,,,,,,muffin_RH_third
3.3.2020,third,Butterworks,3,strawberry,RH,cns,yes2,,,,,,,2,BW119,,,,,,,,no,,yes,NA,NA,NA,NA,NA,4000,,,,,,,strawberry_RH_third
3.3.2020,third,Butterworks,4,pomme,LF,cns,yes2,,,,,,,2,BW120,,,,,,,,no,,yes,NA,NA,NA,NA,NA,9000,,,,,,,pomme_LF_third
3.3.2020,third,Butterworks,4,pomme,RH,cns,yes2,,,,,,,2,BW121,,,,,,,,no,,yes,NA,NA,NA,NA,NA,60000,,,,,,,pomme_RH_third
3.3.2020,third,Butterworks,7,noel,LF,cns,yes2,,,,,,,2,BW122,,,,,,,,no,,yes,NA,NA,NA,NA,NA,480000,,,,,,,noel_LF_third
3.3.2020,third,Butterworks,8,pearl,LF,cns,yes2,cns,other18,,,,,2,BW123,BW124,,,,,,,tbd,,yes,NA,NA,NA,NA,NA,210000,,,,,,,pearl_LF_third
3.3.2020,third,Butterworks,9,blackberry,LH,cns,yes1,,,,,,,1,BW125,,,,,,,,no,,yes,NA,NA,NA,NA,NA,16000,,,,,,,blackberry_LH_third
3.3.2020,third,Butterworks,10,wildcucumber,LH,cns,yes2,,,,,,,2,BW126,,,,,,,,no,,yes,NA,NA,NA,NA,NA,11000,,,,,,,wildcucumber_LH_third
3.3.2020,third,Butterworks,11,rhubarb,RF,cns,yes2,,,,,,,2,BW127,,,,,,,,no,,yes,NA,NA,NA,NA,NA,15000,,,,,,,rhubarb_RF_third
3.3.2020,third,Butterworks,12,snowball,RH,cns,yes2,,,,,,,2,BW129,,,,,,,,no,,yes,NA,NA,NA,NA,NA,110000,,,,,,,snowball_RH_third
3.3.2020,third,Butterworks,12,snowball,RF,cns,yes1,cns,other18,,,,,2,BW130,BW131,,,,,,,no,,yes,NA,NA,NA,NA,NA,34000,,,,,,,snowball_RF_third
3.3.2020,third,Butterworks,13,nebula,RH,cns,yes2,,,,,,,2,BW132,,,,,,,,no,,yes,NA,NA,NA,NA,NA,44000,,,,,,,nebula_RH_third
3.3.2020,third,Butterworks,16,hawthorn,RH,cns,yes1,,,,,,,1,BW133,,,,,,,,no,,yes,NA,NA,NA,NA,NA,43000,,,,,,,hawthorn_RH_third
3.3.2020,third,Butterworks,17,nazareth,LF,cns,yes2,,,,,,,2,BW134,,,,,,,,no,,yes,NA,NA,NA,NA,NA,3.00E+05,,,,,,,nazareth_LF_third
3.3.2020,third,Butterworks,17,nazareth,RF,cns,yes2,,,,,,,2,BW135,,,,,,,,no,,yes,NA,NA,NA,NA,NA,160000,,,,,,,nazareth_RF_third
3.3.2020,third,Butterworks,19,marjoram,RH,cns,yes2,,,,,,,2,BW136,,,,,,,,no,,yes,NA,NA,NA,NA,NA,150000,,,,,,,marjoram_RH_third
3.3.2020,third,Butterworks,20,manzana,LH,cns,yes2,,,,,,,2,BW137,,,,,,,,no,,yes,NA,NA,NA,NA,NA,94000,,,,,,,manzana_LH_third
3.3.2020,third,Butterworks,20,manzana,RH,cns,yes2,,,,,,,2,BW139,,,,,,,,no,,yes,NA,NA,NA,NA,NA,67000,,,,,,,manzana_RH_third
3.3.2020,third,Butterworks,20,manzana,RF,cns,yes2,,,,,,,2,BW140,,,,,,,,no,,yes,NA,NA,NA,NA,NA,49000,,,,,,,manzana_RF_third
3.3.2020,third,Butterworks,21,avocado,LF,cns,yes2,,,,,,,2,BW141,,,,,,,,no,,yes,NA,NA,NA,NA,NA,58000,,,,,,,avocado_LF_third
3.3.2020,third,Butterworks,21,avocado,RH,cns,yes2,,,,,,,2,BW142,,,,,,,,no,,yes,NA,NA,NA,NA,NA,3.00E+05,,,,,,,avocado_RH_third
3.3.2020,third,Butterworks,25,nellie,LH,cns,yes2,,,,,,,2,BW144,,,,,,,,no,,yes,NA,NA,NA,NA,NA,220000,,,,,,,nellie_LH_third
3.3.2020,third,Butterworks,25,nellie,RH,cns,yes2,,,,,,,2,BW145,,,,,,,,no,,yes,NA,NA,NA,NA,NA,730000,,,,,,,nellie_RH_third
3.3.2020,third,Butterworks,25,nellie,RF,strep,yes27,cns,yes27,,,,,27,BW146,BW147,,,,,,,yes,,yes,NA,NA,NA,NA,NA,230000,,,,,,,nellie_RF_third
3.3.2020,third,Butterworks,26,melissa,LH,cns,yes2,,,,,,,2,BW148,,,,,,,,no,,yes,NA,NA,NA,NA,NA,150000,,,,,,,melissa_LH_third
3.3.2020,third,Butterworks,29,petunia,LH,cns,yes1,,,,,,,1,BW152,,,,,,,,no,,yes,NA,NA,NA,NA,NA,87000,,,,,,,petunia_LH_third
3.3.2020,third,Butterworks,32,bon,RF,cns,yes2,,,,,,,2,BW155,,,,,,,,no,,yes,NA,NA,NA,NA,NA,62000,,,,,,,bon_RF_third
3.3.2020,third,Butterworks,35,lilac,LH,cns,yes2,,,,,,,2,BW161,,,,,,,,no,,yes,NA,NA,NA,NA,NA,560000,,,,,,,lilac_LH_third
12.13.2019,first,Swallowdale,1,pledge,LF,cns,yes2,,,,,,,2,SW002,,,,,,,,no,,yes,NA,NA,NA,NA,NA,87000,,,,,,,pledge_LF_first
12.13.2019,first,Swallowdale,1,pledge,RH,cns,yes2,,,,,,,2,SW003,,,,,,,,no,,yes,NA,NA,NA,NA,NA,59000,,,,,,,pledge_RH_first
12.13.2019,first,Swallowdale,1,pledge,RF,cns,yes2,,,,,,,2,SW004,,,,,,,,no,,yes,NA,NA,NA,NA,NA,172000,,,,,,,pledge_RF_first
12.13.2019,first,Swallowdale,6,denise,RF,cns,yes2,,,,,,,2,SW008,,,,,,,,no,,yes,NA,NA,NA,NA,NA,139000,,,,,,,denise_RF_first
12.13.2019,first,Swallowdale,7,skyler,RF,cns,yes1,,,,,,,1,SW009,,,,,,,,no,,yes,NA,NA,NA,NA,NA,0,,,,,,,skyler_RF_first
12.13.2019,first,Swallowdale,8,cambric,LH,cns,yes2,,,,,,,2,SW010,,,,,,,,no,,yes,NA,NA,NA,NA,NA,36000,,,,,,,cambric_LH_first
12.13.2019,first,Swallowdale,9,diane,RF,cns,yes1,,,,,,,1,SW013,,,,,,,,no,,yes,NA,NA,NA,NA,NA,3000,,,,,,,diane_RF_first
12.13.2019,first,Swallowdale,11,paige,RH,cns,yes2,cns,other18,,,,,2,SW017,SW018,,,,,,,tbd,,yes,NA,NA,NA,NA,NA,55000,,,,,,,paige_RH_first
12.13.2019,first,Swallowdale,12,denver,LF,cns,yes27,strep,yes27,,,,,27,SW019,SW020,,,,,,,yes,,yes,NA,NA,NA,NA,NA,153000,,,,,,,denver_LF_first
12.13.2019,first,Swallowdale,12,denver,RH,cns,yes2,,,,,,,2,SW021,,,,,,,,no,,yes,NA,NA,NA,NA,NA,103000,,,,,,,denver_RH_first
12.13.2019,first,Swallowdale,14,quantum,LF,cns,yes2,,,,,,,2,SW026,,,,,,,,no,,yes,NA,NA,NA,NA,NA,15000,,,,,,,quantum_LF_first
12.13.2019,first,Swallowdale,15,goldie,LH,cns,yes27,strep,yes27,,,,,27,SW027,SW028,,,,,,,yes,,yes,NA,NA,NA,NA,NA,66000,,,,,,,goldie_LH_first
12.13.2019,first,Swallowdale,15,goldie,LF,cns,yes2,,,,,,,2,SW029,,,,,,,,no,,yes,NA,NA,NA,NA,NA,157000,,,,,,,goldie_LF_first
12.13.2019,first,Swallowdale,15,goldie,RH,cns,yes27,strep,yes27,,,,,27,SW031,SW030,,,,,,,yes,,yes,NA,NA,NA,NA,NA,73000,,,,,,,goldie_RH_first
12.13.2019,first,Swallowdale,21,pasta,LF,cns,yes2,,,,,,,2,SW039,,,,,,,,no,,yes,NA,NA,NA,NA,NA,78000,,,,,,,pasta_LF_first
12.13.2019,first,Swallowdale,24,flossy,LH,cns,yes2,,,,,,,2,SW040,,,,,,,,no,,yes,NA,NA,NA,NA,NA,86000,,,,,,,flossy_LH_first
12.13.2019,first,Swallowdale,26,amber,LH,cns,yes2,,,,,,,2,SW041,,,,,,,,no,,yes,NA,NA,NA,NA,NA,57000,,,,,,,amber_LH_first
12.13.2019,first,Swallowdale,27,marshmellow,LH,cns,yes27,strep,yes27,,,,,27,SW042,SW043,,,,,,,yes,,yes,NA,NA,NA,NA,NA,120000,,,,,,,marshmellow_LH_first
12.13.2019,first,Swallowdale,27,marshmellow,LF,cns,yes2,,,,,,,2,SW044,,,,,,,,no,,yes,NA,NA,NA,NA,NA,61000,,,,,,,marshmellow_LF_first
12.13.2019,first,Swallowdale,27,marshmellow,RF,cns,yes2,,,,,,,2,SW046,,,,,,,,no,,yes,NA,NA,NA,NA,NA,98000,,,,,,,marshmellow_RF_first
12.13.2019,first,Swallowdale,30,cassia,LH,cns,yes2,,,,,,,2,SW048,,,,,,,,no,,yes,NA,NA,NA,NA,NA,51000,,,,,,,cassia_LH_first
12.13.2019,first,Swallowdale,30,cassia,RH,cns,yes2,,,,,,,2,SW049,,,,,,,,no,,yes,NA,NA,NA,NA,NA,24000,,,,,,,cassia_RH_first
12.13.2019,first,Swallowdale,31,jewel,LH,cns,yes2,,,,,,,2,SW050,,,,,,,,no,,yes,NA,NA,NA,NA,NA,11000,,,,,,,jewel_LH_first
12.13.2019,first,Swallowdale,34,mabel,LF,cns,yes2,,,,,,,2,SW052,,,,,,,,no,,yes,NA,NA,NA,NA,NA,60000,,,,,,,mabel_LF_first
12.13.2019,first,Swallowdale,35,maisie,RH,cns,yes1,,,,,,,1,SW053,,,,,,,,no,,yes,NA,NA,NA,NA,NA,16000,,,,,,,maisie_RH_first
1.22.2020,second,Swallowdale,5,29,RF,cns,yes27,strep,yes27,,,,,27,SW055,SW056,,,,,,,yes,,yes,NA,NA,NA,NA,NA,760000,,,,,,,29_RF_second
1.22.2020,second,Swallowdale,6,goldie,LH,cns,yes27,strep,yes27,,,,,27,SW058,SW059,,,,,,,yes,,yes,NA,NA,NA,NA,NA,110000,,,,,,,goldie_LH_second
1.22.2020,second,Swallowdale,6,goldie,LF,cns,yes2,,,,,,,2,SW060,,,,,,,,no,,yes,NA,NA,NA,NA,NA,45000,,,,,,,goldie_LF_second
1.22.2020,second,Swallowdale,6,goldie,RH,cns,yes27,strep,yes27,,,,,27,SW061,SW062,,,,,,,yes,,yes,NA,NA,NA,NA,NA,58000,,,,,,,goldie_RH_second
1.22.2020,second,Swallowdale,7,paige,LH,cns,yes2,,,,,,,2,SW063,,,,,,,,no,,yes,NA,NA,NA,NA,NA,24000,,,,,,,paige_LH_second
1.22.2020,second,Swallowdale,7,paige,RH,cns,yes2,,,,,,,2,SW064,,,,,,,,no,,yes,NA,NA,NA,NA,NA,89000,,,,,,,paige_RH_second
1.22.2020,second,Swallowdale,8,marshmellow,LF,cns,yes2,,,,,,,2,SW066,,,,,,,,no,,yes,NA,NA,NA,NA,NA,220000,,,,,,,marshmellow_LF_second
1.22.2020,second,Swallowdale,8,marshmellow,RH,cns,yes27,strep,yes27,,,,,27,SW067,SW068,,,,,,,yes,,yes,NA,NA,NA,NA,NA,110000,,,,,,,marshmellow_RH_second
1.22.2020,second,Swallowdale,8,marshmellow,RF,cns,yes2,,,,,,,2,SW069,,,,,,,,no,,yes,NA,NA,NA,NA,NA,150000,,,,,,,marshmellow_RF_second
1.22.2020,second,Swallowdale,10,flossy,LH,cns,yes2,,,,,,,2,SW070,,,,,,,,no,,yes,NA,NA,NA,NA,NA,420000,,,,,,,flossy_LH_second
1.22.2020,second,Swallowdale,11,amber,LH,cns,yes2,,,,,,,2,SW071,,,,,,,,no,,yes,NA,NA,NA,NA,NA,110000,,,,,,,amber_LH_second
1.22.2020,second,Swallowdale,14,cambric,LH,cns,yes2,,,,,,,2,SW072,,,,,,,,no,,yes,NA,NA,NA,NA,NA,2.00E+05,,,,,,,cambric_LH_second
1.22.2020,second,Swallowdale,14,cambric,RH,cns,yes2,,,,,,,2,SW073,,,,,,,,no,,yes,NA,NA,NA,NA,NA,4.00E+05,,,,,,,cambric_RH_second
1.22.2020,second,Swallowdale,15,quantum,LF,cns,yes2,,,,,,,2,SW074,,,,,,,,no,,yes,NA,NA,NA,NA,NA,52000,,,,,,,quantum_LF_second
1.22.2020,second,Swallowdale,19,dorian,LH,cns,yes2,,,,,,,2,SW075,,,,,,,,no,,yes,NA,NA,NA,NA,NA,74000,,,,,,,dorian_LH_second
1.22.2020,second,Swallowdale,20,pasta,LF,cns,yes2,,,,,,,2,SW076,,,,,,,,no,,yes,NA,NA,NA,NA,NA,83000,,,,,,,pasta_LF_second
1.22.2020,second,Swallowdale,21,denise,LF,cns,yes2,,,,,,,2,SW077,,,,,,,,no,,yes,NA,NA,NA,NA,NA,250000,,,,,,,denise_LF_second
1.22.2020,second,Swallowdale,21,denise,RH,cns,yes2,,,,,,,2,SW078,,,,,,,,no,,yes,NA,NA,NA,NA,NA,130000,,,,,,,denise_RH_second
1.22.2020,second,Swallowdale,28,sondra,LF,strep,yes27,cns,yes27,,,,,27,SW080,SW081,,,,,,,yes,,yes,NA,NA,NA,NA,NA,89000,,,,,,,sondra_LF_second
1.22.2020,second,Swallowdale,29,denver,LF,cns,yes27,strep,yes27,,,,,27,SW082,SW083,,,,,,,yes,,yes,NA,NA,NA,NA,NA,160000,,,,,,,denver_LF_second
1.22.2020,second,Swallowdale,29,denver,RH,cns,yes2,,,,,,,2,SW084,,,,,,,,no,,yes,NA,NA,NA,NA,NA,68000,,,,,,,denver_RH_second
1.22.2020,second,Swallowdale,31,cassia,LH,cns,yes2,,,,,,,2,SW085,,,,,,,,no,,yes,NA,NA,NA,NA,NA,220000,,,,,,,cassia_LH_second
1.22.2020,second,Swallowdale,31,cassia,RH,cns,yes2,,,,,,,2,SW086,,,,,,,,no,,yes,NA,NA,NA,NA,NA,1300000,,,,,,,cassia_RH_second
1.22.2020,second,Swallowdale,32,pledge,LF,cns,yes2,,,,,,,2,SW087,,,,,,,,no,,yes,NA,NA,NA,NA,NA,230000,,,,,,,pledge_LF_second
1.22.2020,second,Swallowdale,32,pledge,RH,cns,yes2,,,,,,,2,SW088,,,,,,,,no,,yes,NA,NA,NA,NA,NA,84000,,,,,,,pledge_RH_second
1.22.2020,second,Swallowdale,32,pledge,RF,cns,yes2,,,,,,,2,SW089,,,,,,,,no,,yes,NA,NA,NA,NA,NA,140000,,,,,,,pledge_RF_second
1.22.2020,second,Swallowdale,34,jewel,RH,cns,yes27,cns,other35,,,,,35,SW090,SW092,,,,,,,tbd,,yes,NA,NA,NA,NA,NA,24000,,,,,,,jewel_RH_second
2.28.2020,third,Swallowdale,3,quantum,LF,cns,yes2,,,,,,,2,SW093,,,,,,,yes,no,,yes,NA,NA,NA,NA,NA,480000,,,,,,,quantum_LF_third
2.28.2020,third,Swallowdale,4,pasta,LF,cns,yes2,,,,,,,2,SW094,,,,,,,,no,,yes,NA,NA,NA,NA,NA,5.00E+05,,,,,,,pasta_LF_third
2.28.2020,third,Swallowdale,5,paige,LH,cns,yes2,,,,,,,2,SW095,,,,,,,,no,,yes,NA,NA,NA,NA,NA,120000,,,,,,,paige_LH_third
2.28.2020,third,Swallowdale,5,paige,RH,cns,yes2,,,,,,,2,SW096,,,,,,,,no,,yes,NA,NA,NA,NA,NA,120000,,,,,,,paige_RH_third
2.28.2020,third,Swallowdale,6,dorian,LH,cns,yes2,,,,,,,2,SW097,,,,,,,,no,,yes,NA,NA,NA,NA,NA,1.00E+05,,,,,,,dorian_LH_third
2.28.2020,third,Swallowdale,9,29,RF,strep,yes27,cns,yes27,,,,,27,SW099,SW100,,,,,,,yes,,yes,NA,NA,NA,NA,NA,1800000,,,,,,,29_RF_third
2.28.2020,third,Swallowdale,11,pledge,LF,cns,yes2,,,,,,,2,SW101,,,,,,,,no,,yes,NA,NA,NA,NA,NA,410000,,,,,,,pledge_LF_third
2.28.2020,third,Swallowdale,11,pledge,RH,cns,yes2,,,,,,,2,SW102,,,,,,,,no,,yes,NA,NA,NA,NA,NA,180000,,,,,,,pledge_RH_third
2.28.2020,third,Swallowdale,11,pledge,RF,cns,yes2,,,,,,,2,SW103,,,,,,,,no,,yes,NA,NA,NA,NA,NA,440000,,,,,,,pledge_RF_third
2.28.2020,third,Swallowdale,13,amber,LH,cns,yes2,,,,,,,2,SW105,,,,,,,,no,,yes,NA,NA,NA,NA,NA,140000,,,,,,,amber_LH_third
2.28.2020,third,Swallowdale,17,cambric,LH,cns,yes2,,,,,,,2,SW108,,,,,,,,no,,yes,NA,NA,NA,NA,NA,76000,,,,,,,cambric_LH_third
2.28.2020,third,Swallowdale,20,sondra,LF,strep,yes27,cns,yes27,,,,,27,SW109,SW110,,,,,,,yes,,yes,NA,NA,NA,NA,NA,87000,,,,,,,sondra_LF_third
2.28.2020,third,Swallowdale,20,sondra,RF,cns,yes27,corynebac,yes27,,,,,27,SW113,SW114,,,,,,,yes,,yes,NA,NA,NA,NA,NA,94000,,,,,,,sondra_RF_third
2.28.2020,third,Swallowdale,21,marshmellow,LF,cns,yes2,,,,,,,2,SW116,,,,,,,,no,,yes,NA,NA,NA,NA,NA,180000,,,,,,,marshmellow_LF_third
2.28.2020,third,Swallowdale,21,marshmellow,RF,cns,yes2,,,,,,,2,SW118,,,,,,,,no,,yes,NA,NA,NA,NA,NA,270000,,,,,,,marshmellow_RF_third
2.28.2020,third,Swallowdale,22,denise,LF,cns,yes2,,,,,,,2,SW119,,,,,,,,no,,yes,NA,NA,NA,NA,NA,150000,,,,,,,denise_LF_third
2.28.2020,third,Swallowdale,22,denise,RH,cns,yes2,,,,,,,2,SW120,,,,,,,,no,,yes,NA,NA,NA,NA,NA,87000,,,,,,,denise_RH_third
2.28.2020,third,Swallowdale,25,jewel,LH,cns,yes1,,,,,,,1,SW122,,,,,,,,no,,yes,NA,NA,NA,NA,NA,33000,,,,,,,jewel_LH_third
2.28.2020,third,Swallowdale,29,denver,LF,strep,yes27,cns,yes27,,,,,27,SW123,SW124,,,,,,,yes,,yes,NA,NA,NA,NA,NA,380000,,,,,,,denver_LF_third
2.28.2020,third,Swallowdale,29,denver,RH,cns,yes2,,,,,,,2,SW125,,,,,,,,no,,yes,NA,NA,NA,NA,NA,92000,,,,,,,denver_RH_third
2.28.2020,third,Swallowdale,33,goldie,LF,cns,yes2,,,,,,,2,SW129,,,,,,,,,,yes,NA,NA,NA,NA,NA,59000,,,,,,,goldie_LF_third
2.28.2020,third,Swallowdale,34,cassia,LH,cns,yes1,,,,,,,1,SW132,,,,,,,,no,,yes,NA,NA,NA,NA,NA,1.00E+06,,,,,,,cassia_LH_third
2.28.2020,third,Swallowdale,34,cassia,RH,cns,yes1,,,,,,,1,SW133,,,,,,,,no,,yes,NA,NA,NA,NA,NA,750000,,,,,,,cassia_RH_third
2.28.2020,third,Swallowdale,35,skyler,LH,cns,yes1,,,,,,,1,SW134,,,,,,,,no,,yes,NA,NA,NA,NA,NA,3000,,,,,,,skyler_LH_third
12.12.2019,first,StonyPond,2,zag,LF,cns,yes2,,,,,,,2,SP002,,,,,,,,no,,yes,NA,NA,NA,NA,NA,15000,,,,,,,zag_LF_first
12.12.2019,first,StonyPond,3,margo,LH,cns,yes2,,,,,,,2,SP003,,,,,,,,no,,yes,NA,NA,NA,NA,NA,616000,,,,,,,margo_LH_first
12.12.2019,first,StonyPond,4,lish,LH,cns,yes27,cns,yes27,,,,,27,SP006,SP007,,,,,,,yes,,yes,NA,NA,NA,NA,NA,26000,,,,,,,lish_LH_first
12.12.2019,first,StonyPond,4,lish,RH,cns,yes27,cns,yes27,,,,,27,SP004,SP005,,,,,,,yes,,yes,NA,NA,NA,NA,NA,23000,,,,,,,lish_RH_first
12.12.2019,first,StonyPond,5,echo,LH,cns,yes2,,,,,,,2,SP008,,,,,,,,no,,yes,NA,NA,NA,NA,NA,118000,,,,,,,echo_LH_first
12.12.2019,first,StonyPond,5,echo,RH,cns,yes2,,,,,,,2,SP009,,,,,,,,no,,yes,NA,NA,NA,NA,NA,102000,,,,,,,echo_RH_first
12.12.2019,first,StonyPond,5,echo,RF,cns,yes2,,,,,,,2,SP010,,,,,,,,no,,yes,NA,NA,NA,NA,NA,573000,,,,,,,echo_RF_first
12.12.2019,first,StonyPond,6,peaches,LH,cns,yes2,,,,,,,2,SP011,,,,,,,,no,,yes,NA,NA,NA,NA,NA,192000,,,,,,,peaches_LH_first
12.12.2019,first,StonyPond,7,riley,RF,cns,yes2,,,,,,,2,SP012,,,,,,,,no,,yes,NA,NA,NA,NA,NA,163000,,,,,,,riley_RF_first
12.12.2019,first,StonyPond,8,pippa,LF,cns,yes2,,,,,,,2,SP013,,,,,,,,no,,yes,NA,NA,NA,NA,NA,1.00E+05,,,,,,,pippa_LF_first
12.12.2019,first,StonyPond,12,ashley,LH,cns,yes2,,,,,,,2,SP014,,,,,,,,no,,yes,NA,NA,NA,NA,NA,58000,,,,,,,ashley_LH_first
12.12.2019,first,StonyPond,12,ashley,LF,cns,yes2,,,,,,,2,SP015,,,,,,,,no,,yes,NA,NA,NA,NA,NA,628000,,,,,,,ashley_LF_first
12.12.2019,first,StonyPond,17,wynona,LH,cns,yes2,,,,,,,2,SP018,,,,,,,,no,,yes,NA,NA,NA,NA,NA,137000,,,,,,,wynona_LH_first
12.12.2019,first,StonyPond,17,wynona,LF,cns,yes2,,,,,,,2,SP019,,,,,,,,no,,yes,NA,NA,NA,NA,NA,168000,,,,,,,wynona_LF_first
12.12.2019,first,StonyPond,18,octavia,LH,cns,yes2,,,,,,,2,SP020,,,,,,,,no,,yes,NA,NA,NA,NA,NA,233000,,,,,,,octavia_LH_first
12.12.2019,first,StonyPond,18,octavia,RH,cns,yes2,,,,,,,2,SP021,,,,,,,,no,,yes,NA,NA,NA,NA,NA,79000,,,,,,,octavia_RH_first
12.12.2019,first,StonyPond,19,doris,LF,cns,yes2,,,,,,,2,SP022,,,,,,,,no,,yes,NA,NA,NA,NA,NA,259000,,,,,,,doris_LF_first
12.12.2019,first,StonyPond,22,rashida,LH,cns,yes2,,,,,,,2,SP026,,,,,,,,no,,yes,NA,NA,NA,NA,NA,310000,,,,,,,rashida_LH_first
12.12.2019,first,StonyPond,22,rashida,LF,cns,yes2,,,,,,,2,SP027,,,,,,,,no,,yes,NA,NA,NA,NA,NA,2496000,,,,,,,rashida_LF_first
12.12.2019,first,StonyPond,22,rashida,RH,cns,yes2,,,,,,,2,SP028,,,,,,,,no,,yes,NA,NA,NA,NA,NA,349000,,,,,,,rashida_RH_first
12.12.2019,first,StonyPond,22,rashida,RF,cns,yes2,,,,,,,2,SP029,,,,,,,,no,,yes,NA,NA,NA,NA,NA,1120000,,,,,,,rashida_RF_first
12.12.2019,first,StonyPond,34,alexis,LF,cns,yes2,,,,,,,2,SP032,,,,yes,,,,no,,yes,NA,NA,NA,NA,NA,3003000,,,,,,,alexis_LF_first
1.10.2020,second,StonyPond,1,peaches,LH,cns,yes2,,,,,,,2,SP033,,,,,,,,no,,yes,NA,NA,NA,NA,NA,240000,,,,,,,peaches_LH_second
1.10.2020,second,StonyPond,2,faith,RF,cns,yes2,,,,,,,2,SP036,,,,,,,,no,,yes,NA,NA,NA,NA,NA,1400000,,,,,,,faith_RF_second
1.10.2020,second,StonyPond,3,pippa,LF,cns,yes2,,,,,,,2,SP037,,,,,,,,no,,yes,NA,NA,NA,NA,NA,5.00E+05,,,,,,,pippa_LF_second
1.10.2020,second,StonyPond,4,wynona,LH,cns,yes2,,,,,,,2,SP038,,,,,,,,no,,yes,NA,NA,NA,NA,NA,170000,,,,,,,wynona_LH_second
1.10.2020,second,StonyPond,4,wynona,LF,cns,yes2,,,,,,,2,SP039,,,,,,,,no,,yes,NA,NA,NA,NA,NA,230000,,,,,,,wynona_LF_second
1.10.2020,second,StonyPond,8,margo,LH,cns,,,,,,,,2,SP041,,,,,,,,,,yes,NA,NA,NA,NA,NA,770000,,,,,,,margo_LH_second
1.10.2020,second,StonyPond,9,lish,LH,cns,yes2,,,,,,,2,SP042,,,,,,,,no,,yes,NA,NA,NA,NA,NA,97000,,,,,,,lish_LH_second
1.10.2020,second,StonyPond,9,lish,RH,cns,yes2,,,,,,,2,SP043,,,,,,,,no,,yes,NA,NA,NA,NA,NA,60000,,,,,,,lish_RH_second
1.10.2020,second,StonyPond,12,riley,RF,cns,yes2,,,,,,,2,SP044,,,,,,,,no,,yes,NA,NA,NA,NA,NA,250000,,,,,,,riley_RF_second
1.10.2020,second,StonyPond,14,echo,LH,cns,yes2,,,,,,,2,SP045,,,,,,,,no,,yes,NA,NA,NA,NA,NA,260000,,,,,,,echo_LH_second
1.10.2020,second,StonyPond,14,echo,RH,cns,yes2,,,,,,,2,SP046,,,,,,,,no,,yes,NA,NA,NA,NA,NA,370000,,,,,,,echo_RH_second
1.10.2020,second,StonyPond,19,robin,RH,cns,yes1,,,,,,,1,SP052,,,,,,,,no,,yes,NA,NA,NA,NA,NA,37000,,,,,,,robin_RH_second
1.10.2020,second,StonyPond,19,robin,RF,cns,yes2,,,,,,,2,SP053,,,,,,,,no,,yes,NA,NA,NA,NA,NA,120000,,,,,,,robin_RF_second
1.10.2020,second,StonyPond,20,rashida,LH,cns,yes2,,,,,,,2,SP054,,,,,,,,no,,yes,NA,NA,NA,NA,NA,690000,,,,,,,rashida_LH_second
1.10.2020,second,StonyPond,20,rashida,LF,cns,yes2,,,,,,,2,SP055,,,,,,,,no,,yes,NA,NA,NA,NA,NA,3100000,,,,,,,rashida_LF_second
1.10.2020,second,StonyPond,20,rashida,RH,cns,yes2,,,,,,,2,SP056,,,,,,,,no,,yes,NA,NA,NA,NA,NA,370000,,,,,,,rashida_RH_second
1.10.2020,second,StonyPond,20,rashida,RF,cns,yes2,,,,,,,2,SP057,,,,,,,,no,,yes,NA,NA,NA,NA,NA,1300000,,,,,,,rashida_RF_second
1.10.2020,second,StonyPond,21,doris,LF,cns,yes2,,,,,,,2,SP058,,,,,,,,no,,yes,NA,NA,NA,NA,NA,640000,,,,,,,doris_LF_second
1.10.2020,second,StonyPond,22,ashley,LH,cns,yes2,,,,,,,2,SP059,,,,,,,,no,,yes,NA,NA,NA,NA,NA,280000,,,,,,,ashley_LH_second
1.10.2020,second,StonyPond,22,ashley,LF,cns,yes2,,,,,,,2,SP060,,,,,,,,no,,yes,NA,NA,NA,NA,NA,560000,,,,,,,ashley_LF_second
1.10.2020,second,StonyPond,23,chelsea,LH,cns,yes1,cns,no5,,,,,1,SP050,SP051,,,,,,,no,,yes,NA,NA,NA,NA,NA,68000,,,,,,,chelsea_LH_second
1.10.2020,second,StonyPond,24,octavia,LH,cns,yes2,,,,,,,2,SP061,,,,,,,,no,,yes,NA,NA,NA,NA,NA,340000,,,,,,,octavia_LH_second
1.10.2020,second,StonyPond,24,octavia,RH,cns,yes2,,,,,,,2,SP062,,,,,,,,no,,yes,NA,NA,NA,NA,NA,220000,,,,,,,octavia_RH_second
1.10.2020,second,StonyPond,31,alexis,RH,cns,yes1,cns,no5,,,,,1,SP070,SP071,,,,,,,no,,yes,NA,NA,NA,NA,NA,760000,,,,,,,alexis_RH_second
1.10.2020,second,StonyPond,31,alexis,RF,cns,yes2,,,,,,,2,SP072,,,,,,,,no,,yes,NA,NA,NA,NA,NA,6100000,,,,,,,alexis_RF_second
12.11.2019,first,Choiniere,3,69,RH,cns,,,,,,,,2,CF004,,,,,,,,,,yes,NA,NA,NA,NA,NA,310000,,,,,,,69_RH_first
12.11.2019,first,Choiniere,4,66,RH,strep,yes27,cns,yes27,,,,,27,CF006,CF007,,,,,,,yes,,yes,NA,NA,NA,NA,NA,5000,,,,,,,66_RH_first
12.11.2019,first,Choiniere,6,40,RH,cns,yes27,corynebac,yes27,,,,,27,CF015,CF080,,,,,,,yes,,yes,NA,NA,NA,NA,NA,253000,,,,,,,40_RH_first
12.11.2019,first,Choiniere,9,32,LF,cns,yes2,,,,,,,2,CF020,,,,,,,,no,,yes,NA,NA,NA,NA,NA,133000,,,,,,,32_LF_first
12.11.2019,first,Choiniere,11,41,LH,cns,yes2,,,,,,,2,CF022,,,,,,,,no,,yes,NA,NA,NA,NA,NA,3.00E+05,,,,,,,41_LH_first
12.11.2019,first,Choiniere,11,41,LF,cns,yes2,,,,,,,2,CF023,,,,,,,,no,,yes,NA,NA,NA,NA,NA,159000,,,,,,,41_LF_first
12.11.2019,first,Choiniere,13,12,LF,cns,yes2,,,,,,,2,CF026,,,,,,,,no,,yes,NA,NA,NA,NA,NA,320000,,,,,,,12_LF_first
12.11.2019,first,Choiniere,16,9,LH,cns,yes2,,,,,,,2,CF031,,,,,,,,no,,yes,NA,NA,NA,NA,NA,11000,,,,,,,9_LH_first
12.11.2019,first,Choiniere,19,23,RF,cns,yes2,,,,,,,2,CF039,,,,,,,,no,,yes,NA,NA,NA,NA,NA,76000,,,,,,,23_RF_first
12.11.2019,first,Choiniere,20,7,LH,cns,yes2,,,,,,,2,CF040,,,,,,,,no,,yes,NA,NA,NA,NA,NA,426000,,,,,,,7_LH_first
12.11.2019,first,Choiniere,20,7,RF,cns,yes2,,,,,,,2,CF041,,,,,,,,no,,yes,NA,NA,NA,NA,NA,296000,,,,,,,7_RF_first
12.11.2019,first,Choiniere,23,44,LF,cns,yes2,,,,,,,2,CF045,,,,,,,,no,,yes,NA,NA,NA,NA,NA,217000,,,,,,,44_LF_first
12.11.2019,first,Choiniere,26,56,LF,cns,yes2,,,,,,,2,CF047,,,,,,,,no,,yes,NA,NA,NA,NA,NA,87000,,,,,,,56_LF_first
12.11.2019,first,Choiniere,28,16,LH,cns,yes2,,,,,,,2,CF052,,,,,,,,no,,yes,NA,NA,NA,NA,NA,2658000,,,,,,,16_LH_first
12.11.2019,first,Choiniere,28,16,LF,cns,yes2,,,,,,,2,CF053,,,,,,,,no,,yes,NA,NA,NA,NA,NA,741000,,,,,,,16_LF_first
12.11.2019,first,Choiniere,29,49,RH,cns,yes2,,,,,,,2,CF055,,,,,,,,no,,yes,NA,NA,NA,NA,NA,90000,,,,,,,49_RH_first
12.11.2019,first,Choiniere,30,869,RH,cns,yes2,,,,,,,2,CF056,,,,,,,,no,,yes,NA,NA,NA,NA,NA,40000,,,,,,,69_RH_first
12.11.2019,first,Choiniere,34,30,LH,cns,yes2,,,,,,,2,CF061,,,,,,,,no,,yes,NA,NA,NA,NA,NA,212000,,,,,,,30_LH_first
12.11.2019,first,Choiniere,34,30,LF,cns,yes27,strep,yes27,,,,,27,CF062,CF063,,,,,,,yes,,yes,NA,NA,NA,NA,NA,158000,,,,,,,30_LF_first
1.21.2020,second,Choiniere,5,52,RH,cns,yes2,,,,,,,2,CF085,,,,,,,,no,,yes,NA,NA,NA,NA,NA,280000,,,,,,,52_RH_second
1.21.2020,second,Choiniere,6,54,LH,cns,yes2,,,,,,,2,CF087,,,,,,,,no,,yes,NA,NA,NA,NA,NA,18000,,,,,,,54_LH_second
1.21.2020,second,Choiniere,7,40,RH,cns,yes2,,,,,,,2,CF090,,,,,,,,no,,yes,NA,NA,NA,NA,NA,160000,,,,,,,40_RH_second
1.21.2020,second,Choiniere,8,69,LH,cns,yes2,,,,,,,2,CF092,,,,,,,,no,,yes,NA,NA,NA,NA,NA,110000,,,,,,,69_LH_second
1.21.2020,second,Choiniere,8,69,RH,cns,yes2,,,,,,,2,CF093,,,,,,,,no,,yes,NA,NA,NA,NA,NA,210000,,,,,,,69_RH_second
1.21.2020,second,Choiniere,9,49,RH,cns,yes2,,,,,,,2,CF095,,,,,,,,no,,yes,NA,NA,NA,NA,NA,90000,,,,,,,49_RH_second
1.21.2020,second,Choiniere,16,7,LH,cns,yes27,strep,yes27,,,,,27,CF101,CF102,,,,,yes,,yes,,yes,NA,NA,NA,NA,NA,510000,,,,,,,7_LH_second
1.21.2020,second,Choiniere,16,7,RH,cns,yes1,,,,,,,1,CF103,,,,,,,,no,,yes,NA,NA,NA,NA,NA,2000,,,,,,,7_RH_second
1.21.2020,second,Choiniere,16,7,RF,cns,yes2,,,,,,,2,CF104,,,,,,,,no,,yes,NA,NA,NA,NA,NA,190000,,,,,,,7_RF_second
1.21.2020,second,Choiniere,17,32,LF,cns,yes2,,,,,,,2,CF105,,,,,,,,no,,yes,NA,NA,NA,NA,NA,150000,,,,,,,32_LF_second
1.21.2020,second,Choiniere,20,30,LH,cns,yes2,,,,,,,2,CF110,,,,,,,,,,yes,NA,NA,NA,NA,NA,140000,,,,,,,30_LH_second
1.21.2020,second,Choiniere,29,41,LH,cns,yes2,,,,,,,1,CF121,,,,,,,,no,,yes,NA,NA,NA,NA,NA,180000,,,,,,,41_LH_second
1.21.2020,second,Choiniere,29,41,LF,cns,yes2,,,,,,,2,CF122,,,,,,,,no,,yes,NA,NA,NA,NA,NA,57000,,,,,,,41_LF_second
1.21.2020,second,Choiniere,33,16,LF,cns,yes2,,,,,,,2,CF129,,,,,,,,no,,yes,NA,NA,NA,NA,NA,190000,,,,,,,16_LF_second
1.21.2020,second,Choiniere,34,56,LF,cns,yes2,,,,,,,2,CF131,,,,,,,,no,,yes,NA,NA,NA,NA,NA,34000,,,,,,,56_LF_second
2.17.2020,third,Choiniere,2,56,LF,cns,yes2,,,,,,,2,CF136,,,,,,,,no,,yes,NA,NA,NA,NA,NA,270000,,,,,,,56_LF_third
2.17.2020,third,Choiniere,4,69,LH,cns,yes2,,,,,,,2,CF137,,,,,,,,no,,yes,NA,NA,NA,NA,NA,85000,,,,,,,69_LH_third
2.17.2020,third,Choiniere,4,69,RH,cns,yes2,,,,,,,2,CF138,,,,,,,,no,,yes,NA,NA,NA,NA,NA,180000,,,,,,,69_RH_third
2.17.2020,third,Choiniere,12,41,LH,cns,yes2,,,,,,,2,CF148,,,,,,,,no,,yes,NA,NA,NA,NA,NA,560000,,,,,,,41_LH_third
2.17.2020,third,Choiniere,12,41,LF,cns,yes2,,,,,,,2,CF149,,,,,,,,no,,yes,NA,NA,NA,NA,NA,220000,,,,,,,41_LF_third
2.17.2020,third,Choiniere,13,7,LH,cns,yes2,,,,,,,2,CF150,,,,,,,,no,,yes,NA,NA,NA,NA,NA,530000,,,,,,,7_LH_third
2.17.2020,third,Choiniere,13,7,RF,cns,yes2,,,,,,,2,CF151,,,,,,,,no,,yes,NA,NA,NA,NA,NA,180000,,,,,,,7_RF_third
2.17.2020,third,Choiniere,14,12,RF,cns,yes2,,,,,,,2,CF153,,,,,,,,no,,yes,NA,NA,NA,NA,NA,42000,,,,,,,12_RF_third
2.17.2020,third,Choiniere,18,93,RF,cns,yes2,,,,,,,2,CF159,,,,,,,,no,,yes,NA,NA,NA,NA,NA,1.00E+06,,,,,,,93_RF_third
2.17.2020,third,Choiniere,24,23,RF,cns,yes2,,,,,,,2,CF169,,,,,,,,no,,yes,NA,NA,NA,NA,NA,2.00E+05,,,,,,,23_RF_third
2.17.2020,third,Choiniere,32,30,LH,cns,yes2,,,,,,,2,CF177,,,,,,,,no,,yes,NA,NA,NA,NA,NA,140000,,,,,,,30_LH_third
2.17.2020,third,Choiniere,32,30,LF,cns,yes27,strep,yes27,,,,,27,CF178,CF179,,,,,,,yes,,yes,NA,NA,NA,NA,NA,250000,,,,,,,30_LF_third
2.17.2020,third,Choiniere,34,52,RH,cns,yes2,,,,,,,2,CF180,,,,,,,,no,,yes,NA,NA,NA,NA,NA,37000,,,,,,,52_RH_third
3.16.2020,fourth,Choiniere,3,49,RH,cns,yes2,,,,,,,2,CF190,,,,,,,,no,,yes,NA,NA,NA,NA,NA,80000,,,,,,,49_RH_fourth
3.16.2020,fourth,Choiniere,4,16,LF,cns,yes2,cns,other18,,,,,2,CF191,CF192,,,,,,,tbd,,yes,NA,NA,NA,NA,NA,190000,,,,,,,16_LF_fourth
3.16.2020,fourth,Choiniere,10,40,RH,cns,yes2,,,,,,,2,CF204,,,,,,,,no,,yes,NA,NA,NA,NA,NA,83000,,,,,,,40_RH_fourth
3.16.2020,fourth,Choiniere,12,23,RF,cns,yes2,,,,,,,2,CF206,,,,,,,,no,,yes,NA,NA,NA,NA,NA,180000,,,,,,,23_RF_fourth
3.16.2020,fourth,Choiniere,15,41,LH,cns,yes2,,,,,,,2,CF211,,,,,,,,no,,yes,NA,NA,NA,NA,NA,2.00E+05,,,,,,,41_LH_fourth
3.16.2020,fourth,Choiniere,15,41,LF,cns,yes2,,,,,,,2,CF212,,,,,,,,no,,yes,NA,NA,NA,NA,NA,46000,,,,,,,41_LF_fourth
3.16.2020,fourth,Choiniere,19,52,RH,cns,yes2,,,,,,,2,CF219,,,,,,,,no,,yes,NA,NA,NA,NA,NA,45000,,,,,,,52_RH_fourth
3.16.2020,fourth,Choiniere,21,32,LF,cns,yes2,,,,,,,2,CF221,,,,,,,,no,,yes,NA,NA,NA,NA,NA,56000,,,,,,,32_LF_fourth
3.16.2020,fourth,Choiniere,25,87,LF,cns,yes27,cns,yes27,,,,,27,CF225,CF226,,,,,,yes,tbd,,yes,NA,NA,NA,NA,NA,4.00E+05,,,,,,,87_LF_fourth
3.16.2020,fourth,Choiniere,26,65,RF,cns,yes2,,,,,,,2,CF227,,,,,,,,no,,yes,NA,NA,NA,NA,NA,54000,,,,,,,65_RF_fourth
3.16.2020,fourth,Choiniere,30,7,LH,cns,yes2,,,,,,,2,CF231,,,,,,,,no,,yes,NA,NA,NA,NA,NA,210000,,,,,,,7_LH_fourth
3.16.2020,fourth,Choiniere,30,7,RF,cns,yes2,,,,,,,2,CF232,,,,,,,,no,,yes,NA,NA,NA,NA,NA,2000,,,,,,,7_RF_fourth
3.16.2020,fourth,Choiniere,32,69,RH,cns,yes2,,,,,,,2,CF235,,,,,,,,no,,yes,NA,NA,NA,NA,NA,39000,,,,,,,69_RH_fourth
3.16.2020,fourth,Choiniere,33,97,LF,strep,yes27,cns,yes27,,,,,27,CF239,CF240,,,,,,,yes,,yes,NA,NA,NA,NA,NA,240000,,,,,,,97_LF_fourth
3.16.2020,fourth,Choiniere,36,56,LF,cns,yes2,,,,,,,2,CF244,,,,,,,yes,no,,yes,NA,NA,NA,NA,NA,240000,,,,,,,56_LF_fourth
1.14.2020,first,Glennview,3,133,LH,cns,yes2,,,,,,,2,GV003,,,,,,,,no,,yes,NA,NA,NA,NA,NA,65000,,,,,,,133_LH_first
1.14.2020,first,Glennview,6,165,RH,cns,yes2,,,,,,,2,GV010,,,,,,,,no,,yes,NA,NA,NA,NA,NA,80000,,,,,,,165_RH_first
1.14.2020,first,Glennview,6,165,RF,cns,yes1,,,,,,,1,GV011,,,,,,,,no,,yes,NA,NA,NA,NA,NA,97000,,,,,,,165_RF_first
1.14.2020,first,Glennview,7,54,LH,strep,yes27,cns,yes27,?,other31,,,27,GV012,GV013,GV0049,,,,,,yes,,yes,NA,NA,NA,NA,NA,270000,,,,,,,54_LH_first
1.14.2020,first,Glennview,7,54,RH,cns,yes27,strep,yes27,,,,,27,GV014,GV015,,,,,,,yes,,yes,NA,NA,NA,NA,NA,190000,,,,,,,54_RH_first
1.14.2020,first,Glennview,8,160,RH,cns,yes2,,,,,,,2,GV016,,,,,,,,no,,yes,NA,NA,NA,NA,NA,270000,,,,,,,160_RH_first
1.14.2020,first,Glennview,9,456,LH,strep,yes27,cns,yes27,,,,,27,GV017,GV018,,,,,,,yes,,yes,NA,NA,NA,NA,NA,290000,,,,,,,456_LH_first
1.14.2020,first,Glennview,9,456,LF,cns,yes2,,,,,,,2,GV019,,,,,,,,no,,yes,NA,NA,NA,NA,NA,120000,,,,,,,456_LF_first
1.14.2020,first,Glennview,11,199,LH,cns,yes2,,,,,,,2,GV023,,,,,,,,no,,yes,NA,NA,NA,NA,NA,120000,,,,,,,199_LH_first
1.14.2020,first,Glennview,11,199,RH,cns,yes2,,,,,,,2,GV024,,,,,,,,no,,yes,NA,NA,NA,NA,NA,190000,,,,,,,199_RH_first
1.14.2020,first,Glennview,16,192,RF,cns,yes2,,,,,,,2,GV027,,,,,,,,no,,yes,NA,NA,NA,NA,NA,3.00E+05,,,,,,,192_RF_first
1.14.2020,first,Glennview,18,27,RH,cns,yes2,,,,,,,2,GV030,,,,,,,,no,,yes,NA,NA,NA,NA,NA,72000,,,,,,,27_RH_first
1.14.2020,first,Glennview,25,70,RF,cns,yes2,,,,,,,2,GV038,,,,,,,,no,,yes,NA,NA,NA,NA,NA,140000,,,,,,,70_RF_first
1.14.2020,first,Glennview,27,42,LF,cns,yes2,,,,,,,2,GV039,,,,,,,,no,,yes,NA,NA,NA,NA,NA,310000,,,,,,,42_LF_first
1.14.2020,first,Glennview,28,43,RH,cns,yes2,,,,,,,2,GV041,,,,,,,,no,,yes,NA,NA,NA,NA,NA,6100000,,,,,,,43_RH_first
1.14.2020,first,Glennview,29,207,LH,cns,yes2,,,,,,,2,GV042,,,,,,,,no,,yes,NA,NA,NA,NA,NA,84000,,,,,,,207_LH_first
1.14.2020,first,Glennview,33,79,RH,cns,yes2,,,,,,,2,GV045,,,,,,,,,,yes,NA,NA,NA,NA,NA,620000,,,,,,,79_RH_first
1.14.2020,first,Glennview,33,79,RF,cns,yes1,,,,,,,1,GV046,,,,,,,,,,yes,NA,NA,NA,NA,NA,22000,,,,,,,79_RF_first
1.14.2020,first,Glennview,35,205,LH,cns,yes2,,,,,,,2,GV047,,,,,,,,no,,yes,NA,NA,NA,NA,NA,63000,,,,,,,205_LH_first
1.14.2020,first,Glennview,35,205,RH,cns,yes2,,,,,,,2,GV048,,,,,,,,no,,yes,NA,NA,NA,NA,NA,22000,,,,,,,205_RH_first
2.19.2020,second,Glennview,3,173,LH,cns,yes2,,,,,,,2,GV050,,,,,,,,no,,yes,NA,NA,NA,NA,NA,390000,,,,,,,173_LH_second
2.19.2020,second,Glennview,3,173,RH,cns,yes1,,,,,,,1,GV051,,,,,,,,no,,yes,NA,NA,NA,NA,NA,67000,,,,,,,173_RH_second
2.19.2020,second,Glennview,8,133,LH,cns,yes2,,,,,,,2,GV059,,,,,,,,no,,yes,NA,NA,NA,NA,NA,46000,,,,,,,133_LH_second
2.19.2020,second,Glennview,9,79,RH,cns,yes27,cns,yes27,,,,,27,GV062,GV063,,,,,,,tbd,,yes,NA,NA,NA,NA,NA,270000,,,,,,,79_RH_second
2.19.2020,second,Glennview,13,54,LH,strep,yes27,cns,yes27,,,,,27,GV064,GV065,,,,,,,yes,,yes,NA,NA,NA,NA,NA,190000,,,,,,,54_LH_second
2.19.2020,second,Glennview,14,27,RH,cns,yes2,,,,,,,2,GV069,,,,,,,,,,yes,NA,NA,NA,NA,NA,67000,,,,,,,27_RH_second
2.19.2020,second,Glennview,18,42,LF,cns,yes2,,,,,,,2,GV073,,,,,,,,no,,yes,NA,NA,NA,NA,NA,160000,,,,,,,42_LF_second
2.19.2020,second,Glennview,20,160,RH,cns,yes2,,,,,,,2,GV076,,,,,,,,no,,yes,NA,NA,NA,NA,NA,120000,,,,,,,160_RH_second
2.19.2020,second,Glennview,23,165,RF,cns,yes2,,,,,,,2,GV081,,,,,,,,no,,yes,NA,NA,NA,NA,NA,220000,,,,,,,165_RF_second
2.19.2020,second,Glennview,27,169,LF,cns,yes1,,,,,,,1,GV085,,,,,,,,no,,yes,NA,NA,NA,NA,NA,10000,,,,,,,169_LF_second
2.19.2020,second,Glennview,29,204,LH,cns,,,,,,,,2,GV088,,,,,,,,no,,yes,NA,NA,NA,NA,NA,4000,,,,,,,204_LH_second
2.19.2020,second,Glennview,30,207,LH,cns,yes1,,,,,,,1,GV089,,,,,,,,no,,yes,NA,NA,NA,NA,NA,66000,,,,,,,207_LH_second
2.19.2020,second,Glennview,31,192,RF,cns,yes2,,,,,,,2,GV090,,,,,,,,no,,yes,NA,NA,NA,NA,NA,130000,,,,,,,192_RF_second
2.19.2020,second,Glennview,32,199,LH,cns,yes2,,,,,,,2,GV091,,,,,,,,no,,yes,NA,NA,NA,NA,NA,40000,,,,,,,199_LH_second
2.19.2020,second,Glennview,32,199,RH,cns,yes2,,,,,,,2,GV092,,,,,,,,no,,yes,NA,NA,NA,NA,NA,79000,,,,,,,199_RH_second
2.19.2020,second,Glennview,33,70,LF,cns,yes2,,,,,,,2,GV095,,,,,,,,no,,yes,NA,NA,NA,NA,NA,86000,,,,,,,70_LF_second
2.19.2020,second,Glennview,35,198,LH,cns,yes2,,,,,,,2,GV097,,,,,,,,no,,yes,NA,NA,NA,NA,NA,66000,,,,,,,198_LH_second
2.19.2020,second,Glennview,35,198,LF,cns,yes2,,,,,,,2,GV098,,,,,,,,no,,yes,NA,NA,NA,NA,NA,4000,,,,,,,198_LF_second
2.19.2020,second,Glennview,36,93,RH,strep,yes27,cns,yes27,,,,,27,GV099,GV100,,,,,,,yes,,yes,NA,NA,NA,NA,NA,3900000,,,,,,,93_RH_second
3.19.2020,third,Glennview,2,199,LH,cns,yes2,,,,,,,2,GV101,,,,,,,,no,,yes,NA,NA,NA,NA,NA,46000,,,,,,,199_LH_third
3.19.2020,third,Glennview,2,199,RH,cns,yes2,,,,,,,2,GV102,,,,,,,,no,,yes,NA,NA,NA,NA,NA,120000,,,,,,,199_RH_third
3.19.2020,third,Glennview,3,172,RF,cns,yes2,,,,,,,2,GV104,,,,,,,,no,,yes,NA,NA,NA,NA,NA,7000,,,,,,,172_RF_third
3.19.2020,third,Glennview,6,173,LH,cns,yes2,,,,,,,2,GV109,,,,,,,,no,,yes,NA,NA,NA,NA,NA,2.00E+05,,,,,,,173_LH_third
3.19.2020,third,Glennview,6,173,RH,cns,yes1,,,,,,,1,GV110,,,,,,,,no,,yes,NA,NA,NA,NA,NA,130000,,,,,,,173_RH_third
3.19.2020,third,Glennview,7,198,LH,cns,yes2,,,,,,,2,GV111,,,,,,,,no,,yes,NA,NA,NA,NA,NA,370000,,,,,,,198_LH_third
3.19.2020,third,Glennview,8,165,RF,cns,yes2,cns,other18,,,,,2,GV115,GV160,,,,,,,tbd,,yes,NA,NA,NA,NA,NA,240000,,,,,,,165_RF_third
3.19.2020,third,Glennview,10,42,LF,cns,yes2,,,,,,,2,GV117,,,,,,,,no,,yes,NA,NA,NA,NA,NA,120000,,,,,,,42_LF_third
3.19.2020,third,Glennview,12,79,RH,cns,yes2,,,,,,,2,GV120,,,,,,,,no,,yes,NA,NA,NA,NA,NA,2.00E+05,,,,,,,79_RH_third
3.19.2020,third,Glennview,12,79,RF,cns,yes29,,,,,,,29,GV121,,,,,,,,no,,yes,NA,NA,NA,NA,NA,11000,,,,,,,79_RF_third
3.19.2020,third,Glennview,13,93,LH,corynebac,yes27,cns,yes27,,,,,27,GV122,GV123,,,,,,,no,,yes,NA,NA,NA,NA,NA,26000,,,,,,,93_LH_third
3.19.2020,third,Glennview,13,93,LF,cns,yes29,,,,,,,29,GV124,,,,,,,,no,,yes,NA,NA,NA,NA,NA,30000,,,,,,,93_LF_third
3.19.2020,third,Glennview,15,128,RH,cns,yes1,corynebac,no5,,,,,1,GV131,GV132,,,,,,,no,,yes,NA,NA,NA,NA,NA,12000,,,,,,,128_RH_third
3.19.2020,third,Glennview,23,207,LH,cns,,,,,,,,2,GV136,,,,,,,,no,,yes,NA,NA,NA,NA,NA,110000,,,,,,,207_LH_third
3.19.2020,third,Glennview,24,54,LH,strep,yes27,cns,yes27,,,,,27,GV137,GV138,,,,,,,yes,,yes,NA,NA,NA,NA,NA,87000,,,,,,,54_LH_third
3.19.2020,third,Glennview,26,27,RH,cns,yes27,cns,yes27,,,,,27,GV144,GV145,,,,,,,tbd,,yes,NA,NA,NA,NA,NA,70000,,,,,,,27_RH_third
3.19.2020,third,Glennview,27,205,LH,cns,yes1,,,,,,,1,GV146,,,,,,,,no,,yes,NA,NA,NA,NA,NA,460000,,,,,,,205_LH_third
3.19.2020,third,Glennview,27,205,RH,cns,yes2,,,,,,,2,GV147,,,,,,,,no,,yes,NA,NA,NA,NA,NA,58000,,,,,,,205_RH_third
3.19.2020,third,Glennview,28,70,LF,cns,,,,,,,,2,GV150,,,,,,,,no,,yes,NA,NA,NA,NA,NA,62000,,,,,,,70_LF_third
3.19.2020,third,Glennview,31,192,RF,cns,yes2,,,,,,,2,GV154,,,,,,,,no,,yes,NA,NA,NA,NA,NA,63000,,,,,,,192_RF_third
1.3.2020,first,OughtaBe,2,kit,LH,cns,yes2,,,,,,,2,OB002,,,,,,,,no,,yes,NA,NA,NA,NA,NA,290000,,,,,,,kit_LH_first
1.3.2020,first,OughtaBe,4,aloha,LH,cns,yes2,,,,,,,2,OB003,,,,,,,,no,,yes,NA,NA,NA,NA,NA,550000,,,,,,,aloha_LH_first
1.3.2020,first,OughtaBe,7,rabbit,RF,cns,yes2,,,,,,,2,OB004,,,,,,,,no,,yes,NA,NA,NA,NA,NA,3.00E+05,,,,,,,rabbit_RF_first
1.3.2020,first,OughtaBe,9,goody,LH,cns,yes2,cns,other35,,,,,35,OB006,OB007,,,,,,,tbd,,yes,NA,NA,NA,NA,NA,3.00E+05,,,,,,,goody_LH_first
1.3.2020,first,OughtaBe,9,goody,LF,cns,yes2,,,,,,,2,OB008,,,,,,,,no,,yes,NA,NA,NA,NA,NA,540000,,,,,,,goody_LF_first
1.3.2020,first,OughtaBe,10,korny,LH,cns,yes27,strep,yes27,,,,,27,OB009,OB010,,,,,,,yes,,yes,NA,NA,NA,NA,NA,120000,,,,,,,korny_LH_first
1.3.2020,first,OughtaBe,11,racer,LH,cns,yes2,,,,,,,2,OB014,,,,,,,,no,,yes,NA,NA,NA,NA,NA,370000,,,,,,,racer_LH_first
1.3.2020,first,OughtaBe,11,racer,RF,cns,yes2,,,,,,,2,OB015,,,,,,,,no,,yes,NA,NA,NA,NA,NA,250000,,,,,,,racer_RF_first
1.3.2020,first,OughtaBe,16,kandykorn,LF,cns,yes1,,,,,,,1,OB022,,,,,,,,no,,yes,NA,NA,NA,NA,NA,43000,,,,,,,kandykorn_LF_first
1.3.2020,first,OughtaBe,18,butterfly,RF,cns,yes2,,,,,,,2,OB023,,,,,,,,no,,yes,NA,NA,NA,NA,NA,3.00E+05,,,,,,,butterfly_RF_first
1.3.2020,first,OughtaBe,19,karla,LH,strep,yes27,cns,yes27,,,,,27,OB024,OB025,,,,,,,yes,,yes,NA,NA,NA,NA,NA,130000,,,,,,,karla_LH_first
1.3.2020,first,OughtaBe,19,karla,RH,cns,yes2,cns,other18,,,,,2,OB026,OB027,,,,,,,tbd,,yes,NA,NA,NA,NA,NA,570000,,,,,,,karla_RH_first
1.3.2020,first,OughtaBe,22,mschar,LH,cns,yes2,,,,,,,2,OB030,,,,,,,,no,,yes,NA,NA,NA,NA,NA,71000,,,,,,,mschar_LH_first
1.3.2020,first,OughtaBe,23,spice,LH,cns,yes2,,,,,,,2,OB031,,,,,,,,no,,yes,NA,NA,NA,NA,NA,34000,,,,,,,spice_LH_first
1.3.2020,first,OughtaBe,23,spice,LF,cns,yes2,,,,,,,2,OB032,,,,,,,,no,,yes,NA,NA,NA,NA,NA,9.00E+05,,,,,,,spice_LF_first
1.3.2020,first,OughtaBe,24,alf,RF,cns,yes2,,,,,,,2,OB033,,,,,,,,no,,yes,NA,NA,NA,NA,NA,450000,,,,,,,alf_RF_first
1.3.2020,first,OughtaBe,28,tiktac,RH,strep,yes27,cns,yes27,,,,,27,OB036,OB037,,,,,,,yes,,yes,NA,NA,NA,NA,NA,210000,,,,,,,tiktac_RH_first
1.3.2020,first,OughtaBe,32,tiktoe,LH,cns,yes2,,,,,,,2,OB041,,,,,,,,no,,yes,NA,NA,NA,NA,NA,110000,,,,,,,tiktoe_LH_first
1.3.2020,first,OughtaBe,32,tiktoe,LF,cns,yes2,,,,,,,2,OB042,,,,,,,,no,,yes,NA,NA,NA,NA,NA,61000,,,,,,,tiktoe_LF_first
1.3.2020,first,OughtaBe,32,tiktoe,RF,cns,yes2,,,,,,,2,OB044,,,,,,,,no,,yes,NA,NA,NA,NA,NA,160000,,,,,,,tiktoe_RF_first
1.3.2020,first,OughtaBe,33,peacock,LH,cns,yes2,,,,,,,2,OB045,,,,,,,,no,,yes,NA,NA,NA,NA,NA,240000,,,,,,,peacock_LH_first
1.3.2020,first,OughtaBe,33,peacock,LF,cns,yes2,,,,,,,2,OB046,,,,,,,,no,,yes,NA,NA,NA,NA,NA,770000,,,,,,,peacock_LF_first
1.3.2020,first,OughtaBe,34,applepie,LF,cns,yes2,,,,,,,2,OB047,,,,,,,,no,,yes,NA,NA,NA,NA,NA,810000,,,,,,,applepie_LF_first
1.3.2020,first,OughtaBe,34,applepie,RH,cns,yes2,,,,,,,2,OB048,,,,,,,,no,,yes,NA,NA,NA,NA,NA,130000,,,,,,,applepie_RH_first
1.3.2020,first,OughtaBe,34,applepie,RF,cns,yes27,strep,yes27,,,,,27,OB049,OB050,,,,,,,yes,,yes,NA,NA,NA,NA,NA,1200000,,,,,,,applepie_RF_first
1.3.2020,first,OughtaBe,35,katie,LH,cns,yes2,,,,,,,2,OB051,,,,,,,,no,,yes,NA,NA,NA,NA,NA,180000,,,,,,,katie_LH_first
1.3.2020,first,OughtaBe,36,ginger,RH,cns,yes2,,,,,,,2,OB053,,,,,,,,no,,yes,NA,NA,NA,NA,NA,1400000,,,,,,,ginger_RH_first
2.14.2020,second,OughtaBe,2,aloha,LH,cns,yes2,cns,other18,,,,,2,OB056,OB058,,,,,,,tbd,,yes,NA,NA,NA,NA,NA,2600000,,,,,,,aloha_LH_second
2.14.2020,second,OughtaBe,2,aloha,RH,cns,yes1,,,,,,,1,OB057,,,,,,,,no,,yes,NA,NA,NA,NA,NA,10000,,,,,,,aloha_RH_second
2.14.2020,second,OughtaBe,3,kit,LH,cns,yes2,,,,,,,2,OB059,,,,,,,,no,,yes,NA,NA,NA,NA,NA,320000,,,,,,,kit_LH_second
2.14.2020,second,OughtaBe,5,rabbit,RF,cns,yes1,,,,,,,1,OB061,,,,,,,,no,,yes,NA,NA,NA,NA,NA,3.00E+05,,,,,,,rabbit_RF_second
2.14.2020,second,OughtaBe,9,goody,LH,cns,yes2,,,,,,,2,OB062,,,,,,,,no,,yes,NA,NA,NA,NA,NA,520000,,,,,,,goody_LH_second
2.14.2020,second,OughtaBe,9,goody,LF,cns,yes2,,,,,,,2,OB063,,,,,,,,no,,yes,NA,NA,NA,NA,NA,580000,,,,,,,goody_LF_second
2.14.2020,second,OughtaBe,11,korny,LH,strep,yes27,cns,yes27,,,,,27,OB064,OB065,,,,,,,yes,,yes,NA,NA,NA,NA,NA,180000,,,,,,,korny_LH_second
2.14.2020,second,OughtaBe,11,korny,LF,cns,yes2,,,,,,,2,OB066,,,,,,,,no,,yes,NA,NA,NA,NA,NA,230000,,,,,,,korny_LF_second
2.14.2020,second,OughtaBe,11,korny,RH,cns,yes2,,,,,,,2,OB067,,,,,,,,no,,yes,NA,NA,NA,NA,NA,43000,,,,,,,korny_RH_second
2.14.2020,second,OughtaBe,11,korny,RF,cns,yes2,,,,,,,2,OB068,,,,,,,,no,,yes,NA,NA,NA,NA,NA,90000,,,,,,,korny_RF_second
2.14.2020,second,OughtaBe,13,racer,LH,cns,yes2,,,,,,,2,OB069,,,,,,,,no,,yes,NA,NA,NA,NA,NA,630000,,,,,,,racer_LH_second
2.14.2020,second,OughtaBe,13,racer,RF,cns,yes2,,,,,,,2,OB070,,,,,,,,no,,yes,NA,NA,NA,NA,NA,150000,,,,,,,racer_RF_second
2.14.2020,second,OughtaBe,14,kandykorn,LF,cns,yes2,,,,,,,2,OB071,,,,,,,,no,,yes,NA,NA,NA,NA,NA,110000,,,,,,,kandykorn_LF_second
2.14.2020,second,OughtaBe,15,peonie,RF,cns,yes2,,,,,,,2,OB073,,,,,,,,,,yes,NA,NA,NA,NA,NA,240000,,,,,,,peonie_RF_second
2.14.2020,second,OughtaBe,17,mschar,LH,cns,yes2,,,,,,,2,OB077,,,,,,,,no,,yes,NA,NA,NA,NA,NA,170000,,,,,,,mschar_LH_second
2.14.2020,second,OughtaBe,18,karla,LH,cns,yes27,cns,yes27,,,,,27,OB078,OB079,,,,,,,yes,,yes,NA,NA,NA,NA,NA,310000,,,,,,,karla_LH_second
2.14.2020,second,OughtaBe,18,karla,RH,strep,yes27,cns,yes27,,,,,27,OB080,OB081,,,,,,,yes,,yes,NA,NA,NA,NA,NA,110000,,,,,,,karla_RH_second
2.14.2020,second,OughtaBe,20,butterfly,RF,cns,yes2,,,,,,,2,OB084,,,,,,,,no,,yes,NA,NA,NA,NA,NA,240000,,,,,,,butterfly_RF_second
2.14.2020,second,OughtaBe,21,spice,LF,cns,yes2,,,,,,,2,OB085,,,,,,,,no,,yes,NA,NA,NA,NA,NA,960000,,,,,,,spice_LF_second
2.14.2020,second,OughtaBe,24,alf,RF,cns,yes2,,,,,,,2,OB091,,,,,,,,no,,yes,NA,NA,NA,NA,NA,1.00E+06,,,,,,,alf_RF_second
2.14.2020,second,OughtaBe,27,pistol,RH,strep,yes27,cns,yes27,,,,,27,OB092,OB093,,,,,,,yes,,yes,NA,NA,NA,NA,NA,260000,,,,,,,pistol_RH_second
2.14.2020,second,OughtaBe,29,honey,LH,cns,yes1,,,,,,,1,OB095,,,,,,,,no,,yes,NA,NA,NA,NA,NA,78000,,,,,,,honey_LH_second
2.14.2020,second,OughtaBe,33,tiktoe,LH,cns,yes2,,,,,,,2,OB097,,,,,,,,no,,yes,NA,NA,NA,NA,NA,77000,,,,,,,tiktoe_LH_second
2.14.2020,second,OughtaBe,33,tiktoe,LF,cns,yes2,,,,,,,2,OB098,,,,,,,,no,,yes,NA,NA,NA,NA,NA,33000,,,,,,,tiktoe_LF_second
2.14.2020,second,OughtaBe,33,tiktoe,RF,cns,yes2,,,,,,,2,OB100,,,,,,,,no,,yes,NA,NA,NA,NA,NA,110000,,,,,,,tiktoe_RF_second
2.14.2020,second,OughtaBe,34,ginger,RH,cns,yes2,,,,,,,2,OB101,,,,,,,,no,,yes,NA,NA,NA,NA,NA,230000,,,,,,,ginger_RH_second
2.14.2020,second,OughtaBe,35,katie,LH,cns,yes2,,,,,,,2,OB102,,,,,,,,no,,yes,NA,NA,NA,NA,NA,190000,,,,,,,katie_LH_second
2.14.2020,second,OughtaBe,36,applepie,LF,cns,yes2,,,,,,,2,OB104,,,,,,,,no,,yes,NA,NA,NA,NA,NA,630000,,,,,,,applepie_LF_second
2.14.2020,second,OughtaBe,36,applepie,RF,strep,yes27,cns,yes27,,,,,27,OB106,OB107,,,,,,,yes,,yes,NA,NA,NA,NA,NA,1200000,,,,,,,applepie_RF_second
2.14.2020,second,OughtaBe,37,peacock,LH,cns,yes2,,,,,,,2,OB108,,,,,,,,no,,yes,NA,NA,NA,NA,NA,580000,,,,,,,peacock_LH_second
2.14.2020,second,OughtaBe,37,peacock,LF,cns,yes2,,,,,,,2,OB109,,,,,,,,no,,yes,NA,NA,NA,NA,NA,1400000,,,,,,,peacock_LF_second
3.12.2020,third,OughtaBe,1,rabbit,RF,cns,yes2,,,,,,,2,OB110,,,,,,,,no,,yes,NA,NA,NA,NA,NA,28000,,,,,,,rabbit_RF_third
3.12.2020,third,OughtaBe,2,aloha,LH,cns,yes2,,,,,,,2,OB111,,,,,,,,no,,yes,NA,NA,NA,NA,NA,130000,,,,,,,aloha_LH_third
3.12.2020,third,OughtaBe,5,kit,LH,cns,yes2,cns,other18,,,,,2,OB112,OB168,,,,,,,tbd,,yes,NA,NA,NA,NA,NA,120000,,,,,,,kit_LH_third
3.12.2020,third,OughtaBe,6,korny,LH,cns,yes27,strep,yes27,,,,,27,OB113,OB114,,,,,,,yes,,yes,NA,NA,NA,NA,NA,20000,,,,,,,korny_LH_third
3.12.2020,third,OughtaBe,6,korny,LF,cns,yes2,,,,,,,2,OB115,,,,,,,,no,,yes,NA,NA,NA,NA,NA,28000,,,,,,,korny_LF_third
3.12.2020,third,OughtaBe,6,korny,RH,cns,yes2,,,,,,,2,OB116,,,,,,,,no,,yes,NA,NA,NA,NA,NA,8000,,,,,,,korny_RH_third
3.12.2020,third,OughtaBe,6,korny,RF,cns,yes2,,,,,,,2,OB117,,,,,,,,no,,yes,NA,NA,NA,NA,NA,13000,,,,,,,korny_RF_third
3.12.2020,third,OughtaBe,7,grape,LF,cns,yes2,,,,,,,2,OB118,,,,,,,,no,,yes,NA,NA,NA,NA,NA,28000,,,,,,,grape_LF_third
3.12.2020,third,OughtaBe,7,grape,RH,cns,yes2,,,,,,,2,OB119,,,,,,,,no,,yes,NA,NA,NA,NA,NA,20000,,,,,,,grape_RH_third
3.12.2020,third,OughtaBe,7,grape,RF,cns,yes2,,,,,,,2,OB120,,,,,,,,no,,yes,NA,NA,NA,NA,NA,71000,,,,,,,grape_RF_third
3.12.2020,third,OughtaBe,9,ruger,RF,cns,yes2,,,,,,,2,OB124,,,,,,,,no,,yes,NA,NA,NA,NA,NA,3000,,,,,,,ruger_RF_third
3.12.2020,third,OughtaBe,10,goody,LH,cns,yes2,,,,,,,2,OB125,,,,,,,,no,,yes,NA,NA,NA,NA,NA,1.00E+05,,,,,,,goody_LH_third
3.12.2020,third,OughtaBe,10,goody,LF,cns,yes27,cns,yes27,,,,,27,OB126,OB127,,,,,,,tbd,,yes,NA,NA,NA,NA,NA,3.00E+05,,,,,,,goody_LF_third
3.12.2020,third,OughtaBe,11,izzie,LF,cns,yes2,,,,,,,2,OB128,,,,,,,,no,,yes,NA,NA,NA,NA,NA,2000,,,,,,,izzie_LF_third
3.12.2020,third,OughtaBe,13,racer,LH,cns,yes2,,,,,,,2,OB129,,,,,,,,no,,yes,NA,NA,NA,NA,NA,250000,,,,,,,racer_LH_third
3.12.2020,third,OughtaBe,13,racer,RF,cns,yes2,,,,,,,2,OB130,,,,,,,,no,,yes,NA,NA,NA,NA,NA,40000,,,,,,,racer_RF_third
3.12.2020,third,OughtaBe,14,peonie,RH,cns,yes2,,,,,,,2,OB131,,,,,,,,no,,yes,NA,NA,NA,NA,NA,4000,,,,,,,peonie_RH_third
3.12.2020,third,OughtaBe,14,peonie,RF,cns,yes2,,,,,,,2,OB132,,,,,,,,no,,yes,NA,NA,NA,NA,NA,20000,,,,,,,peonie_RF_third
3.12.2020,third,OughtaBe,15,butterfly,RF,cns,yes2,,,,,,,2,OB133,,,,,,,,no,,yes,NA,NA,NA,NA,NA,50000,,,,,,,butterfly_RF_third
3.12.2020,third,OughtaBe,16,kandykorn,LF,cns,yes2,,,,,,,2,OB134,,,,,,,,no,,yes,NA,NA,NA,NA,NA,29000,,,,,,,kandykorn_LF_third
3.12.2020,third,OughtaBe,17,kooper,LH,cns,yes2,,,,,,,2,OB135,,,,,,,,,,yes,NA,NA,NA,NA,NA,43000,,,,,,,kooper_LH_third
3.12.2020,third,OughtaBe,17,kooper,LF,cns,yes2,,,,,,,2,OB136,,,,,,,,,,yes,NA,NA,NA,NA,NA,13000,,,,,,,kooper_LF_third
3.12.2020,third,OughtaBe,19,mschar,LH,cns,yes2,,,,,,,2,OB140,,,,,,,,no,,yes,NA,NA,NA,NA,NA,160000,,,,,,,mschar_LH_third
3.12.2020,third,OughtaBe,20,karla,LH,cns,yes27,cns,yes27,,,,,27,OB141,OB142,,,,,,,tbd,,yes,NA,NA,NA,NA,NA,70000,,,,,,,karla_LH_third
3.12.2020,third,OughtaBe,20,karla,RH,cns,yes27,strep,yes27,,,,,27,OB143,OB144,,,,,,,yes,,yes,NA,NA,NA,NA,NA,29000,,,,,,,karla_RH_third
3.12.2020,third,OughtaBe,21,spice,LF,cns,yes2,,,,,,,2,OB145,,,,,,,,no,,yes,NA,NA,NA,NA,NA,63000,,,,,,,spice_LF_third
3.12.2020,third,OughtaBe,22,alf,RF,cns,yes2,,,,,,,2,OB148,,,,,,,,no,,yes,NA,NA,NA,NA,NA,410000,,,,,,,alf_RF_third
3.12.2020,third,OughtaBe,24,jenny,LH,strep,yes27,cns,yes27,,,,,27,OB150,OB151,,,,,,,yes,,yes,NA,NA,NA,NA,NA,2.00E+05,,,,,,,jenny_LH_third
3.12.2020,third,OughtaBe,25,tiktac,RH,cns,yes27,strep,yes27,,,,,27,OB153,OB154,,,,,,,yes,,yes,NA,NA,NA,NA,NA,530000,,,,,,,tiktac_RH_third
3.12.2020,third,OughtaBe,32,penny,LF,cns,yes1,,,,,,,1,OB159,,,,,,,,no,,yes,NA,NA,NA,NA,NA,22000,,,,,,,penny_LF_third
3.12.2020,third,OughtaBe,33,tiktoe,LH,cns,yes2,,,,,,,2,OB160,,,,,,,,no,,yes,NA,NA,NA,NA,NA,19000,,,,,,,tiktoe_LH_third
3.12.2020,third,OughtaBe,33,tiktoe,LF,cns,yes2,,,,,,,2,OB161,,,,,,,,no,,yes,NA,NA,NA,NA,NA,20000,,,,,,,tiktoe_LF_third
3.12.2020,third,OughtaBe,33,tiktoe,RF,cns,yes2,,,,,,,2,OB163,,,,,,,,no,,yes,NA,NA,NA,NA,NA,12000,,,,,,,tiktoe_RF_third
3.12.2020,third,OughtaBe,35,katie,LH,cns,,,,,,,,2,OB167,,,,,,,,,,yes,NA,NA,NA,NA,NA,110000,,,,,,,katie_LH_third
1.17.2020,first,Paddlebridge,4,germ1140,RH,cns,yes2,,,,,,,2,PB001,,,,,,,,no,,yes,NA,NA,NA,NA,NA,150000,,,,,,,germ1140_RH_first
1.17.2020,first,Paddlebridge,8,kyra35,RH,cns,yes2,cns,other18,,,,,2,PB002,PB003,,,,,,,tbd,,yes,NA,NA,NA,NA,NA,210000,,,,,,,kyra35_RH_first
1.17.2020,first,Paddlebridge,12,fitzi31,RF,cns,yes2,,,,,,,2,PB005,,,,,,,,no,,yes,NA,NA,NA,NA,NA,56000,,,,,,,fitzi31_RF_first
1.17.2020,first,Paddlebridge,14,minerva34,RF,cns,yes2,,,,,,,2,PB007,,,,,,,,no,,yes,NA,NA,NA,NA,NA,130000,,,,,,,minerva34_RF_first
1.17.2020,first,Paddlebridge,17,likely30,LH,strep,yes27,cns,yes27,,,,,27,PB009,PB008,,,,,,,yes,,yes,NA,NA,NA,NA,NA,130000,,,,,,,likely30_LH_first
1.17.2020,first,Paddlebridge,17,likely30,LF,strep,yes27,cns,yes27,,,,,27,PB010,PB011,,,,,,,yes,,yes,NA,NA,NA,NA,NA,5.00E+05,,,,,,,likely30_LF_first
1.17.2020,first,Paddlebridge,19,farrent31,LH,cns,yes2,,,,,,,2,PB013,,,,,,,,no,,yes,NA,NA,NA,NA,NA,70000,,,,,,,farrent31_LH_first
1.17.2020,first,Paddlebridge,19,farrent31,RH,cns,yes2,,,,,,,2,PB014,,,,,,,,no,,yes,NA,NA,NA,NA,NA,36000,,,,,,,farrent31_RH_first
1.17.2020,first,Paddlebridge,24,shiela375,RH,cns,yes1,,,,,,,1,PB016,,,,,,,,no,,yes,NA,NA,NA,NA,NA,440000,,,,,,,shiela375_RH_first
1.17.2020,first,Paddlebridge,25,guana362,LH,cns,yes2,,,,,,,2,PB017,,,,,,,,no,,yes,NA,NA,NA,NA,NA,80000,,,,,,,guana362_LH_first
1.17.2020,first,Paddlebridge,27,saige313,LF,cns,yes2,,,,,,,2,PB019,,,,,,,,no,,yes,NA,NA,NA,NA,NA,570000,,,,,,,saige313_LF_first
1.17.2020,first,Paddlebridge,27,saige313,RH,cns,yes2,,,,,,,2,PB020,,,,,,,,no,,yes,NA,NA,NA,NA,NA,3.00E+06,,,,,,,saige313_RH_first
1.17.2020,first,Paddlebridge,28,sapphire338,RH,cns,yes2,,,,,,,2,PB021,,,,,,,,no,,yes,NA,NA,NA,NA,NA,260000,,,,,,,sapphire338_RH_first
1.17.2020,first,Paddlebridge,30,gift379,LF,cns,yes2,,,,,,,2,PB023,,,,,,,,no,,yes,NA,NA,NA,NA,NA,210000,,,,,,,gift379_LF_first
1.17.2020,first,Paddlebridge,30,gift379,RF,cns,yes2,,,,,,,2,PB024,,,,,,,,no,,yes,NA,NA,NA,NA,NA,190000,,,,,,,gift379_RF_first
1.17.2020,first,Paddlebridge,32,farrah363,LF,cns,yes2,,,,,,,2,PB026,,,,,,,,no,,yes,NA,NA,NA,NA,NA,73000,,,,,,,farrah363_LF_first
1.17.2020,first,Paddlebridge,32,farrah363,RF,cns,yes2,,,,,,,2,PB027,,,,,,,,no,,yes,NA,NA,NA,NA,NA,220000,,,,,,,farrah363_RF_first
1.17.2020,first,Paddlebridge,33,annabeth2,LH,cns,yes2,,,,,,,2,PB028,,,,,,,,no,,yes,NA,NA,NA,NA,NA,24000,,,,,,,annabeth2_LH_first
2.21.2020,second,Paddlebridge,9,farrent31,LH,cns,yes2,,,,,,,2,PB030,,,,,,,,no,,yes,NA,NA,NA,NA,NA,46000,,,,,,,farrent31_LH_second
2.21.2020,second,Paddlebridge,9,farrent31,RH,cns,yes2,,,,,,,2,PB031,,,,,,,,no,,yes,NA,NA,NA,NA,NA,50000,,,,,,,farrent31_RH_second
2.21.2020,second,Paddlebridge,10,kyra35,RH,cns,yes2,,,,,,,2,PB032,,,,,,,,no,,yes,NA,NA,NA,NA,NA,79000,,,,,,,kyra35_RH_second
2.21.2020,second,Paddlebridge,12,fitzi31,RF,cns,yes2,,,,,,,2,PB033,,,,,,,,no,,yes,NA,NA,NA,NA,NA,46000,,,,,,,fitzi31_RF_second
2.21.2020,second,Paddlebridge,13,minerva34,RF,cns,yes2,,,,,,,2,PB034,,,,,,,,no,,yes,NA,NA,NA,NA,NA,95000,,,,,,,minerva34_RF_second
2.21.2020,second,Paddlebridge,18,likely30,LH,strep,yes27,cns,yes27,,,,,27,PB036,PB037,,,,,,,yes,,yes,NA,NA,NA,NA,NA,72000,,,,,,,likely30_LH_second
2.21.2020,second,Paddlebridge,18,likely30,LF,strep,yes27,cns,yes27,,,,,27,PB038,PB039,,,,,,,yes,,yes,NA,NA,NA,NA,NA,570000,,,,,,,likely30_LF_second
2.21.2020,second,Paddlebridge,22,marney382,LH,cns,yes2,,,,,,,2,PB041,,,,,,,,no,,yes,NA,NA,NA,NA,NA,26000,,,,,,,marney382_LH_second
2.21.2020,second,Paddlebridge,23,shiela375,RH,cns,yes2,,,,,,,2,PB044,,,,,,,,no,,yes,NA,NA,NA,NA,NA,3100000,,,,,,,shiela375_RH_second
2.21.2020,second,Paddlebridge,24,sapphire338,RH,cns,yes2,,,,,,,2,PB047,,,,,,,,no,,yes,NA,NA,NA,NA,NA,81000,,,,,,,sapphire338_RH_second
2.21.2020,second,Paddlebridge,26,guana362,LH,cns,yes2,,,,,,,2,PB051,,,,,,,,no,,yes,NA,NA,NA,NA,NA,130000,,,,,,,guana362_LH_second
2.21.2020,second,Paddlebridge,27,scrapie278,RH,cns,yes2,,,,,,,2,PB052,,,,,,,,no,,yes,NA,NA,NA,NA,NA,210000,,,,,,,scrapie278_RH_second
2.21.2020,second,Paddlebridge,28,gift379,LF,cns,yes1,,,,,,,1,PB054,,,,,,,,no,,yes,NA,NA,NA,NA,NA,150000,,,,,,,gift379_LF_second
2.21.2020,second,Paddlebridge,28,gift379,RF,cns,yes2,,,,,,,2,PB055,,,,,,,,no,,yes,NA,NA,NA,NA,NA,180000,,,,,,,gift379_RF_second
2.21.2020,second,Paddlebridge,33,saige313,LF,cns,yes2,,,,,,,2,PB056,,,,,,,,no,,yes,NA,NA,NA,NA,NA,480000,,,,,,,saige313_LF_second
2.21.2020,second,Paddlebridge,33,saige313,RH,cns,yes2,,,,,,,2,PB057,,,,,,,,no,,yes,NA,NA,NA,NA,NA,530000,,,,,,,saige313_RH_second
2.21.2020,second,Paddlebridge,35,farrah363,LF,cns,yes2,,,,,,,2,PB060,,,,,,,,no,,yes,NA,NA,NA,NA,NA,47000,,,,,,,farrah363_LF_second
2.21.2020,second,Paddlebridge,35,farrah363,RF,cns,yes2,,,,,,,2,PB061,,,,,,,,no,,yes,NA,NA,NA,NA,NA,120000,,,,,,,farrah363_RF_second
3.20.2020,third,Paddlebridge,1,germ1140,RH,cns,yes2,,,,,,,2,PB062,,,,,,,,no,,yes,NA,NA,NA,NA,NA,46000,,,,,,,germ1140_RH_third
3.20.2020,third,Paddlebridge,4,loha32,RH,cns,yes2,,,,,,,2,PB064,,,,,,,,no,,yes,NA,NA,NA,NA,NA,3000,,,,,,,loha32_RH_third
3.20.2020,third,Paddlebridge,10,minerva34,RF,cns,yes2,,,,,,,2,PB069,,,,,,,,no,,yes,NA,NA,NA,NA,NA,1600000,,,,,,,minerva34_RF_third
3.20.2020,third,Paddlebridge,14,kyra35,RH,cns,yes2,,,,,,,2,PB070,,,,,,,,no,,yes,NA,NA,NA,NA,NA,72000,,,,,,,kyra35_RH_third
3.20.2020,third,Paddlebridge,15,farrent31,LH,cns,yes2,,,,,,,2,PB071,,,,,,,,no,,yes,NA,NA,NA,NA,NA,85000,,,,,,,farrent31_LH_third
3.20.2020,third,Paddlebridge,15,farrent31,RH,cns,yes2,,,,,,,2,PB072,,,,,,,,no,,yes,NA,NA,NA,NA,NA,28000,,,,,,,farrent31_RH_third
3.20.2020,third,Paddlebridge,16,fitzi31,LH,cns,yes2,,,,,,,2,PB073,,,,,,,,no,,yes,NA,NA,NA,NA,NA,190000,,,,,,,fitzi31_LH_third
3.20.2020,third,Paddlebridge,16,fitzi31,RF,cns,yes2,,,,,,,2,PB074,,,,,,,,no,,yes,NA,NA,NA,NA,NA,58000,,,,,,,fitzi31_RF_third
3.20.2020,third,Paddlebridge,21,sapphire338,RH,cns,yes2,,,,,,,2,PB076,,,,,,,,no,,yes,NA,NA,NA,NA,NA,140000,,,,,,,sapphire338_RH_third
3.20.2020,third,Paddlebridge,22,likely30,LH,cns,yes27,strep,yes27,,,,,27,PB077,PB078,,,,,,,yes,,yes,NA,NA,NA,NA,NA,59000,,,,,,,likely30_LH_third
3.20.2020,third,Paddlebridge,22,likely30,LF,cns,yes27,strep,yes27,,,,,27,PB079,PB080,,,,,,,yes,,yes,NA,NA,NA,NA,NA,180000,,,,,,,likely30_LF_third
3.20.2020,third,Paddlebridge,23,vida6,LF,cns,yes2,,,,,,,2,PB082,,,,,,,,no,,yes,NA,NA,NA,NA,NA,26000,,,,,,,vida6_LF_third
3.20.2020,third,Paddlebridge,24,shiela375,RH,cns,yes2,,,,,,,2,PB083,,,,,,,,no,,yes,NA,NA,NA,NA,NA,78000,,,,,,,shiela375_RH_third
3.20.2020,third,Paddlebridge,25,marney382,LH,cns,yes27,strep,yes27,,,,,27,PB084,PB085,,,,,,,yes,,yes,NA,NA,NA,NA,NA,37000,,,,,,,marney382_LH_third
3.20.2020,third,Paddlebridge,25,marney382,RH,cns,yes27,strep,yes27,,,,,27,PB087,PB088,,,,,,,yes,,yes,NA,NA,NA,NA,NA,72000,,,,,,,marney382_RH_third
3.20.2020,third,Paddlebridge,27,guana362,LH,cns,yes2,,,,,,,2,PB090,,,,,,,,no,,yes,NA,NA,NA,NA,NA,12000,,,,,,,guana362_LH_third
3.20.2020,third,Paddlebridge,28,gift379,LF,cns,yes2,,,,,,,2,PB091,,,,,,,,no,,yes,NA,NA,NA,NA,NA,130000,,,,,,,gift379_LF_third
3.20.2020,third,Paddlebridge,28,gift379,RF,cns,yes1,,,,,,,1,PB092,,,,,,,,no,,yes,NA,NA,NA,NA,NA,180000,,,,,,,gift379_RF_third
3.20.2020,third,Paddlebridge,30,chapstick1,LF,cns,yes27,cns,yes27,,,,,27,PB093,PB094,,,,,,,yes,,yes,NA,NA,NA,NA,NA,0,,,,,,,chapstick1_LF_third
3.20.2020,third,Paddlebridge,30,chapstick1,RH,cns,yes1,,,,,,,1,PB095,,,,,,,,no,,yes,NA,NA,NA,NA,NA,2000,,,,,,,chapstick1_RH_third
3.20.2020,third,Paddlebridge,32,scrapie278,RH,cns,yes2,,,,,,,2,PB096,,,,,,,,no,,yes,NA,NA,NA,NA,NA,86000,,,,,,,scrapie278_RH_third
3.20.2020,third,Paddlebridge,33,saige313,LF,cns,yes2,,,,,,,2,PB098,,,,,,,,no,,yes,NA,NA,NA,NA,NA,320000,,,,,,,saige313_LF_third
3.20.2020,third,Paddlebridge,33,saige313,RH,cns,yes2,,,,,,,2,PB099,,,,,,,,no,,yes,NA,NA,NA,NA,NA,250000,,,,,,,saige313_RH_third
3.20.2020,third,Paddlebridge,34,farrah363,LF,cns,yes2,,,,,,,2,PB100,,,,,,,,no,,yes,NA,NA,NA,NA,NA,540000,,,,,,,farrah363_LF_third
3.20.2020,third,Paddlebridge,34,farrah363,RF,cns,yes2,,,,,,,2,PB101,,,,,,,,no,,yes,NA,NA,NA,NA,NA,7000,,,,,,,farrah363_RF_third
12.17.2019,first,BJ,1,757,LF,cns,yes1,,,,,,,1,BJ001,,,,,,,,no,,yes,NA,NA,NA,NA,NA,3000,,,,,,,757_LF_first
12.17.2019,first,BJ,2,585,RF,cns,yes1,,,,,,,1,BJ002,,,,,,,,no,,yes,NA,NA,NA,NA,NA,697000,,,,,,,585_RF_first
12.17.2019,first,BJ,4,716,LH,cns,yes2,,,,,,,2,BJ003,,,,,,,,no,,yes,NA,NA,NA,NA,NA,152000,,,,,,,716_LH_first
12.17.2019,first,BJ,5,cb5,LH,cns,yes1,,,,,,,1,BJ004,,,,,,,,no,,yes,NA,NA,NA,NA,NA,62000,,,,,,,cb5_LH_first
12.17.2019,first,BJ,5,cb5,LF,cns,yes2,,,,,,,2,BJ005,,,,,,,,no,,yes,NA,NA,NA,NA,NA,15000,,,,,,,cb5_LF_first
12.17.2019,first,BJ,7,719,LH,cns,yes2,,,,,,,2,BJ008,,,,,,,,no,,yes,NA,NA,NA,NA,NA,244000,,,,,,,719_LH_first
12.17.2019,first,BJ,8,739,LH,cns,yes2,,,,,,,2,BJ009,,,,,,,,no,,yes,NA,NA,NA,NA,NA,36000,,,,,,,739_LH_first
12.17.2019,first,BJ,10,720,RH,cns,yes2,,,,,,,2,BJ011,,,,,,,,no,,yes,NA,NA,NA,NA,NA,74000,,,,,,,720_RH_first
12.17.2019,first,BJ,15,733,LF,cns,yes2,,,,,,,2,BJ012,,,,,,,,no,,yes,NA,NA,NA,NA,NA,286000,,,,,,,733_LF_first
12.17.2019,first,BJ,19,731,LF,cns,yes2,,,,,,,2,BJ016,,,,,,,,no,,yes,NA,NA,NA,NA,NA,1739000,,,,,,,731_LF_first
12.17.2019,first,BJ,20,763,RF,cns,yes2,,,,,,,2,BJ017,,,,,,,,no,,yes,NA,NA,NA,NA,NA,7000,,,,,,,763_RF_first
12.17.2019,first,BJ,30,761,LH,cns,yes2,cns,other18,,,,,2,BJ018,BJ026,,,,,,,tbd,,yes,NA,NA,NA,NA,NA,246000,,,,,,,761_LH_first
12.17.2019,first,BJ,31,755,RH,cns,yes2,,,,,,,2,BJ021,,,,,,,,no,,yes,NA,NA,NA,NA,NA,9000,,,,,,,755_RH_first
12.17.2019,first,BJ,31,755,RF,cns,yes2,,,,,,,2,BJ022,,,,,,,,no,,yes,NA,NA,NA,NA,NA,5000,,,,,,,755_RF_first
12.17.2019,first,BJ,32,664,LH,cns,yes2,,,,,,,2,BJ023,,,,,,,,no,,yes,NA,NA,NA,NA,NA,506000,,,,,,,664_LH_first
1.29.2020,second,BJ,3,585,RF,cns,yes2,,,,,,,2,BJ029,,,,,,,,no,,yes,NA,NA,NA,NA,NA,940000,,,,,,,585_RF_second
1.29.2020,second,BJ,6,cb5,LH,cns,yes2,,,,,,,2,BJ030,,,,,,,,no,,yes,NA,NA,NA,NA,NA,74000,,,,,,,cb5_LH_second
1.29.2020,second,BJ,6,cb5,LF,cns,yes2,,,,,,,2,BJ031,,,,,,,,no,,yes,NA,NA,NA,NA,NA,35000,,,,,,,cb5_LF_second
1.29.2020,second,BJ,7,720,RH,cns,yes2,,,,,,,2,BJ033,,,,,,,,no,,yes,NA,NA,NA,NA,NA,64000,,,,,,,720_RH_second
1.29.2020,second,BJ,8,719,LH,cns,yes1,,,,,,,1,BJ035,,,,,,,,no,,yes,NA,NA,NA,NA,NA,120000,,,,,,,719_LH_second
1.29.2020,second,BJ,9,716,LH,cns,yes2,,,,,,,2,BJ037,,,,,,,,no,,yes,NA,NA,NA,NA,NA,67000,,,,,,,716_LH_second
1.29.2020,second,BJ,11,739,LH,cns,yes2,,,,,,,2,BJ040,,,,,,,,no,,yes,NA,NA,NA,NA,NA,23000,,,,,,,739_LH_second
1.29.2020,second,BJ,13,693,LH,cns,yes2,,,,,,,2,BJ042,,,,,,,,no,,yes,NA,NA,NA,NA,NA,8000,,,,,,,693_LH_second
1.29.2020,second,BJ,15,731,LF,cns,yes2,,,,,,,2,BJ043,,,,,,,,no,,yes,NA,NA,NA,NA,NA,140000,,,,,,,731_LF_second
1.29.2020,second,BJ,19,733,LF,cns,yes2,,,,,,,2,BJ044,,,,,,,,no,,yes,NA,NA,NA,NA,NA,42000,,,,,,,733_LF_second
2.26.2020,third,BJ,4,754,LF,cns,yes2,,,,,,,2,BJ053,,,,,,,,no,,yes,NA,NA,NA,NA,NA,4000,,,,,,,754_LF_third
2.26.2020,third,BJ,5,cb5,LH,cns,yes2,,,,,,,2,BJ054,,,,,,,,no,,yes,NA,NA,NA,NA,NA,59000,,,,,,,cb5_LH_third
2.26.2020,third,BJ,5,cb5,LF,cns,yes2,,,,,,,2,BJ055,,,,,,,,no,,yes,NA,NA,NA,NA,NA,29000,,,,,,,cb5_LF_third
2.26.2020,third,BJ,6,585,RF,cns,yes2,,,,,,,2,BJ056,,,,,,,,no,,yes,NA,NA,NA,NA,NA,1500000,,,,,,,585_RF_third
2.26.2020,third,BJ,11,716,LH,cns,yes1,,,,,,,1,BJ059,,,,,,,,no,,yes,NA,NA,NA,NA,NA,85000,,,,,,,716_LH_third
2.26.2020,third,BJ,12,720,RH,cns,yes2,,,,,,,2,BJ061,,,,,,,,no,,yes,NA,NA,NA,NA,NA,230000,,,,,,,720_RH_third
2.26.2020,third,BJ,13,719,RH,cns,yes2,,,,,,,2,BJ063,,,,,,,,no,,yes,NA,NA,NA,NA,NA,270000,,,,,,,719_RH_third
2.26.2020,third,BJ,14,739,LH,cns,yes2,,,,,,,2,BJ064,,,,,,,,no,,yes,NA,NA,NA,NA,NA,66000,,,,,,,739_LH_third
2.26.2020,third,BJ,15,693,LH,cns,yes1,,,,,,,1,BJ065,,,,,,,,no,,yes,NA,NA,NA,NA,NA,13000,,,,,,,693_LH_third
2.26.2020,third,BJ,16,731,LF,cns,yes2,,,,,,,2,BJ069,,,,,,,,no,,yes,NA,NA,NA,NA,NA,2.00E+06,,,,,,,731_LF_third
2.26.2020,third,BJ,21,733,LH,cns,yes2,,,,,,,2,BJ071,,,,,,,,no,,yes,NA,NA,NA,NA,NA,10000,,,,,,,733_LH_third
2.26.2020,third,BJ,21,733,LF,cns,yes2,,,,,,,2,BJ072,,,,,,,,no,,yes,NA,NA,NA,NA,NA,170000,,,,,,,733_LF_third
2.26.2020,third,BJ,23,708,RH,cns,yes1,,,,,,,1,BJ075,,,,,,,,no,,yes,NA,NA,NA,NA,NA,18000,,,,,,,708_RH_third
2.26.2020,third,BJ,26,761,LH,cns,yes2,,,,,,,2,BJ076,,,,,,,,no,,yes,NA,NA,NA,NA,NA,70000,,,,,,,761_LH_third
2.26.2020,third,BJ,31,cb3,RH,cns,yes2,,,,,,,2,BJ077,,,,,,,,no,,yes,NA,NA,NA,NA,NA,15000,,,,,,,cb3_RH_third
1.6.2020,first,vonTrapp,2,gloria,LF,cns,yes2,cns,other18,,,,,2,VT001,VT002,,,,,,,tbd,,yes,NA,NA,NA,NA,NA,85000,,,,,,,gloria_LF_first
1.6.2020,first,vonTrapp,2,gloria,RF,cns,yes2,,,,,,,2,VT003,,,,,,,,no,,yes,NA,NA,NA,NA,NA,2.00E+05,,,,,,,gloria_RF_first
1.6.2020,first,vonTrapp,7,matilda,RF,cns,yes2,,,,,,,2,VT008,,,,,,,,no,,yes,NA,NA,NA,NA,NA,42000,,,,,,,matilda_RF_first
1.6.2020,first,vonTrapp,9,clara,RH,cns,yes2,,,,,,,2,VT009,,,,,,,,no,,yes,NA,NA,NA,NA,NA,290000,,,,,,,clara_RH_first
1.6.2020,first,vonTrapp,11,esme,LH,cns,yes2,,,,,,,2,VT011,,,,,,,,no,,yes,NA,NA,NA,NA,NA,120000,,,,,,,esme_LH_first
1.6.2020,first,vonTrapp,11,esme,LF,cns,yes2,,,,,,,2,VT012,,,,,,,,no,,yes,NA,NA,NA,NA,NA,82000,,,,,,,esme_LF_first
1.6.2020,first,vonTrapp,12,tallula,RF,cns,yes2,,,,,,,2,VT013,,,,,,,,no,,yes,NA,NA,NA,NA,NA,120000,,,,,,,tallula_RF_first
1.6.2020,first,vonTrapp,14,zelda,LF,cns,yes1,,,,,,,1,VT015,,,,,,,,no,,yes,NA,NA,NA,NA,NA,170000,,,,,,,zelda_LF_first
1.6.2020,first,vonTrapp,15,ursala,LH,cns,yes2,,,,,,,2,VT016,,,,,,,,no,,yes,NA,NA,NA,NA,NA,29000,,,,,,,ursala_LH_first
1.6.2020,first,vonTrapp,20,flavia,LF,cns,yes2,,,,,,,2,VT019,,,,,,,,no,,yes,NA,NA,NA,NA,NA,86000,,,,,,,flavia_LF_first
1.6.2020,first,vonTrapp,20,flavia,RH,cns,yes2,,,,,,,2,VT020,,,,,,,,no,,yes,NA,NA,NA,NA,NA,110000,,,,,,,flavia_RH_first
1.6.2020,first,vonTrapp,21,alice,RF,cns,yes2,,,,,,,2,VT021,,,,,,,,no,,yes,NA,NA,NA,NA,NA,110000,,,,,,,alice_RF_first
1.6.2020,first,vonTrapp,22,irene,LF,cns,yes2,,,,,,,2,VT022,,,,,,,,no,,yes,NA,NA,NA,NA,NA,29000,,,,,,,irene_LF_first
1.6.2020,first,vonTrapp,23,lilac,LF,cns,yes2,,,,,,,2,VT024,,,,,,,,no,,yes,NA,NA,NA,NA,NA,140000,,,,,,,lilac_LF_first
1.6.2020,first,vonTrapp,23,lilac,RH,cns,yes2,,,,,,,2,VT025,,,,,,,,no,,yes,NA,NA,NA,NA,NA,35000,,,,,,,lilac_RH_first
1.6.2020,first,vonTrapp,24,hyacinth,RH,cns,yes2,,,,,,,2,VT026,,,,,,,,no,,yes,NA,NA,NA,NA,NA,13000,,,,,,,hyacinth_RH_first
1.6.2020,first,vonTrapp,25,ardetta,RF,cns,yes2,,,,,,,2,VT027,,,,,,,,no,,yes,NA,NA,NA,NA,NA,60000,,,,,,,ardetta_RF_first
1.6.2020,first,vonTrapp,27,panda,RH,cns,yes2,,,,,,,2,VT028,,,,,,,,no,,yes,NA,NA,NA,NA,NA,860000,,,,,,,panda_RH_first
1.6.2020,first,vonTrapp,32,imogene,LH,cns,yes1,,,,,,,1,VT029,,,,,,,,no,,yes,NA,NA,NA,NA,NA,2000,,,,,,,imogene_LH_first
1.6.2020,first,vonTrapp,35,lucha,LF,cns,yes2,,,,,,,2,VT030,,,,,,,,no,,yes,NA,NA,NA,NA,NA,170000,,,,,,,lucha_LF_first
1.6.2020,first,vonTrapp,35,lucha,RF,cns,yes2,,,,,,,2,VT031,,,,,,,,no,,yes,NA,NA,NA,NA,NA,160000,,,,,,,lucha_RF_first
2.12.2020,second,vonTrapp,2,leopard,LF,cns,yes2,,,,,,,2,VT034,,,,,,,,no,,yes,NA,NA,NA,NA,NA,66000,,,,,,,leopard_LF_second
2.12.2020,second,vonTrapp,3,lena,RF,cns,yes2,,,,,,,2,VT036,,,,,,,,no,,yes,NA,NA,NA,NA,NA,8000,,,,,,,lena_RF_second
2.12.2020,second,vonTrapp,5,gloria,LF,cns,yes2,cns,other18,,,,,2,VT037,VT038,,,,,,,tbd,,yes,NA,NA,NA,NA,NA,80000,,,,,,,gloria_LF_second
2.12.2020,second,vonTrapp,5,gloria,RF,cns,yes2,cns,other18,,,,,2,VT039,VT040,,,,,,,tbd,,yes,NA,NA,NA,NA,NA,69000,,,,,,,gloria_RF_second
2.12.2020,second,vonTrapp,6,matilda,RF,corynebac,other26,cns,other26,,,,,26,VT041,VT062,,,,,,,tbd,,yes,NA,NA,NA,NA,NA,43000,,,,,,,matilda_RF_second
2.12.2020,second,vonTrapp,8,esme,LH,cns,yes2,,,,,,,2,VT042,,,,,,,,no,,yes,NA,NA,NA,NA,NA,84000,,,,,,,esme_LH_second
2.12.2020,second,vonTrapp,8,esme,LF,cns,yes2,,,,,,,2,VT043,,,,,,,,no,,yes,NA,NA,NA,NA,NA,50000,,,,,,,esme_LF_second
2.12.2020,second,vonTrapp,13,clara,RH,cns,yes2,,,,,,,2,VT044,,,,,,,,no,,yes,NA,NA,NA,NA,NA,160000,,,,,,,clara_RH_second
2.12.2020,second,vonTrapp,13,clara,RF,cns,yes2,,,,,,,2,VT045,,,,,,,,no,,yes,NA,NA,NA,NA,NA,42000,,,,,,,clara_RF_second
2.12.2020,second,vonTrapp,14,zelda,LF,cns,yes1,,,,,,,1,VT046,,,,,,,,no,,yes,NA,NA,NA,NA,NA,90000,,,,,,,zelda_LF_second
2.12.2020,second,vonTrapp,15,abigail,LF,cns,yes2,,,,,,,2,VT048,,,,,,,,no,,yes,NA,NA,NA,NA,NA,110000,,,,,,,abigail_LF_second
2.12.2020,second,vonTrapp,16,tallula,RF,cns,yes2,,,,,,,2,VT049,,,,,,,,no,,yes,NA,NA,NA,NA,NA,53000,,,,,,,tallula_RF_second
2.12.2020,second,vonTrapp,20,irene,LF,cns,yes2,,,,,,,2,VT050,,,,,,,,no,,yes,NA,NA,NA,NA,NA,50000,,,,,,,irene_LF_second
2.12.2020,second,vonTrapp,21,flavia,LF,cns,yes2,,,,,,,2,VT051,,,,,,,,no,,yes,NA,NA,NA,NA,NA,59000,,,,,,,flavia_LF_second
2.12.2020,second,vonTrapp,21,flavia,RH,cns,yes2,,,,,,,2,VT052,,,,,,,,no,,yes,NA,NA,NA,NA,NA,67000,,,,,,,flavia_RH_second
2.12.2020,second,vonTrapp,22,ursala,LH,cns,yes2,,,,,,,2,VT053,,,,,,,,no,,yes,NA,NA,NA,NA,NA,90000,,,,,,,ursala_LH_second
2.12.2020,second,vonTrapp,24,ardetta,RF,cns,yes2,,,,,,,2,VT054,,,,,,,,no,,yes,NA,NA,NA,NA,NA,72000,,,,,,,ardetta_RF_second
2.12.2020,second,vonTrapp,25,lilac,LF,cns,yes2,,,,,,,2,VT055,,,,,,,,no,,yes,NA,NA,NA,NA,NA,86000,,,,,,,lilac_LF_second
2.12.2020,second,vonTrapp,25,lilac,RH,cns,yes2,,,,,,,2,VT056,,,,,,,,no,,yes,NA,NA,NA,NA,NA,61000,,,,,,,lilac_RH_second
2.12.2020,second,vonTrapp,28,lucha,LF,cns,yes2,,,,,,,2,VT058,,,,,,,,no,,yes,NA,NA,NA,NA,NA,58000,,,,,,,lucha_LF_second
2.12.2020,second,vonTrapp,28,lucha,RF,cns,yes2,,,,,,,2,VT059,,,,,,yes,,no,,yes,NA,NA,NA,NA,NA,440000,,,,,,,lucha_RF_second
2.12.2020,second,vonTrapp,30,panda,RH,cns,yes2,,,,,,,2,VT063,,,,,,,,no,,yes,NA,NA,NA,NA,NA,150000,,,,,,,panda_RH_second
2.12.2020,second,vonTrapp,31,imogene,LF,cns,yes2,,,,,,,2,VT060,,,,,,,,no,,yes,NA,NA,NA,NA,NA,5000,,,,,,,imogene_LF_second
3.10.2020,third,vonTrapp,3,leopard,LF,cns,yes2,,,,,,,2,VT066,,,,,,,,no,,yes,NA,NA,NA,NA,NA,24000,,,,,,,leopard_LF_third
3.10.2020,third,vonTrapp,3,leopard,RF,cns,yes2,,,,,,,2,VT067,,,,,,,,no,,yes,NA,NA,NA,NA,NA,29000,,,,,,,leopard_RF_third
3.10.2020,third,vonTrapp,5,gloria,LF,cns,yes2,,,,,,,2,VT068,,,,,,,,no,,yes,NA,NA,NA,NA,NA,67000,,,,,,,gloria_LF_third
3.10.2020,third,vonTrapp,5,gloria,RF,cns,yes2,,,,,,,2,VT071,,,,,,,,no,,yes,NA,NA,NA,NA,NA,67000,,,,,,,gloria_RF_third
3.10.2020,third,vonTrapp,7,matilda,RH,cns,yes2,,,,,,,2,VT073,,,,,,,,no,,yes,NA,NA,NA,NA,NA,8000,,,,,,,matilda_RH_third
3.10.2020,third,vonTrapp,7,matilda,RF,cns,yes2,,,,,,,2,VT074,,,,,,,,no,,yes,NA,NA,NA,NA,NA,25000,,,,,,,matilda_RF_third
3.10.2020,third,vonTrapp,9,vicki,RF,bacillus,yes27,cns,yes27,,,,,27,VT075,VT104,,,,,,,yes,,yes,NA,NA,NA,NA,NA,11000,,,,,,,vicki_RF_third
3.10.2020,third,vonTrapp,12,esme,LH,cns,yes2,,,,,,,2,VT076,,,,,,,,no,,yes,NA,NA,NA,NA,NA,99000,,,,,,,esme_LH_third
3.10.2020,third,vonTrapp,12,esme,LF,cns,yes2,,,,,,,2,VT077,,,,,,,,no,,yes,NA,NA,NA,NA,NA,83000,,,,,,,esme_LF_third
3.10.2020,third,vonTrapp,13,clara,RH,cns,yes2,,,,,,,2,VT078,,,,,,,,no,,yes,NA,NA,NA,NA,NA,420000,,,,,,,clara_RH_third
3.10.2020,third,vonTrapp,14,zelda,LF,cns,yes2,,,,,,,2,VT079,,,,,,,,no,,yes,NA,NA,NA,NA,NA,1.00E+05,,,,,,,zelda_LF_third
3.10.2020,third,vonTrapp,15,abigail,LF,cns,other26,corynebac,other26,,,,,26,VT081,VT105,,,,,,,tbd,,yes,NA,NA,NA,NA,NA,2.00E+05,,,,,,,abigail_LF_third
3.10.2020,third,vonTrapp,16,tallula,RF,cns,yes2,,,,,,,2,VT082,,,,,,,,no,,yes,NA,NA,NA,NA,NA,78000,,,,,,,tallula_RF_third
3.10.2020,third,vonTrapp,17,tilly,LH,cns,yes2,,,,,,,2,VT083,,,,,,,,no,,yes,NA,NA,NA,NA,NA,25000,,,,,,,tilly_LH_third
3.10.2020,third,vonTrapp,19,flavia,LF,cns,yes2,,,,,,,2,VT084,,,,,,,,no,,yes,NA,NA,NA,NA,NA,140000,,,,,,,flavia_LF_third
3.10.2020,third,vonTrapp,19,flavia,RH,cns,yes2,,,,,,,2,VT085,,,,,,,,no,,yes,NA,NA,NA,NA,NA,120000,,,,,,,flavia_RH_third
3.10.2020,third,vonTrapp,20,alice,LF,cns,yes2,,,,,,,2,VT087,,,,,,,,no,,yes,NA,NA,NA,NA,NA,240000,,,,,,,alice_LF_third
3.10.2020,third,vonTrapp,21,ursala,LH,cns,yes2,,,,,,,2,VT089,,,,,,,,no,,yes,NA,NA,NA,NA,NA,48000,,,,,,,ursala_LH_third
3.10.2020,third,vonTrapp,22,iris,LH,cns,yes1,,,,,,,1,VT090,,,,,,,,no,,yes,NA,NA,NA,NA,NA,2000,,,,,,,iris_LH_third
3.10.2020,third,vonTrapp,23,patchouli,RF,cns,yes2,,,,,,,2,VT101,,,,,,,,no,,yes,NA,NA,NA,NA,NA,24000,,,,,,,patchouli_RF_third
3.10.2020,third,vonTrapp,24,irene,LF,cns,yes2,,,,,,,2,VT092,,,,,,,,no,,yes,NA,NA,NA,NA,NA,69000,,,,,,,irene_LF_third
3.10.2020,third,vonTrapp,25,ardetta,LH,cns,yes2,,,,,,,2,VT093,,,,,,,,no,,yes,NA,NA,NA,NA,NA,7000,,,,,,,ardetta_LH_third
3.10.2020,third,vonTrapp,25,ardetta,RF,cns,yes2,,,,,,,2,VT094,,,,,,,,no,,yes,NA,NA,NA,NA,NA,2.00E+05,,,,,,,ardetta_RF_third
3.10.2020,third,vonTrapp,26,lilac,LF,cns,yes2,,,,,,,2,VT095,,,,,,,,no,,yes,NA,NA,NA,NA,NA,290000,,,,,,,lilac_LF_third
3.10.2020,third,vonTrapp,26,lilac,RH,cns,yes2,,,,,,,2,VT096,,,,,,,,no,,yes,NA,NA,NA,NA,NA,80000,,,,,,,lilac_RH_third
3.10.2020,third,vonTrapp,29,panda,RH,cns,yes1,,,,,,,1,VT097,,,,,,,,no,,yes,NA,NA,NA,NA,NA,160000,,,,,,,panda_RH_third
3.10.2020,third,vonTrapp,34,hosana,LF,cns,yes2,,,,,,,2,VT098,,,,,,,,no,,yes,NA,NA,NA,NA,NA,2000,,,,,,,hosana_LF_third
3.10.2020,third,vonTrapp,35,lucha,LF,cns,yes2,,,,,,,2,VT099,,,,,,,,no,,yes,NA,NA,NA,NA,NA,26000,,,,,,,lucha_LF_third
3.10.2020,third,vonTrapp,35,lucha,RF,cns,yes2,,,,,,,2,VT100,,,,,,,,no,,yes,NA,NA,NA,NA,NA,78000,,,,,,,lucha_RF_third
12.19.2019,first,Lynd,3,life,LF,cns,yes2,,,,,,,2,LF003,,,,,,,,no,,yes,NA,NA,NA,NA,NA,37000,,,,,,,life_LF_first
12.19.2019,first,Lynd,4,ambrosia,LH,cns,yes2,,,,,,,2,LF005,,,,,,,,no,,yes,NA,NA,NA,NA,NA,71000,,,,,,,ambrosia_LH_first
12.19.2019,first,Lynd,5,klondike,RF,cns,yes2,,,,,,,2,LF006,,,,,,,,no,,yes,NA,NA,NA,NA,NA,90000,,,,,,,klondike_RF_first
12.19.2019,first,Lynd,6,webster,RF,cns,yes2,,,,,,,2,LF007,,,,,,,,no,,yes,NA,NA,NA,NA,NA,187000,,,,,,,webster_RF_first
12.19.2019,first,Lynd,9,chaloopa,LH,cns,yes2,,,,,,,2,LF008,,,,,,,,no,,yes,NA,NA,NA,NA,NA,231000,,,,,,,chaloopa_LH_first
12.19.2019,first,Lynd,9,chaloopa,LF,cns,yes2,,,,,,,2,LF009,,,,,,,,no,,yes,NA,NA,NA,NA,NA,130000,,,,,,,chaloopa_LF_first
12.19.2019,first,Lynd,9,chaloopa,RH,cns,yes2,,,,,,,2,LF010,,,,,,,,no,,yes,NA,NA,NA,NA,NA,169000,,,,,,,chaloopa_RH_first
12.19.2019,first,Lynd,10,licorice,LH,cns,yes2,,,,,,,2,LF011,,,,,,,,no,,yes,NA,NA,NA,NA,NA,36000,,,,,,,licorice_LH_first
12.19.2019,first,Lynd,10,licorice,RH,cns,yes2,,,,,,,2,LF012,,,,,,,,no,,yes,NA,NA,NA,NA,NA,63000,,,,,,,licorice_RH_first
12.19.2019,first,Lynd,11,jitterbug,LH,cns,yes2,,,,,,,2,LF013,,,,,,,,no,,yes,NA,NA,NA,NA,NA,6000,,,,,,,jitterbug_LH_first
12.19.2019,first,Lynd,11,jitterbug,RH,cns,yes2,,,,,,,2,LF014,,,,,,,,no,,yes,NA,NA,NA,NA,NA,40000,,,,,,,jitterbug_RH_first
12.19.2019,first,Lynd,12,lilac,RH,cns,yes2,,,,,,,2,LF015,,,,,,,,no,,yes,NA,NA,NA,NA,NA,20000,,,,,,,lilac_RH_first
12.19.2019,first,Lynd,13,kowabunga,LF,cns,yes2,,,,,,,2,LF016,,,,,,,,no,,yes,NA,NA,NA,NA,NA,15000,,,,,,,kowabunga_LF_first
12.19.2019,first,Lynd,13,kowabunga,RF,cns,yes2,,,,,,,2,LF017,,,,,,,,no,,yes,NA,NA,NA,NA,NA,55000,,,,,,,kowabunga_RF_first
12.19.2019,first,Lynd,15,amarillo,LF,cns,yes2,,,,,,,2,LF020,,,,,,,,no,,yes,NA,NA,NA,NA,NA,7000,,,,,,,amarillo_LF_first
12.19.2019,first,Lynd,15,amarillo,RF,cns,yes2,,,,,,,2,LF021,,,,,,,,no,,yes,NA,NA,NA,NA,NA,88000,,,,,,,amarillo_RF_first
12.19.2019,first,Lynd,16,luxurytax,LF,cns,yes2,,,,,,,2,LF022,,,,,,,,no,,yes,NA,NA,NA,NA,NA,84000,,,,,,,luxurytax_LF_first
12.19.2019,first,Lynd,17,atlantic,RH,cns,yes2,,,,,,,2,LF023,,,,,,,,no,,yes,NA,NA,NA,NA,NA,5000,,,,,,,atlantic_RH_first
12.19.2019,first,Lynd,18,ladyfinger,RH,cns,yes2,,,,,,,2,LF024,,,,,,,,no,,yes,NA,NA,NA,NA,NA,68000,,,,,,,ladyfinger_RH_first
12.19.2019,first,Lynd,27,krone,LF,cns,yes2,,,,,,,2,LF032,,,,,,,,no,,yes,NA,NA,NA,NA,NA,52000,,,,,,,krone_LF_first
12.19.2019,first,Lynd,27,krone,RH,cns,yes2,,,,,,,2,LF033,,,,,,,,no,,yes,NA,NA,NA,NA,NA,71000,,,,,,,krone_RH_first
12.19.2019,first,Lynd,27,krone,RF,cns,yes2,,,,,,,2,LF034,,,,,,,,no,,yes,NA,NA,NA,NA,NA,51000,,,,,,,krone_RF_first
12.19.2019,first,Lynd,29,lop,LH,cns,yes2,,,,,,,2,LF035,,,,,,,,no,,yes,NA,NA,NA,NA,NA,56000,,,,,,,lop_LH_first
12.19.2019,first,Lynd,30,khakibeige,LF,cns,yes2,,,,,,,2,LF036,,,,,,,,no,,yes,NA,NA,NA,NA,NA,33000,,,,,,,khakibeige_LF_first
12.19.2019,first,Lynd,33,willy,RF,cns,yes2,,,,,,,2,LF038,,,,,,,,no,,yes,NA,NA,NA,NA,NA,47000,,,,,,,willy_RF_first
12.19.2019,first,Lynd,35,martina,LH,cns,yes2,,,,,,,2,LF040,,,,,,,,no,,yes,NA,NA,NA,NA,NA,168000,,,,,,,martina_LH_first
12.19.2019,first,Lynd,37,laugh,RF,cns,yes2,,,,,,,2,LF043,,,,,,,,no,,yes,NA,NA,NA,NA,NA,48000,,,,,,,laugh_RF_first
1.30.2020,second,Lynd,2,ambrosia,LH,cns,yes2,,,,,,,2,LF047,,,,,,,,no,,yes,NA,NA,NA,NA,NA,110000,,,,,,,ambrosia_LH_second
1.30.2020,second,Lynd,3,lovage,LF,cns,yes2,,,,,,,2,LF048,,,,,,,,no,,yes,NA,NA,NA,NA,NA,180000,,,,,,,lovage_LF_second
1.30.2020,second,Lynd,4,luxurytax,LF,cns,yes2,,,,,,,2,LF050,,,,,,,,no,,yes,NA,NA,NA,NA,NA,85000,,,,,,,luxurytax_LF_second
1.30.2020,second,Lynd,5,klondike,RF,cns,yes2,cns,other18,,,,,2,LF051,LF052,,,,,,,tbd,,yes,NA,NA,NA,NA,NA,83000,,,,,,,klondike_RF_second
1.30.2020,second,Lynd,6,life,LF,cns,yes2,,,,,,,2,LF054,,,,,,,,no,,yes,NA,NA,NA,NA,NA,27000,,,,,,,life_LF_second
1.30.2020,second,Lynd,8,faith,LH,cns,yes2,,,,,,,2,LF055,,,,,,,,no,,yes,NA,NA,NA,NA,NA,2.00E+05,,,,,,,faith_LH_second
1.30.2020,second,Lynd,9,ladyfinger,RH,cns,yes2,,,,,,,2,LF058,,,,,,,,no,,yes,NA,NA,NA,NA,NA,82000,,,,,,,ladyfinger_RH_second
1.30.2020,second,Lynd,11,leap,RF,cns,yes2,,,,,,,2,LF060,,,,,,,,no,,yes,NA,NA,NA,NA,NA,18000,,,,,,,leap_RF_second
1.30.2020,second,Lynd,12,amarillo,RF,cns,yes2,,,,,,,2,LF062,,,,,,,,no,,yes,NA,NA,NA,NA,NA,310000,,,,,,,amarillo_RF_second
1.30.2020,second,Lynd,14,kowabunga,LF,cns,yes2,,,,,,,2,LF063,,,,,,,,no,,yes,NA,NA,NA,NA,NA,74000,,,,,,,kowabunga_LF_second
1.30.2020,second,Lynd,14,kowabunga,RF,cns,yes2,,,,,,,2,LF064,,,,,,,,no,,yes,NA,NA,NA,NA,NA,420000,,,,,,,kowabunga_RF_second
1.30.2020,second,Lynd,16,chaloopa,LH,cns,yes2,,,,,,,2,LF065,,,,,,,,no,,yes,NA,NA,NA,NA,NA,240000,,,,,,,chaloopa_LH_second
1.30.2020,second,Lynd,16,chaloopa,LF,cns,yes2,,,,,,,2,LF066,,,,,,,,no,,yes,NA,NA,NA,NA,NA,220000,,,,,,,chaloopa_LF_second
1.30.2020,second,Lynd,16,chaloopa,RH,cns,yes2,,,,,,,2,LF067,,,,,,,,no,,yes,NA,NA,NA,NA,NA,1.00E+05,,,,,,,chaloopa_RH_second
1.30.2020,second,Lynd,16,chaloopa,RF,cns,yes2,,,,,,,2,LF068,,,,,,,,no,,yes,NA,NA,NA,NA,NA,96000,,,,,,,chaloopa_RF_second
1.30.2020,second,Lynd,18,krone,LF,cns,yes1,,,,,,,1,LF069,,,,,,,,no,,yes,NA,NA,NA,NA,NA,88000,,,,,,,krone_LF_second
1.30.2020,second,Lynd,18,krone,RH,cns,yes2,,,,,,,2,LF070,,,,,,,,no,,yes,NA,NA,NA,NA,NA,160000,,,,,,,krone_RH_second
1.30.2020,second,Lynd,18,krone,RF,cns,yes1,,,,,,,1,LF071,,,,,,,,no,,yes,NA,NA,NA,NA,NA,89000,,,,,,,krone_RF_second
1.30.2020,second,Lynd,19,webster,RF,cns,yes2,,,,,,,2,LF072,,,,,,,,no,,yes,NA,NA,NA,NA,NA,140000,,,,,,,webster_RF_second
1.30.2020,second,Lynd,20,willy,RF,cns,yes2,cns,other18,,,,,2,LF073,LF074,,,,,,,tbd,,yes,NA,NA,NA,NA,NA,250000,,,,,,,willy_RF_second
1.30.2020,second,Lynd,21,jitterbug,RH,cns,yes2,,,,,,,2,LF075,,,,,,,,no,,yes,NA,NA,NA,NA,NA,120000,,,,,,,jitterbug_RH_second
1.30.2020,second,Lynd,26,lioness,RH,cns,yes1,,,,,,,1,LF078,,,,,,,,no,,yes,NA,NA,NA,NA,NA,250000,,,,,,,lioness_RH_second
1.30.2020,second,Lynd,28,lilac,RH,cns,yes2,,,,,,,2,LF079,,,,,,,,no,,yes,NA,NA,NA,NA,NA,21000,,,,,,,lilac_RH_second
1.30.2020,second,Lynd,30,licorice,RH,cns,yes2,,,,,,,2,LF081,,,,,,,,no,,yes,NA,NA,NA,NA,NA,70000,,,,,,,licorice_RH_second
1.30.2020,second,Lynd,32,laugh,RF,cns,yes2,,,,,,,2,LF084,,,,,,,,no,,yes,NA,NA,NA,NA,NA,1.00E+05,,,,,,,laugh_RF_second
1.30.2020,second,Lynd,33,martina,LH,cns,yes1,,,,,,,1,LF085,,,,,,,,no,,yes,NA,NA,NA,NA,NA,6.00E+05,,,,,,,martina_LH_second
1.30.2020,second,Lynd,34,lop,LH,cns,yes2,,,,,,,2,LF086,,,,,,,,no,,yes,NA,NA,NA,NA,NA,62000,,,,,,,lop_LH_second
1.30.2020,second,Lynd,35,khakibeige,LF,cns,yes1,,,,,,,1,LF087,,,,,,,,no,,yes,NA,NA,NA,NA,NA,48000,,,,,,,khakibeige_LF_second
3.5.2020,third,Lynd,1,jitterbug,RH,cns,yes1,,,,,,,1,LF090,,,,,,,,no,,yes,NA,NA,NA,NA,NA,170000,,,,,,,jitterbug_RH_third
3.5.2020,third,Lynd,3,chaloopa,LH,cns,yes2,,,,,,,2,LF092,,,,,,,,no,,yes,NA,NA,NA,NA,NA,220000,,,,,,,chaloopa_LH_third
3.5.2020,third,Lynd,3,chaloopa,LF,cns,yes2,,,,,,,2,LF093,,,,,,,,no,,yes,NA,NA,NA,NA,NA,130000,,,,,,,chaloopa_LF_third
3.5.2020,third,Lynd,3,chaloopa,RH,cns,yes2,,,,,,,2,LF094,,,,,,,,no,,yes,NA,NA,NA,NA,NA,320000,,,,,,,chaloopa_RH_third
3.5.2020,third,Lynd,5,kowabunga,LF,cns,yes2,,,,,,,2,LF095,,,,,,,,no,,yes,NA,NA,NA,NA,NA,230000,,,,,,,kowabunga_LF_third
3.5.2020,third,Lynd,5,kowabunga,RH,cns,yes2,,,,,,,2,LF096,,,,,,,,no,,yes,NA,NA,NA,NA,NA,880000,,,,,,,kowabunga_RH_third
3.5.2020,third,Lynd,5,kowabunga,RF,cns,yes2,,,,,,,2,LF097,,,,,,,,no,,yes,NA,NA,NA,NA,NA,160000,,,,,,,kowabunga_RF_third
3.5.2020,third,Lynd,6,faith,LH,cns,yes2,,,,,,,2,LF098,,,,,,,,no,,yes,NA,NA,NA,NA,NA,350000,,,,,,,faith_LH_third
3.5.2020,third,Lynd,9,klondike,RF,cns,yes2,,,,,,,2,LF100,,,,,,,,no,,yes,NA,NA,NA,NA,NA,230000,,,,,,,klondike_RF_third
3.5.2020,third,Lynd,10,ambrosia,LH,cns,yes2,,,,,,,2,LF101,,,,,,,,no,,yes,NA,NA,NA,NA,NA,91000,,,,,,,ambrosia_LH_third
3.5.2020,third,Lynd,13,amarillo,RF,cns,yes2,,,,,,,2,LF104,,,,,,,,no,,yes,NA,NA,NA,NA,NA,150000,,,,,,,amarillo_RF_third
3.5.2020,third,Lynd,14,licorice,RH,cns,yes2,,,,,,,2,LF105,,,,,,,,no,,yes,NA,NA,NA,NA,NA,73000,,,,,,,licorice_RH_third
3.5.2020,third,Lynd,15,krone,LF,cns,yes2,,,,,,,2,LF107,,,,,,,,no,,yes,NA,NA,NA,NA,NA,120000,,,,,,,krone_LF_third
3.5.2020,third,Lynd,15,krone,RH,cns,yes2,,,,,,,2,LF108,,,,,,,,no,,yes,NA,NA,NA,NA,NA,180000,,,,,,,krone_RH_third
3.5.2020,third,Lynd,15,krone,RF,cns,yes2,,,,,,,2,LF109,,,,,,,,no,,yes,NA,NA,NA,NA,NA,130000,,,,,,,krone_RF_third
3.5.2020,third,Lynd,16,martina,LH,cns,yes2,,,,,,,2,LF110,,,,,,,,no,,yes,NA,NA,NA,NA,NA,5.00E+05,,,,,,,martina_LH_third
3.5.2020,third,Lynd,17,lilac,RH,cns,yes2,,,,,,,2,LF111,,,,,,,,no,,yes,NA,NA,NA,NA,NA,38000,,,,,,,lilac_RH_third
3.5.2020,third,Lynd,19,webster,RF,cns,yes2,,,,,,,2,LF112,,,,,,,,no,,yes,NA,NA,NA,NA,NA,240000,,,,,,,webster_RF_third
3.5.2020,third,Lynd,22,lovage,LF,cns,yes2,,,,,,,2,LF113,,,,,,,,no,,yes,NA,NA,NA,NA,NA,94000,,,,,,,lovage_LF_third
3.5.2020,third,Lynd,23,life,LF,cns,yes2,,,,,,,2,LF115,,,,,,,,no,,yes,NA,NA,NA,NA,NA,74000,,,,,,,life_LF_third
3.5.2020,third,Lynd,25,willy,RF,cns,yes2,,,,,,,2,LF118,,,,,,,,no,,yes,NA,NA,NA,NA,NA,120000,,,,,,,willy_RF_third
3.5.2020,third,Lynd,26,ladyfinger,RH,cns,yes2,,,,,,,2,LF119,,,,,,,,no,,yes,NA,NA,NA,NA,NA,81000,,,,,,,ladyfinger_RH_third
3.5.2020,third,Lynd,27,luxurytax,LF,cns,yes2,,,,,,,2,LF120,,,,,,,,no,,yes,NA,NA,NA,NA,NA,81000,,,,,,,luxurytax_LF_third
3.5.2020,third,Lynd,28,lop,LH,cns,yes2,,,,,,,2,LF121,,,,,,,,no,,yes,NA,NA,NA,NA,NA,71000,,,,,,,lop_LH_third
3.5.2020,third,Lynd,29,lordwalk,RF,cns,yes2,,,,,,,2,LF122,,,,,,,,no,,yes,NA,NA,NA,NA,NA,78000,,,,,,,lordwalk_RF_third
3.5.2020,third,Lynd,31,khakibeige,LF,cns,yes2,,,,,,,2,LF123,,,,,,,,no,,yes,NA,NA,NA,NA,NA,54000,,,,,,,khakibeige_LF_third
3.5.2020,third,Lynd,35,lioness,RH,cns,yes2,,,,,,,2,LF124,,,,,,,,no,,yes,NA,NA,NA,NA,NA,130000,,,,,,,lioness_RH_third
