date,visit,farm,order,cow_id,quarter,path_1,path1_imi,path_2,path2_imi,path_3,path3_imi,path_4,path4_imi,quarter_code,isolate_1,path_1_maldi_final_id,fix_1,isolate_2,path_2_maldi_final_id,fix_2,isolate_3,path_3_maldi_final_id,fix_3,isolate_4,path_4_maldi_final_id,fix_4,clinical,blind,teatinj,pstmilking,mixed_inf_series,dup_not_collected,imi_series,hygiene_scorer_1,hygiene_1,hygiene_scorer_2,hygiene_2,cc_1,cc_2,cc_3,path_group,scc,contam,contam_comment
12.13.2019,first,swallowdale,11,paige,RH,cns,yes2,cns,other18,,,,,2,sw017,,,sw018,,,,,,,NA,NA,,,,,tbd,,yes,NA,NA,NA,NA,NA,NA,NA,cns,55000,,
1.22.2020,second,swallowdale,34,jewel,RH,cns,yes27,cns,other35,,,,,35,sw090,staphylococcus chromogenes,,sw092,staphylococcus chromogenes,,,,,,NA,NA,,,,,tbd,,yes,j,NA,NA,NA,NA,NA,NA,cns,24000,,
1.10.2020,second,stonypond,23,chelsea,LH,cns,yes1,cns,no5,,,,,1,sp050,,,sp051,,,,,,,NA,NA,,,,,no,,yes,j,2,NA,NA,NA,NA,NA,cns,68000,,
1.10.2020,second,stonypond,31,alexis,RH,cns,yes1,cns,no5,,,,,1,sp070,,,sp071,,,,,,,NA,NA,,,,,no,,yes,j,3,NA,NA,NA,NA,NA,cns,760000,,
3.19.2020,third,glennview,8,165,RF,cns,yes2,cns,other18,,,,,2,gv115,staphylococcus chromogenes,,gv160,staphylococcus chromogenes,,,,,,NA,NA,,,,,tbd,,yes,j,3,c,3,NA,NA,NA,cns,240000,,
1.17.2020,first,paddlebridge,8,kyra35,RH,cns,yes2,cns,other18,,,,,2,pb002,,,pb003,,,,,,,NA,NA,,,,,tbd,,yes,j,1,c,1,NA,NA,NA,cns,210000,,
1.30.2020,second,lynd,5,klondike,RF,cns,yes2,cns,other18,,,,,2,lf051,staphylococcus chromogenes,,lf052,staphylococcus chromogenes,,,,,,NA,NA,,,,,tbd,,yes,NA,NA,NA,NA,NA,NA,NA,cns,83000,,
1.30.2020,second,lynd,20,willy,RF,cns,yes2,cns,other18,,,,,2,lf073,staphylococcus haemolyticus,,lf074,staphylococcus haemolyticus,,,,,,NA,NA,,,,,tbd,,yes,NA,NA,NA,NA,NA,NA,NA,cns,250000,,
1.6.2020,first,vontrapp,2,gloria,LF,cns,yes2,cns,other18,,,,,2,vt001,,,vt002,,,,,,,NA,NA,,,,,tbd,,yes,j,2,c,3,NA,NA,NA,cns,85000,,
2.12.2020,second,vontrapp,5,gloria,LF,cns,yes2,cns,other18,,,,,2,vt037,,,vt038,,,,,,,NA,NA,,,,,tbd,,yes,j,2,c,2,NA,NA,NA,cns,80000,,
2.12.2020,second,vontrapp,5,gloria,RF,cns,yes2,cns,other18,,,,,2,vt039,,,vt040,,,,,,,NA,NA,,,,,tbd,,yes,j,2,c,2,NA,NA,NA,cns,69000,,
12.17.2019,first,bj,30,761,LH,cns,yes2,cns,other18,,,,,2,bj018,staphylococcus chromogenes,,bj026,staphylococcus chromogenes,,,,,,NA,NA,,,,,tbd,,yes,j,3,c,3,NA,NA,NA,cns,246000,,
2.4.2020,second,butterworks,12,snowball,RH,cns,yes2,cns,other18,,,,,2,bw082,staphylococcus simulans,,bw083,staphylococcus simulans,,,,,,NA,NA,,,,,tbd,,yes,t,1,c,1,NA,NA,NA,cns,480000,,
3.3.2020,third,butterworks,8,pearl,LF,cns,yes2,cns,other18,,,,,2,bw123,staphylococcus chromogenes,,bw124,,,,,,,NA,NA,,,,,tbd,,yes,n,3,c,2,NA,NA,NA,cns,210000,,
3.3.2020,third,butterworks,12,snowball,RF,cns,yes1,cns,other18,,,,,2,bw130,staphylococcus simulans,,bw131,staphylococcus simulans,,,,,,NA,NA,,,,,no,,yes,n,3,c,2,NA,NA,NA,cns,34000,,
3.16.2020,fourth,choiniere,4,16,LF,cns,yes2,cns,other18,,,,,2,cf191,,,cf192,,,,,,,NA,NA,,,,,tbd,,yes,j,3,c,3,NA,NA,NA,cns,190000,,
1.3.2020,first,oughtabe,9,goody,LH,cns,yes2,cns,other35,,,,,35,ob006,,,ob007,,,,,,,NA,NA,,,,,tbd,,yes,j,3,c,3,NA,NA,NA,cns,300000,,
1.3.2020,first,oughtabe,19,karla,RH,cns,yes2,cns,other18,,,,,2,ob026,,,ob027,,,,,,,NA,NA,,,,,tbd,,yes,j,2,c,3,NA,NA,NA,cns,570000,,
2.14.2020,second,oughtabe,2,aloha,LH,cns,yes2,cns,other18,,,,,2,ob056,,,ob058,,,,,,,NA,NA,,,,,tbd,,yes,t,2,c,2,NA,NA,NA,cns,2600000,,
3.12.2020,third,oughtabe,5,kit,LH,cns,yes2,cns,other18,,,,,2,ob112,staphylococcus chromogenes,,ob168,,,,,,,NA,NA,,,,,tbd,,yes,j,2,c,2,NA,NA,NA,cns,120000,,
3.19.2020,third,glennview,15,128,RH,cns,yes1,corynebac,no5,,,,,1,gv131,,,gv132,corynebacterium species,,,,,,NA,NA,,,,,no,,yes,j,2,c,3,NA,NA,NA,cns,12000,,
12.13.2019,first,swallowdale,1,pledge,LF,cns,yes2,,,,,,,2,sw002,,,,,,,,,,NA,NA,,,,,no,,yes,NA,NA,NA,NA,NA,NA,NA,cns,87000,,
12.13.2019,first,swallowdale,1,pledge,RH,cns,yes2,,,,,,,2,sw003,,,,,,,,,,NA,NA,,,,,no,,yes,NA,NA,NA,NA,NA,NA,NA,cns,59000,,
12.13.2019,first,swallowdale,1,pledge,RF,cns,yes2,,,,,,,2,sw004,,,,,,,,,,NA,NA,,,,,no,,yes,NA,NA,NA,NA,NA,NA,NA,cns,172000,,
12.13.2019,first,swallowdale,6,denise,RF,cns,yes2,,,,,,,2,sw008,,,,,,,,,,NA,NA,,,,,no,,yes,NA,NA,NA,NA,NA,NA,NA,cns,139000,,
12.13.2019,first,swallowdale,7,skyler,RF,cns,yes1,,,,,,,1,sw009,,,,,,,,,,NA,NA,,,,,no,,yes,NA,NA,NA,NA,NA,NA,NA,cns,0,,
12.13.2019,first,swallowdale,8,cambric,LH,cns,yes2,,,,,,,2,sw010,,,,,,,,,,NA,NA,,,,,no,,yes,NA,NA,NA,NA,NA,NA,NA,cns,36000,,
12.13.2019,first,swallowdale,9,diane,RF,cns,yes1,,,,,,,1,sw013,,,,,,,,,,NA,NA,,,,,no,,yes,NA,NA,NA,NA,NA,NA,NA,cns,3000,,
12.13.2019,first,swallowdale,12,denver,RH,cns,yes2,,,,,,,2,sw021,,,,,,,,,,NA,NA,,,,,no,,yes,NA,NA,NA,NA,NA,NA,NA,cns,103000,,
12.13.2019,first,swallowdale,14,quantum,LF,cns,yes2,,,,,,,2,sw026,,,,,,,,,,NA,NA,,,,,no,,yes,NA,NA,NA,NA,NA,NA,NA,cns,15000,,
12.13.2019,first,swallowdale,15,goldie,LF,cns,yes2,,,,,,,2,sw029,,,,,,,,,,NA,NA,,,,,no,,yes,NA,NA,NA,NA,NA,NA,NA,cns,157000,,
12.13.2019,first,swallowdale,21,pasta,LF,cns,yes2,,,,,,,2,sw039,,,,,,,,,,NA,NA,,,,,no,,yes,NA,NA,NA,NA,NA,NA,NA,cns,78000,,
12.13.2019,first,swallowdale,24,flossy,LH,cns,yes2,,,,,,,2,sw040,,,,,,,,,,NA,NA,,,,,no,,yes,NA,NA,NA,NA,NA,NA,NA,cns,86000,,
12.13.2019,first,swallowdale,26,amber,LH,cns,yes2,,,,,,,2,sw041,,,,,,,,,,NA,NA,,,,,no,,yes,NA,NA,NA,NA,NA,NA,NA,cns,57000,,
12.13.2019,first,swallowdale,27,marshmellow,LF,cns,yes2,,,,,,,2,sw044,,,,,,,,,,NA,NA,,,,,no,,yes,NA,NA,NA,NA,NA,NA,NA,cns,61000,,
12.13.2019,first,swallowdale,27,marshmellow,RF,cns,yes2,,,,,,,2,sw046,,,,,,,,,,NA,NA,,,,,no,,yes,NA,NA,NA,NA,NA,NA,NA,cns,98000,,
12.13.2019,first,swallowdale,30,cassia,LH,cns,yes2,,,,,,,2,sw048,,,,,,,,,,NA,NA,,,,,no,,yes,NA,NA,NA,NA,NA,NA,NA,cns,51000,,
12.13.2019,first,swallowdale,30,cassia,RH,cns,yes2,,,,,,,2,sw049,,,,,,,,,,NA,NA,,,,,no,,yes,NA,NA,NA,NA,NA,NA,NA,cns,24000,,
12.13.2019,first,swallowdale,31,jewel,LH,cns,yes2,,,,,,,2,sw050,,,,,,,,,,NA,NA,,,,,no,,yes,NA,NA,NA,NA,NA,NA,NA,cns,11000,,
12.13.2019,first,swallowdale,34,mabel,LF,cns,yes2,,,,,,,2,sw052,,,,,,,,,,NA,NA,,,,,no,,yes,NA,NA,NA,NA,NA,NA,NA,cns,60000,,
12.13.2019,first,swallowdale,35,maisie,RH,cns,yes1,,,,,,,1,sw053,,,,,,,,,,NA,NA,,,,,no,,yes,NA,NA,NA,NA,NA,NA,NA,cns,16000,,
1.22.2020,second,swallowdale,6,goldie,LF,cns,yes2,,,,,,,2,sw060,,,,,,,,,,NA,NA,,,,,no,,yes,j,2,NA,NA,NA,NA,NA,cns,45000,,
1.22.2020,second,swallowdale,7,paige,LH,cns,yes2,,,,,,,2,sw063,,,,,,,,,,NA,NA,,,,,no,,yes,j,2,NA,NA,NA,NA,NA,cns,24000,,
1.22.2020,second,swallowdale,7,paige,RH,cns,yes2,,,,,,,2,sw064,,,,,,,,,,NA,NA,,,,,no,,yes,j,2,NA,NA,NA,NA,NA,cns,89000,,
1.22.2020,second,swallowdale,8,marshmellow,LF,cns,yes2,,,,,,,2,sw066,,,,,,,,,,NA,NA,,,,,no,,yes,j,1,NA,NA,NA,NA,NA,cns,220000,,
1.22.2020,second,swallowdale,8,marshmellow,RF,cns,yes2,,,,,,,2,sw069,,,,,,,,,,NA,NA,,,,,no,,yes,j,1,NA,NA,NA,NA,NA,cns,150000,,
1.22.2020,second,swallowdale,10,flossy,LH,cns,yes2,,,,,,,2,sw070,,,,,,,,,,NA,NA,,,,,no,,yes,j,2,NA,NA,NA,NA,NA,cns,420000,,
1.22.2020,second,swallowdale,11,amber,LH,cns,yes2,,,,,,,2,sw071,,,,,,,,,,NA,NA,,,,,no,,yes,j,2,NA,NA,NA,NA,NA,cns,110000,,
1.22.2020,second,swallowdale,14,cambric,LH,cns,yes2,,,,,,,2,sw072,,,,,,,,,,NA,NA,,,,,no,,yes,j,1,NA,NA,NA,NA,NA,cns,200000,,
1.22.2020,second,swallowdale,14,cambric,RH,cns,yes2,,,,,,,2,sw073,,,,,,,,,,NA,NA,,,,,no,,yes,j,1,NA,NA,NA,NA,NA,cns,400000,,
1.22.2020,second,swallowdale,15,quantum,LF,cns,yes2,,,,,,,2,sw074,,,,,,,,,,NA,NA,,,,,no,,yes,j,1,NA,NA,NA,NA,NA,cns,52000,,
1.22.2020,second,swallowdale,19,dorian,LH,cns,yes2,,,,,,,2,sw075,,,,,,,,,,NA,NA,,,,,no,,yes,j,2,NA,NA,NA,NA,NA,cns,74000,,
1.22.2020,second,swallowdale,20,pasta,LF,cns,yes2,,,,,,,2,sw076,,,,,,,,,,NA,NA,,,,,no,,yes,j,1,NA,NA,NA,NA,NA,cns,83000,,
1.22.2020,second,swallowdale,21,denise,LF,cns,yes2,,,,,,,2,sw077,,,,,,,,,,NA,NA,,,,,no,,yes,j,1,NA,NA,NA,NA,NA,cns,250000,,
1.22.2020,second,swallowdale,21,denise,RH,cns,yes2,,,,,,,2,sw078,,,,,,,,,,NA,NA,,,,,no,,yes,j,1,NA,NA,NA,NA,NA,cns,130000,,
1.22.2020,second,swallowdale,29,denver,RH,cns,yes2,,,,,,,2,sw084,staphylococcus xylosus,,,,,,,,,NA,NA,,,,,no,,yes,j,1,NA,NA,NA,NA,NA,cns,68000,,
1.22.2020,second,swallowdale,31,cassia,LH,cns,yes2,,,,,,,2,sw085,staphylococcus chromogenes,,,,,,,,,NA,NA,,,,,no,,yes,j,NA,NA,NA,NA,NA,NA,cns,220000,,
1.22.2020,second,swallowdale,31,cassia,RH,cns,yes2,,,,,,,2,sw086,staphylococcus simulans,,,,,,,,,NA,NA,,,,,no,,yes,j,NA,NA,NA,NA,NA,NA,cns,1300000,,
1.22.2020,second,swallowdale,32,pledge,LF,cns,yes2,,,,,,,2,sw087,staphylococcus chromogenes,,,,,,,,,NA,NA,,,,,no,,yes,j,1,NA,NA,NA,NA,NA,cns,230000,,
1.22.2020,second,swallowdale,32,pledge,RH,cns,yes2,,,,,,,2,sw088,staphylococcus chromogenes,,,,,,,,,NA,NA,,,,,no,,yes,j,1,NA,NA,NA,NA,NA,cns,84000,,
1.22.2020,second,swallowdale,32,pledge,RF,cns,yes2,,,,,,,2,sw089,staphylococcus chromogenes,,,,,,,,,NA,NA,,,,,no,,yes,j,1,NA,NA,NA,NA,NA,cns,140000,,
2.28.2020,third,swallowdale,3,quantum,LF,cns,yes2,,,,,,,2,sw093,staphylococcus chromogenes,,,,,,,,,NA,NA,,,,yes,no,,yes,NA,NA,NA,NA,NA,NA,NA,cns,480000,,
2.28.2020,third,swallowdale,4,pasta,LF,cns,yes2,,,,,,,2,sw094,staphylococcus chromogenes,,,,,,,,,NA,NA,,,,,no,,yes,NA,NA,NA,NA,NA,NA,NA,cns,500000,,
2.28.2020,third,swallowdale,5,paige,LH,cns,yes2,,,,,,,2,sw095,staphylococcus chromogenes,,,,,,,,,NA,NA,,,,,no,,yes,NA,NA,NA,NA,NA,NA,NA,cns,120000,,
2.28.2020,third,swallowdale,5,paige,RH,cns,yes2,,,,,,,2,sw096,staphylococcus chromogenes,,,,,,,,,NA,NA,,,,,no,,yes,NA,NA,NA,NA,NA,NA,NA,cns,120000,,
2.28.2020,third,swallowdale,6,dorian,LH,cns,yes2,,,,,,,2,sw097,staphylococcus chromogenes,,,,,,,,,NA,NA,,,,,no,,yes,NA,NA,NA,NA,NA,NA,NA,cns,100000,,
2.28.2020,third,swallowdale,11,pledge,LF,cns,yes2,,,,,,,2,sw101,staphylococcus chromogenes,,,,,,,,,NA,NA,,,,,no,,yes,NA,NA,NA,NA,NA,NA,NA,cns,410000,,
2.28.2020,third,swallowdale,11,pledge,RH,cns,yes2,,,,,,,2,sw102,staphylococcus chromogenes,,,,,,,,,NA,NA,,,,,no,,yes,NA,NA,NA,NA,NA,NA,NA,cns,180000,,
2.28.2020,third,swallowdale,11,pledge,RF,cns,yes2,,,,,,,2,sw103,staphylococcus chromogenes,,,,,,,,,NA,NA,,,,,no,,yes,NA,NA,NA,NA,NA,NA,NA,cns,440000,,
2.28.2020,third,swallowdale,13,amber,LH,cns,yes2,,,,,,,2,sw105,staphylococcus chromogenes,,,,,,,,,NA,NA,,,,,no,,yes,NA,NA,NA,NA,NA,NA,NA,cns,140000,,
2.28.2020,third,swallowdale,17,cambric,LH,cns,yes2,,,,,,,2,sw108,staphylococcus chromogenes,,,,,,,,,NA,NA,,,,,no,,yes,NA,NA,NA,NA,NA,NA,NA,cns,76000,,
2.28.2020,third,swallowdale,21,marshmellow,LF,cns,yes2,,,,,,,2,sw116,staphylococcus chromogenes,,,,,,,,,NA,NA,,,,,no,,yes,NA,NA,NA,NA,NA,NA,NA,cns,180000,,
2.28.2020,third,swallowdale,21,marshmellow,RF,cns,yes2,,,,,,,2,sw118,staphylococcus species,,,,,,,,,NA,NA,,,,,no,,yes,NA,NA,NA,NA,NA,NA,NA,cns,270000,,
2.28.2020,third,swallowdale,22,denise,LF,cns,yes2,,,,,,,2,sw119,staphylococcus chromogenes,,,,,,,,,NA,NA,,,,,no,,yes,NA,NA,NA,NA,NA,NA,NA,cns,150000,,
2.28.2020,third,swallowdale,22,denise,RH,cns,yes2,,,,,,,2,sw120,,,,,,,,,,NA,NA,,,,,no,,yes,NA,NA,NA,NA,NA,NA,NA,cns,87000,,
2.28.2020,third,swallowdale,25,jewel,LH,cns,yes1,,,,,,,1,sw122,staphylococcus chromogenes,,,,,,,,,NA,NA,,,,,no,,yes,NA,NA,NA,NA,NA,NA,NA,cns,33000,,
2.28.2020,third,swallowdale,29,denver,RH,cns,yes2,,,,,,,2,sw125,staphylococcus xylosus,,,,,,,,,NA,NA,,,,,no,,yes,NA,NA,NA,NA,NA,NA,NA,cns,92000,,
2.28.2020,third,swallowdale,33,goldie,LF,cns,yes2,,,,,,,2,sw129,staphylococcus chromogenes,,,,,,,,,NA,NA,,,,,no,,yes,NA,NA,NA,NA,NA,NA,NA,cns,59000,,
2.28.2020,third,swallowdale,34,cassia,LH,cns,yes1,,,,,,,1,sw132,staphylococcus chromogenes,,,,,,,,,NA,NA,,,,,no,,yes,NA,NA,NA,NA,NA,NA,NA,cns,1000000,,
2.28.2020,third,swallowdale,34,cassia,RH,cns,yes1,,,,,,,1,sw133,staphylococcus simulans,,,,,,,,,NA,NA,,,,,no,,yes,NA,NA,NA,NA,NA,NA,NA,cns,750000,,
2.28.2020,third,swallowdale,35,skyler,LH,cns,yes1,,,,,,,1,sw134,,,,,,,,,,NA,NA,,,,,no,,yes,NA,NA,NA,NA,NA,NA,NA,cns,3000,,
12.12.2019,first,stonypond,2,zag,LF,cns,yes2,,,,,,,2,sp002,,,,,,,,,,NA,NA,,,,,no,,yes,j,2,NA,NA,NA,NA,NA,cns,15000,,
12.12.2019,first,stonypond,3,margo,LH,cns,yes2,,,,,,,2,sp003,,,,,,,,,,NA,NA,,,,,no,,yes,j,2,NA,NA,NA,NA,NA,cns,616000,,
12.12.2019,first,stonypond,5,echo,LH,cns,yes2,,,,,,,2,sp008,,,,,,,,,,NA,NA,,,,,no,,yes,j,2,NA,NA,NA,NA,NA,cns,118000,,
12.12.2019,first,stonypond,5,echo,RH,cns,yes2,,,,,,,2,sp009,,,,,,,,,,NA,NA,,,,,no,,yes,j,2,NA,NA,NA,NA,NA,cns,102000,,
12.12.2019,first,stonypond,5,echo,RF,cns,yes2,,,,,,,2,sp010,,,,,,,,,,NA,NA,,,,,no,,yes,j,2,NA,NA,NA,NA,NA,cns,573000,,
12.12.2019,first,stonypond,6,peaches,LH,cns,yes2,,,,,,,2,sp011,,,,,,,,,,NA,NA,,,,,no,,yes,j,1,NA,NA,NA,NA,NA,cns,192000,,
12.12.2019,first,stonypond,7,riley,RF,cns,yes2,,,,,,,2,sp012,,,,,,,,,,NA,NA,,,,,no,,yes,j,3,NA,NA,NA,NA,NA,cns,163000,,
12.12.2019,first,stonypond,8,pippa,LF,cns,yes2,,,,,,,2,sp013,,,,,,,,,,NA,NA,,,,,no,,yes,j,1,NA,NA,NA,NA,NA,cns,100000,,
12.12.2019,first,stonypond,12,ashley,LH,cns,yes2,,,,,,,2,sp014,,,,,,,,,,NA,NA,,,,,no,,yes,j,4,NA,NA,NA,NA,NA,cns,58000,,
12.12.2019,first,stonypond,12,ashley,LF,cns,yes2,,,,,,,2,sp015,,,,,,,,,,NA,NA,,,,,no,,yes,j,4,NA,NA,NA,NA,NA,cns,628000,,
12.12.2019,first,stonypond,17,wynona,LH,cns,yes2,,,,,,,2,sp018,,,,,,,,,,NA,NA,,,,,no,,yes,j,1,NA,NA,NA,NA,NA,cns,137000,,
12.12.2019,first,stonypond,17,wynona,LF,cns,yes2,,,,,,,2,sp019,,,,,,,,,,NA,NA,,,,,no,,yes,j,1,NA,NA,NA,NA,NA,cns,168000,,
12.12.2019,first,stonypond,18,octavia,LH,cns,yes2,,,,,,,2,sp020,,,,,,,,,,NA,NA,,,,,no,,yes,j,3,NA,NA,NA,NA,NA,cns,233000,,
12.12.2019,first,stonypond,18,octavia,RH,cns,yes2,,,,,,,2,sp021,,,,,,,,,,NA,NA,,,,,no,,yes,j,3,NA,NA,NA,NA,NA,cns,79000,,
12.12.2019,first,stonypond,19,doris,LF,cns,yes2,,,,,,,2,sp022,,,,,,,,,,NA,NA,,,,,no,,yes,j,4,NA,NA,NA,NA,NA,cns,259000,,
12.12.2019,first,stonypond,22,rashida,LH,cns,yes2,,,,,,,2,sp026,,,,,,,,,,NA,NA,,,,,no,,yes,j,1,NA,NA,NA,NA,NA,cns,310000,,
12.12.2019,first,stonypond,22,rashida,LF,cns,yes2,,,,,,,2,sp027,,,,,,,,,,NA,NA,,,,,no,,yes,j,1,NA,NA,NA,NA,NA,cns,2496000,,
12.12.2019,first,stonypond,22,rashida,RH,cns,yes2,,,,,,,2,sp028,,,,,,,,,,NA,NA,,,,,no,,yes,j,1,NA,NA,NA,NA,NA,cns,349000,,
12.12.2019,first,stonypond,22,rashida,RF,cns,yes2,,,,,,,2,sp029,,,,,,,,,,NA,NA,,,,,no,,yes,j,1,NA,NA,NA,NA,NA,cns,1120000,,
12.12.2019,first,stonypond,34,alexis,LF,cns,yes2,,,,,,,2,sp032,,,,,,,,,,NA,NA,yes,,,,no,,yes,j,3,NA,NA,NA,NA,NA,cns,3003000,,
1.10.2020,second,stonypond,1,peaches,LH,cns,yes2,,,,,,,2,sp033,,,,,,,,,,NA,NA,,,,,no,,yes,j,1,NA,NA,NA,NA,NA,cns,240000,,
1.10.2020,second,stonypond,2,faith,RF,cns,yes2,,,,,,,2,sp036,,,,,,,,,,NA,NA,,,,,no,,yes,j,1,NA,NA,NA,NA,NA,cns,1400000,,
1.10.2020,second,stonypond,3,pippa,LF,cns,yes2,,,,,,,2,sp037,,,,,,,,,,NA,NA,,,,,no,,yes,j,1,NA,NA,NA,NA,NA,cns,500000,,
1.10.2020,second,stonypond,4,wynona,LH,cns,yes2,,,,,,,2,sp038,,,,,,,,,,NA,NA,,,,,no,,yes,j,1,NA,NA,NA,NA,NA,cns,170000,,
1.10.2020,second,stonypond,4,wynona,LF,cns,yes2,,,,,,,2,sp039,,,,,,,,,,NA,NA,,,,,no,,yes,j,1,NA,NA,NA,NA,NA,cns,230000,,
1.10.2020,second,stonypond,8,margo,LH,cns,yes2,,,,,,,2,sp041,,,,,,,,,,NA,NA,,,,,,,yes,j,2,NA,NA,NA,NA,NA,cns,770000,,
1.10.2020,second,stonypond,9,lish,LH,cns,yes2,,,,,,,2,sp042,,,,,,,,,,NA,NA,,,,,no,,yes,j,2,NA,NA,NA,NA,NA,cns,97000,,
1.10.2020,second,stonypond,9,lish,RH,cns,yes2,,,,,,,2,sp043,,,,,,,,,,NA,NA,,,,,no,,yes,j,2,NA,NA,NA,NA,NA,cns,60000,,
1.10.2020,second,stonypond,12,riley,RF,cns,yes2,,,,,,,2,sp044,,,,,,,,,,NA,NA,,,,,no,,yes,j,2,NA,NA,NA,NA,NA,cns,250000,,
1.10.2020,second,stonypond,14,echo,LH,cns,yes2,,,,,,,2,sp045,,,,,,,,,,NA,NA,,,,,no,,yes,j,1,NA,NA,NA,NA,NA,cns,260000,,
1.10.2020,second,stonypond,14,echo,RH,cns,yes2,,,,,,,2,sp046,,,,,,,,,,NA,NA,,,,,no,,yes,j,1,NA,NA,NA,NA,NA,cns,370000,,
1.10.2020,second,stonypond,19,robin,RH,cns,yes1,,,,,,,1,sp052,,,,,,,,,,NA,NA,,,,,no,,yes,j,1,NA,NA,NA,NA,NA,cns,50000,,
1.10.2020,second,stonypond,19,robin,RF,cns,yes2,,,,,,,2,sp053,,,,,,,,,,NA,NA,,,,,no,,yes,j,1,NA,NA,NA,NA,NA,cns,120000,,
1.10.2020,second,stonypond,20,rashida,LH,cns,yes2,,,,,,,2,sp054,,,,,,,,,,NA,NA,,,,,no,,yes,j,3,NA,NA,NA,NA,NA,cns,690000,,
1.10.2020,second,stonypond,20,rashida,LF,cns,yes2,,,,,,,2,sp055,,,,,,,,,,NA,NA,,,,,no,,yes,j,3,NA,NA,NA,NA,NA,cns,3100000,,
1.10.2020,second,stonypond,20,rashida,RH,cns,yes2,,,,,,,2,sp056,,,,,,,,,,NA,NA,,,,,no,,yes,j,3,NA,NA,NA,NA,NA,cns,370000,,
1.10.2020,second,stonypond,20,rashida,RF,cns,yes2,,,,,,,2,sp057,,,,,,,,,,NA,NA,,,,,no,,yes,j,3,NA,NA,NA,NA,NA,cns,1300000,,
1.10.2020,second,stonypond,21,doris,LF,cns,yes2,,,,,,,2,sp058,,,,,,,,,,NA,NA,,,,,no,,yes,j,1,NA,NA,NA,NA,NA,cns,640000,,
1.10.2020,second,stonypond,22,ashley,LH,cns,yes2,,,,,,,2,sp059,,,,,,,,,,NA,NA,,,,,no,,yes,j,3,NA,NA,NA,NA,NA,cns,280000,,
1.10.2020,second,stonypond,22,ashley,LF,cns,yes2,,,,,,,2,sp060,,,,,,,,,,NA,NA,,,,,no,,yes,j,3,NA,NA,NA,NA,NA,cns,560000,,
1.10.2020,second,stonypond,24,octavia,LH,cns,yes2,,,,,,,2,sp061,,,,,,,,,,NA,NA,,,,,no,,yes,j,3,NA,NA,NA,NA,NA,cns,340000,,
1.10.2020,second,stonypond,24,octavia,RH,cns,yes2,,,,,,,2,sp062,,,,,,,,,,NA,NA,,,,,no,,yes,j,3,NA,NA,NA,NA,NA,cns,220000,,
1.10.2020,second,stonypond,31,alexis,RF,cns,yes2,,,,,,,2,sp072,,,,,,,,,,NA,NA,,,,,no,,yes,j,3,NA,NA,NA,NA,NA,cns,6100000,,
1.14.2020,first,glennview,3,133,LH,cns,yes2,,,,,,,2,gv003,,,,,,,,,,NA,NA,,,,,no,,yes,j,4,c,3,NA,NA,NA,cns,65000,,
1.14.2020,first,glennview,6,165,RH,cns,yes2,,,,,,,2,gv010,,,,,,,,,,NA,NA,,,,,no,,yes,j,1,c,1,NA,NA,NA,cns,80000,,
1.14.2020,first,glennview,6,165,RF,cns,yes1,,,,,,,1,gv011,,,,,,,,,,NA,NA,,,,,no,,yes,j,1,c,1,NA,NA,NA,cns,97000,,
1.14.2020,first,glennview,8,160,RH,cns,yes2,,,,,,,2,gv016,,,,,,,,,,NA,NA,,,,,no,,yes,j,1,c,1,NA,NA,NA,cns,270000,,
1.14.2020,first,glennview,9,456,LF,cns,yes2,,,,,,,2,gv019,,,,,,,,,,NA,NA,,,,,no,,yes,j,3,c,2,NA,NA,NA,cns,120000,,
1.14.2020,first,glennview,11,199,LH,cns,yes2,,,,,,,2,gv023,,,,,,,,,,NA,NA,,,,,no,,yes,j,3,c,2,NA,NA,NA,cns,120000,,
1.14.2020,first,glennview,11,199,RH,cns,yes2,,,,,,,2,gv024,,,,,,,,,,NA,NA,,,,,no,,yes,j,3,c,2,NA,NA,NA,cns,190000,,
1.14.2020,first,glennview,16,192,RF,cns,yes2,,,,,,,2,gv027,,,,,,,,,,NA,NA,,,,,no,,yes,j,2,c,2,NA,NA,NA,cns,300000,,
1.14.2020,first,glennview,18,27,RH,cns,yes2,,,,,,,2,gv030,,,,,,,,,,NA,NA,,,,,no,,yes,j,2,c,2,NA,NA,NA,cns,72000,,
1.14.2020,first,glennview,25,70,RF,cns,yes2,,,,,,,2,gv038,,,,,,,,,,NA,NA,,,,,no,,yes,j,2,c,3,NA,NA,NA,cns,140000,,
1.14.2020,first,glennview,27,42,LF,cns,yes2,,,,,,,2,gv039,,,,,,,,,,NA,NA,,,,,no,,yes,j,1,c,1,NA,NA,NA,cns,310000,,
1.14.2020,first,glennview,28,43,RH,cns,yes2,,,,,,,2,gv041,,,,,,,,,,NA,NA,,,,,no,,yes,j,2,c,2,NA,NA,NA,cns,6100000,,
1.14.2020,first,glennview,29,207,LH,cns,yes2,,,,,,,2,gv042,,,,,,,,,,NA,NA,,,,,no,,yes,j,1,c,1,NA,NA,NA,cns,84000,,
1.14.2020,first,glennview,33,79,RH,cns,yes2,,,,,,,2,gv045,,,,,,,,,,NA,NA,,,,,,,yes,j,2,c,3,NA,NA,NA,cns,620000,,
1.14.2020,first,glennview,33,79,RF,cns,yes1,,,,,,,1,gv046,,,,,,,,,,NA,NA,,,,,,,yes,j,2,c,3,NA,NA,NA,cns,22000,,
1.14.2020,first,glennview,35,205,LH,cns,yes2,,,,,,,2,gv047,,,,,,,,,,NA,NA,,,,,no,,yes,j,3,c,3,NA,NA,NA,cns,63000,,
1.14.2020,first,glennview,35,205,RH,cns,yes2,,,,,,,2,gv048,,,,,,,,,,NA,NA,,,,,no,,yes,j,3,c,3,NA,NA,NA,cns,22000,,
2.19.2020,second,glennview,3,173,LH,cns,yes2,,,,,,,2,gv050,,,,,,,,,,NA,NA,,,,,no,,yes,m,2,c,2,NA,NA,NA,cns,390000,,
2.19.2020,second,glennview,3,173,RH,cns,yes1,,,,,,,1,gv051,,,,,,,,,,NA,NA,,,,,no,,yes,m,2,c,2,NA,NA,NA,cns,67000,,
2.19.2020,second,glennview,8,133,LH,cns,yes2,,,,,,,2,gv059,,,,,,,,,,NA,NA,,,,,no,,yes,m,4,c,3,NA,NA,NA,cns,46000,,
2.19.2020,second,glennview,14,27,RH,cns,yes2,,,,,,,2,gv069,,,,,,,,,,NA,NA,,,,,,,yes,m,3,c,2,NA,NA,NA,cns,67000,,
2.19.2020,second,glennview,18,42,LF,cns,yes2,,,,,,,2,gv073,,,,,,,,,,NA,NA,,,,,no,,yes,m,1,c,1,NA,NA,NA,cns,160000,,
2.19.2020,second,glennview,20,160,RH,cns,yes2,,,,,,,2,gv076,,,,,,,,,,NA,NA,,,,,no,,yes,m,1,c,2,NA,NA,NA,cns,120000,,
2.19.2020,second,glennview,23,165,RF,cns,yes2,,,,,,,2,gv081,,,,,,,,,,NA,NA,,,,,no,,yes,m,3,c,2,NA,NA,NA,cns,220000,,
2.19.2020,second,glennview,27,169,LF,cns,yes1,,,,,,,1,gv085,staphylococcus equorum,,,,,,,,,NA,NA,,,,,no,,yes,m,3,c,3,NA,NA,NA,cns,10000,,
2.19.2020,second,glennview,27,169,RF,cns,yes2,,,,,,,2,gv086,staphylococcus pseudintermedius ,yes_from_sa_to_cns,,,,,,,,NA,NA,,,,,no,,yes,m,3,c,3,NA,NA,NA,cns,96000,,
2.19.2020,second,glennview,29,204,LH,cns,yes2,,,,,,,2,gv088,no id,yes_nochange,,,,,,,,NA,NA,,,,,no,,yes,m,2,c,2,NA,NA,NA,cns,4000,,
2.19.2020,second,glennview,30,207,LH,cns,yes1,,,,,,,1,gv089,no id,yes_nochange,,,,,,,,NA,NA,,,,,no,,yes,m,2,c,3,NA,NA,NA,cns,66000,,
2.19.2020,second,glennview,31,192,RF,cns,yes2,,,,,,,2,gv090,staphylococcus chromogenes,,,,,,,,,NA,NA,,,,,no,,yes,m,2,c,3,NA,NA,NA,cns,130000,,
2.19.2020,second,glennview,32,199,LH,cns,yes2,,,,,,,2,gv091,staphylococcus chromogenes,,,,,,,,,NA,NA,,,,,no,,yes,m,1,c,2,NA,NA,NA,cns,40000,,
2.19.2020,second,glennview,32,199,RH,cns,yes2,,,,,,,2,gv092,staphylococcus chromogenes,,,,,,,,,NA,NA,,,,,no,,yes,m,1,c,2,NA,NA,NA,cns,79000,,
2.19.2020,second,glennview,33,70,LF,cns,yes2,,,,,,,2,gv095,staphylococcus chromogenes,,,,,,,,,NA,NA,,,,,no,,yes,m,2,c,2,NA,NA,NA,cns,86000,,
2.19.2020,second,glennview,35,198,LH,cns,yes2,,,,,,,2,gv097,staphylococcus chromogenes,,,,,,,,,NA,NA,,,,,no,,yes,m,1,c,1,NA,NA,NA,cns,66000,,
2.19.2020,second,glennview,35,198,LF,cns,yes2,,,,,,,2,gv098,staphylococcus saprophyticus,,,,,,,,,NA,NA,,,,,no,,yes,m,1,c,1,NA,NA,NA,cns,4000,,
3.19.2020,third,glennview,2,199,LH,cns,yes2,,,,,,,2,gv101,staphylococcus chromogenes,,,,,,,,,NA,NA,,,,,no,,yes,j,3,c,3,NA,NA,NA,cns,46000,,
3.19.2020,third,glennview,2,199,RH,cns,yes2,,,,,,,2,gv102,staphylococcus chromogenes,,,,,,,,,NA,NA,,,,,no,,yes,j,3,c,3,NA,NA,NA,cns,120000,,
3.19.2020,third,glennview,3,172,RF,cns,yes2,,,,,,,2,gv104,,,,,,,,,,NA,NA,,,,,no,,yes,j,2,c,2,NA,NA,NA,cns,7000,,
3.19.2020,third,glennview,6,173,LH,cns,yes2,,,,,,,2,gv109,staphylococcus chromogenes,,,,,,,,,NA,NA,,,,,no,,yes,j,4,c,4,NA,NA,NA,cns,200000,,
3.19.2020,third,glennview,6,173,RH,cns,yes1,,,,,,,1,gv110,staphylococcus chromogenes,,,,,,,,,NA,NA,,,,,no,,yes,j,4,c,4,NA,NA,NA,cns,130000,,
3.19.2020,third,glennview,7,198,LH,cns,yes2,,,,,,,2,gv111,staphylococcus chromogenes,,,,,,,,,NA,NA,,,,,no,,yes,j,2,c,2,NA,NA,NA,cns,370000,,
3.19.2020,third,glennview,8,165,RH,cns,yes2,,,,,,,2,gv114,staphylococcus devriesei,yes_from_?_to_cns,,,,,,,,NA,NA,,,,,no,,yes,j,3,c,3,NA,NA,NA,cns,120000,,
3.19.2020,third,glennview,10,42,LF,cns,yes2,,,,,,,2,gv117,staphylococcus chromogenes,,,,,,,,,NA,NA,,,,,no,,yes,j,1,c,2,NA,NA,NA,cns,120000,,
3.19.2020,third,glennview,12,79,RH,cns,yes2,,,,,,,2,gv120,staphylococcus chromogenes,,,,,,,,,NA,NA,,,,,no,,yes,j,3,c,4,NA,NA,NA,cns,200000,,
3.19.2020,third,glennview,23,207,LH,cns,yes2,,,,,,,2,gv136,no id,yes_nochange,,,,,,,,NA,NA,,,,,no,,yes,j,2,c,4,NA,NA,NA,cns,110000,,
3.19.2020,third,glennview,27,205,LH,cns,yes1,,,,,,,1,gv146,staphylococcus chromogenes,,,,,,,,,NA,NA,,,,,no,,yes,j,2,c,2,NA,NA,NA,cns,460000,,
3.19.2020,third,glennview,27,205,RH,cns,yes2,,,,,,,2,gv147,staphylococcus chromogenes,,,,,,,,,NA,NA,,,,,no,,yes,j,2,c,2,NA,NA,NA,cns,58000,,
3.19.2020,third,glennview,28,70,LF,cns,yes2,,,,,,,2,gv150,staphylococcus chromogenes,,,,,,,,,NA,NA,,,,,no,,yes,j,3,c,3,NA,NA,NA,cns,62000,,
3.19.2020,third,glennview,31,192,RF,cns,yes2,,,,,,,2,gv154,staphylococcus chromogenes,,,,,,,,,NA,NA,,,,,no,,yes,j,2,c,2,NA,NA,NA,cns,63000,,
1.17.2020,first,paddlebridge,4,germ1140,RH,cns,yes2,,,,,,,2,pb001,,,,,,,,,,NA,NA,,,,,no,,yes,j,3,c,3,NA,NA,NA,cns,150000,,
1.17.2020,first,paddlebridge,12,fitzi13,RF,cns,yes2,,,,,,,2,pb005,,,,,,,,,,NA,NA,,,,,no,,yes,j,3,c,4,NA,NA,NA,cns,56000,,
1.17.2020,first,paddlebridge,14,minerva34,RF,cns,yes2,,,,,,,2,pb007,,,,,,,,,,NA,NA,,,,,no,,yes,j,2,c,2,NA,NA,NA,cns,130000,,
1.17.2020,first,paddlebridge,19,farrent31,LH,cns,yes2,,,,,,,2,pb013,,,,,,,,,,NA,NA,,,,,no,,yes,j,1,c,1,NA,NA,NA,cns,70000,,
1.17.2020,first,paddlebridge,19,farrent31,RH,cns,yes2,,,,,,,2,pb014,,,,,,,,,,NA,NA,,,,,no,,yes,j,1,c,1,NA,NA,NA,cns,36000,,
1.17.2020,first,paddlebridge,24,shiela375,RH,cns,yes1,,,,,,,1,pb016,,,,,,,,,,NA,NA,,,,,no,,yes,j,1,c,1,NA,NA,NA,cns,440000,,
1.17.2020,first,paddlebridge,25,guana362,LH,cns,yes2,,,,,,,2,pb017,,,,,,,,,,NA,NA,,,,,no,,yes,j,1,c,1,NA,NA,NA,cns,80000,,
1.17.2020,first,paddlebridge,27,saige313,LF,cns,yes2,,,,,,,2,pb019,,,,,,,,,,NA,NA,,,,,no,,yes,j,1,c,1,NA,NA,NA,cns,570000,,
1.17.2020,first,paddlebridge,27,saige313,RH,cns,yes2,,,,,,,2,pb020,,,,,,,,,,NA,NA,,,,,no,,yes,j,1,c,1,NA,NA,NA,cns,3000000,,
1.17.2020,first,paddlebridge,28,sapphire338,RH,cns,yes2,,,,,,,2,pb021,,,,,,,,,,NA,NA,,,,,no,,yes,j,3,c,4,NA,NA,NA,cns,260000,,
1.17.2020,first,paddlebridge,30,gift379,LF,cns,yes2,,,,,,,2,pb023,,,,,,,,,,NA,NA,,,,,no,,yes,j,1,c,1,NA,NA,NA,cns,210000,,
1.17.2020,first,paddlebridge,30,gift379,RF,cns,yes2,,,,,,,2,pb024,,,,,,,,,,NA,NA,,,,,no,,yes,j,1,c,1,NA,NA,NA,cns,190000,,
1.17.2020,first,paddlebridge,32,farrah363,LF,cns,yes2,,,,,,,2,pb026,,,,,,,,,,NA,NA,,,,,no,,yes,j,1,c,1,NA,NA,NA,cns,73000,,
1.17.2020,first,paddlebridge,32,farrah363,RF,cns,yes2,,,,,,,2,pb027,,,,,,,,,,NA,NA,,,,,no,,yes,j,1,c,1,NA,NA,NA,cns,220000,,
1.17.2020,first,paddlebridge,33,annabeth2,LH,cns,yes2,,,,,,,2,pb028,,,,,,,,,,NA,NA,,,,,no,,yes,j,1,c,1,NA,NA,NA,cns,24000,,
2.21.2020,second,paddlebridge,9,farrent31,LH,cns,yes2,,,,,,,2,pb030,,,,,,,,,,NA,NA,,,,,no,,yes,m,3,c,3,NA,NA,NA,cns,46000,,
2.21.2020,second,paddlebridge,9,farrent31,RH,cns,yes2,,,,,,,2,pb031,,,,,,,,,,NA,NA,,,,,no,,yes,m,3,c,3,NA,NA,NA,cns,50000,,
2.21.2020,second,paddlebridge,10,kyra35,RH,cns,yes2,,,,,,,2,pb032,,,,,,,,,,NA,NA,,,,,no,,yes,m,4,c,4,NA,NA,NA,cns,79000,,
2.21.2020,second,paddlebridge,12,fitzi13,RF,cns,yes2,,,,,,,2,pb033,,,,,,,,,,NA,NA,,,,,no,,yes,m,2,c,2,NA,NA,NA,cns,46000,,
2.21.2020,second,paddlebridge,13,minerva34,RF,cns,yes2,,,,,,,2,pb034,,,,,,,,,,NA,NA,,,,,no,,yes,m,2,c,2,NA,NA,NA,cns,95000,,
2.21.2020,second,paddlebridge,22,marney382,LH,cns,yes2,,,,,,,2,pb041,,,,,,,,,,NA,NA,,,,,no,,yes,m,2,c,2,NA,NA,NA,cns,26000,,
2.21.2020,second,paddlebridge,23,shiela375,LH,cns,yes2,,,,,,,2,pb043,,,,,,,,,,NA,NA,,,,,no,,yes,m,1,c,1,NA,NA,NA,cns,7000,,
2.21.2020,second,paddlebridge,23,shiela375,RH,cns,yes2,,,,,,,2,pb044,,,,,,,,,,NA,NA,,,,,no,,yes,m,1,c,1,NA,NA,NA,cns,3100000,,
2.21.2020,second,paddlebridge,24,sapphire338,RH,cns,yes2,,,,,,,2,pb047,,,,,,,,,,NA,NA,,,,,no,,yes,m,2,c,3,NA,NA,NA,cns,81000,,
2.21.2020,second,paddlebridge,26,guana362,LH,cns,yes2,,,,,,,2,pb051,,,,,,,,,,NA,NA,,,,,no,,yes,m,1,c,1,NA,NA,NA,cns,130000,,
2.21.2020,second,paddlebridge,27,scrapie278,RH,cns,yes2,,,,,,,2,pb052,,,,,,,,,,NA,NA,,,,,no,,yes,m,4,c,4,NA,NA,NA,cns,210000,,
2.21.2020,second,paddlebridge,28,gift379,LF,cns,yes1,,,,,,,1,pb054,,,,,,,,,,NA,NA,,,,,no,,yes,m,1,c,1,NA,NA,NA,cns,150000,,
2.21.2020,second,paddlebridge,28,gift379,RF,cns,yes2,,,,,,,2,pb055,,,,,,,,,,NA,NA,,,,,no,,yes,m,1,c,1,NA,NA,NA,cns,180000,,
2.21.2020,second,paddlebridge,33,saige313,LF,cns,yes2,,,,,,,2,pb056,,,,,,,,,,NA,NA,,,,,no,,yes,m,2,c,2,NA,NA,NA,cns,480000,,
2.21.2020,second,paddlebridge,33,saige313,RH,cns,yes2,,,,,,,2,pb057,,,,,,,,,,NA,NA,,,,,no,,yes,m,2,c,2,NA,NA,NA,cns,530000,,
2.21.2020,second,paddlebridge,35,farrah363,LF,cns,yes2,,,,,,,2,pb060,,,,,,,,,,NA,NA,,,,,no,,yes,m,2,c,2,NA,NA,NA,cns,47000,,
2.21.2020,second,paddlebridge,35,farrah363,RF,cns,yes2,,,,,,,2,pb061,,,,,,,,,,NA,NA,,,,,no,,yes,m,2,c,2,NA,NA,NA,cns,120000,,
3.20.2020,third,paddlebridge,1,germ1140,RH,cns,yes2,,,,,,,2,pb062,,,,,,,,,,NA,NA,,,,,no,,yes,j,1,c,1,NA,NA,NA,cns,46000,,
3.20.2020,third,paddlebridge,4,loha32,RH,cns,yes2,,,,,,,2,pb064,,,,,,,,,,NA,NA,,,,,no,,yes,j,1,c,1,NA,NA,NA,cns,3000,,
3.20.2020,third,paddlebridge,10,minerva34,RF,cns,yes2,,,,,,,2,pb069,,,,,,,,,,NA,NA,,,,,no,,yes,j,1,c,1,NA,NA,NA,cns,1600000,,
3.20.2020,third,paddlebridge,14,kyra35,RH,cns,yes2,,,,,,,2,pb070,,,,,,,,,,NA,NA,,,,,no,,yes,j,1,c,2,NA,NA,NA,cns,72000,,
3.20.2020,third,paddlebridge,15,farrent31,LH,cns,yes2,,,,,,,2,pb071,,,,,,,,,,NA,NA,,,,,no,,yes,j,1,c,1,NA,NA,NA,cns,85000,,
3.20.2020,third,paddlebridge,15,farrent31,RH,cns,yes2,,,,,,,2,pb072,,,,,,,,,,NA,NA,,,,,no,,yes,j,1,c,1,NA,NA,NA,cns,28000,,
3.20.2020,third,paddlebridge,16,fitzi13,LH,cns,yes2,,,,,,,2,pb073,,,,,,,,,,NA,NA,,,,,no,,yes,j,1,c,1,NA,NA,NA,cns,190000,,
3.20.2020,third,paddlebridge,16,fitzi13,RF,cns,yes2,,,,,,,2,pb074,,,,,,,,,,NA,NA,,,,,no,,yes,j,1,c,1,NA,NA,NA,cns,58000,,
3.20.2020,third,paddlebridge,21,sapphire338,RH,cns,yes2,,,,,,,2,pb076,,,,,,,,,,NA,NA,,,,,no,,yes,j,4,c,4,NA,NA,NA,cns,140000,,
3.20.2020,third,paddlebridge,23,vida6,LF,cns,yes2,,,,,,,2,pb082,no id,yes_nochange,,,,,,,,NA,NA,,,,,no,,yes,j,1,c,2,NA,NA,NA,cns,26000,,
3.20.2020,third,paddlebridge,24,shiela375,RH,cns,yes2,,,,,,,2,pb083,staphylococcus chromogenes,,,,,,,,,NA,NA,,,,,no,,yes,j,1,c,1,NA,NA,NA,cns,78000,,
3.20.2020,third,paddlebridge,27,guana362,LH,cns,yes2,,,,,,,2,pb090,staphylococcus haemolyticus,,,,,,,,,NA,NA,,,,,no,,yes,j,1,c,1,NA,NA,NA,cns,12000,,
3.20.2020,third,paddlebridge,28,gift379,LF,cns,yes2,,,,,,,2,pb091,staphylococcus chromogenes,,,,,,,,,NA,NA,,,,,no,,yes,j,1,c,1,NA,NA,NA,cns,130000,,
3.20.2020,third,paddlebridge,28,gift379,RF,cns,yes1,,,,,,,1,pb092,staphylococcus chromogenes,,,,,,,,,NA,NA,,,,,no,,yes,j,1,c,1,NA,NA,NA,cns,180000,,
3.20.2020,third,paddlebridge,30,chapstick1,RH,cns,yes1,,,,,,,1,pb095,staphylococcus auricularis,,,,,,,,,NA,NA,,,,,no,,yes,j,1,c,1,NA,NA,NA,cns,2000,,
3.20.2020,third,paddlebridge,32,scrapie278,RH,cns,yes2,,,,,,,2,pb096,staphylococcus capitis,,,,,,,,,NA,NA,,,,,no,,yes,j,1,c,1,NA,NA,NA,cns,86000,,
3.20.2020,third,paddlebridge,33,saige313,LF,cns,yes2,,,,,,,2,pb098,no id,yes_nochange,,,,,,,,NA,NA,,,,,no,,yes,j,1,c,1,NA,NA,NA,cns,320000,,
3.20.2020,third,paddlebridge,33,saige313,RH,cns,yes2,,,,,,,2,pb099,staphylococcus warneri,,,,,,,,,NA,NA,,,,,no,,yes,j,1,c,1,NA,NA,NA,cns,250000,,
3.20.2020,third,paddlebridge,34,farrah363,LF,cns,yes2,,,,,,,2,pb100,staphylococcus simulans,,,,,,,,,NA,NA,,,,,no,,yes,j,1,c,1,NA,NA,NA,cns,540000,,
3.20.2020,third,paddlebridge,34,farrah363,RF,cns,yes2,,,,,,,2,pb101,staphylococcus simulans,,,,,,,,,NA,NA,,,,,no,,yes,j,1,c,1,NA,NA,NA,cns,7000,,
12.19.2019,first,lynd,3,life,LF,cns,yes2,,,,,,,2,lf003,,,,,,,,,,NA,NA,,,,,no,,yes,NA,NA,NA,NA,NA,NA,NA,cns,37000,,
12.19.2019,first,lynd,4,ambrosia,LH,cns,yes2,,,,,,,2,lf005,,,,,,,,,,NA,NA,,,,,no,,yes,NA,NA,NA,NA,NA,NA,NA,cns,71000,,
12.19.2019,first,lynd,5,klondike,RF,cns,yes2,,,,,,,2,lf006,,,,,,,,,,NA,NA,,,,,no,,yes,NA,NA,NA,NA,NA,NA,NA,cns,90000,,
12.19.2019,first,lynd,6,webster,RF,cns,yes2,,,,,,,2,lf007,,,,,,,,,,NA,NA,,,,,no,,yes,NA,NA,NA,NA,NA,NA,NA,cns,187000,,
12.19.2019,first,lynd,9,chaloopa,LH,cns,yes2,,,,,,,2,lf008,,,,,,,,,,NA,NA,,,,,no,,yes,NA,NA,NA,NA,NA,NA,NA,cns,231000,,
12.19.2019,first,lynd,9,chaloopa,LF,cns,yes2,,,,,,,2,lf009,,,,,,,,,,NA,NA,,,,,no,,yes,NA,NA,NA,NA,NA,NA,NA,cns,130000,,
12.19.2019,first,lynd,9,chaloopa,RH,cns,yes2,,,,,,,2,lf010,,,,,,,,,,NA,NA,,,,,no,,yes,NA,NA,NA,NA,NA,NA,NA,cns,169000,,
12.19.2019,first,lynd,10,licorice,LH,cns,yes2,,,,,,,2,lf011,,,,,,,,,,NA,NA,,,,,no,,yes,NA,NA,NA,NA,NA,NA,NA,cns,36000,,
12.19.2019,first,lynd,10,licorice,RH,cns,yes2,,,,,,,2,lf012,,,,,,,,,,NA,NA,,,,,no,,yes,NA,NA,NA,NA,NA,NA,NA,cns,63000,,
12.19.2019,first,lynd,11,jitterbug,LH,cns,yes2,,,,,,,2,lf013,,,,,,,,,,NA,NA,,,,,no,,yes,NA,NA,NA,NA,NA,NA,NA,cns,6000,,
12.19.2019,first,lynd,11,jitterbug,RH,cns,yes2,,,,,,,2,lf014,,,,,,,,,,NA,NA,,,,,no,,yes,NA,NA,NA,NA,NA,NA,NA,cns,40000,,
12.19.2019,first,lynd,12,lilac,RH,cns,yes2,,,,,,,2,lf015,,,,,,,,,,NA,NA,,,,,no,,yes,NA,NA,NA,NA,NA,NA,NA,cns,20000,,
12.19.2019,first,lynd,13,kowabunga,LF,cns,yes2,,,,,,,2,lf016,,,,,,,,,,NA,NA,,,,,no,,yes,NA,NA,NA,NA,NA,NA,NA,cns,15000,,
12.19.2019,first,lynd,13,kowabunga,RF,cns,yes2,,,,,,,2,lf017,,,,,,,,,,NA,NA,,,,,no,,yes,NA,NA,NA,NA,NA,NA,NA,cns,55000,,
12.19.2019,first,lynd,15,amarillo,LF,cns,yes2,,,,,,,2,lf020,,,,,,,,,,NA,NA,,,,,no,,yes,NA,NA,NA,NA,NA,NA,NA,cns,7000,,
12.19.2019,first,lynd,15,amarillo,RF,cns,yes2,,,,,,,2,lf021,,,,,,,,,,NA,NA,,,,,no,,yes,NA,NA,NA,NA,NA,NA,NA,cns,88000,,
12.19.2019,first,lynd,16,luxurytax,LF,cns,yes2,,,,,,,2,lf022,,,,,,,,,,NA,NA,,,,,no,,yes,NA,NA,NA,NA,NA,NA,NA,cns,84000,,
12.19.2019,first,lynd,17,atlantic,RH,cns,yes2,,,,,,,2,lf023,,,,,,,,,,NA,NA,,,,,no,,yes,NA,NA,NA,NA,NA,NA,NA,cns,5000,,
12.19.2019,first,lynd,18,ladyfinger,RH,cns,yes2,,,,,,,2,lf024,,,,,,,,,,NA,NA,,,,,no,,yes,NA,NA,NA,NA,NA,NA,NA,cns,68000,,
12.19.2019,first,lynd,27,krone,LF,cns,yes2,,,,,,,2,lf032,staphylococcus chromogenes,,,,,,,,,NA,NA,,,,,no,,yes,NA,NA,NA,NA,NA,NA,NA,cns,52000,,
12.19.2019,first,lynd,27,krone,RH,cns,yes2,,,,,,,2,lf033,staphylococcus chromogenes,,,,,,,,,NA,NA,,,,,no,,yes,NA,NA,NA,NA,NA,NA,NA,cns,71000,,
12.19.2019,first,lynd,27,krone,RF,cns,yes2,,,,,,,2,lf034,staphylococcus chromogenes,,,,,,,,,NA,NA,,,,,no,,yes,NA,NA,NA,NA,NA,NA,NA,cns,51000,,
12.19.2019,first,lynd,29,lop,LH,cns,yes2,,,,,,,2,lf035,staphylococcus chromogenes,,,,,,,,,NA,NA,,,,,no,,yes,NA,NA,NA,NA,NA,NA,NA,cns,56000,,
12.19.2019,first,lynd,30,khakibeige,LF,cns,yes2,,,,,,,2,lf036,staphylococcus chromogenes,,,,,,,,,NA,NA,,,,,no,,yes,NA,NA,NA,NA,NA,NA,NA,cns,33000,,
12.19.2019,first,lynd,33,willy,RF,cns,yes2,,,,,,,2,lf038,staphylococcus haemolyticus,,,,,,,,,NA,NA,,,,,no,,yes,NA,NA,NA,NA,NA,NA,NA,cns,47000,,
12.19.2019,first,lynd,35,martina,LH,cns,yes2,,,,,,,2,lf040,staphylococcus chromogenes,,,,,,,,,NA,NA,,,,,no,,yes,NA,NA,NA,NA,NA,NA,NA,cns,168000,,
12.19.2019,first,lynd,37,laugh,RF,cns,yes2,,,,,,,2,lf043,staphylococcus haemolyticus,,,,,,,,,NA,NA,,,,,no,,yes,NA,NA,NA,NA,NA,NA,NA,cns,48000,,
1.30.2020,second,lynd,2,ambrosia,LH,cns,yes2,,,,,,,2,lf047,staphylococcus chromogenes,,,,,,,,,NA,NA,,,,,no,,yes,NA,NA,NA,NA,NA,NA,NA,cns,110000,,
1.30.2020,second,lynd,3,lovage,LF,cns,yes2,,,,,,,2,lf048,staphylococcus chromogenes,,,,,,,,,NA,NA,,,,,no,,yes,NA,NA,NA,NA,NA,NA,NA,cns,180000,,
1.30.2020,second,lynd,4,luxurytax,LF,cns,yes2,,,,,,,2,lf050,staphylococcus chromogenes,,,,,,,,,NA,NA,,,,,no,,yes,NA,NA,NA,NA,NA,NA,NA,cns,85000,,
1.30.2020,second,lynd,6,life,LF,cns,yes2,,,,,,,2,lf054,staphylococcus chromogenes,,,,,,,,,NA,NA,,,,,no,,yes,NA,NA,NA,NA,NA,NA,NA,cns,27000,,
1.30.2020,second,lynd,8,faith,LH,cns,yes2,,,,,,,2,lf055,staphylococcus chromogenes,,,,,,,,,NA,NA,,,,,no,,yes,NA,NA,NA,NA,NA,NA,NA,cns,200000,,
1.30.2020,second,lynd,9,ladyfinger,RH,cns,yes2,,,,,,,2,lf058,staphylococcus chromogenes,,,,,,,,,NA,NA,,,,,no,,yes,NA,NA,NA,NA,NA,NA,NA,cns,82000,,
1.30.2020,second,lynd,11,leap,RF,cns,yes2,,,,,,,2,lf060,staphylococcus haemolyticus,,,,,,,,,NA,NA,,,,,no,,yes,NA,NA,NA,NA,NA,NA,NA,cns,18000,,
1.30.2020,second,lynd,12,amarillo,LH,cns,yes2,,,,,,,2,lf061,staphylococcus chromogenes,yes_from_strep_to_cns,,,,,,,,NA,NA,,,,,no,,yes,NA,NA,NA,NA,NA,NA,NA,cns,180000,,
1.30.2020,second,lynd,12,amarillo,RF,cns,yes2,,,,,,,2,lf062,staphylococcus simulans,,,,,,,,,NA,NA,,,,,no,,yes,NA,NA,NA,NA,NA,NA,NA,cns,310000,,
1.30.2020,second,lynd,14,kowabunga,LF,cns,yes2,,,,,,,2,lf063,staphylococcus chromogenes,,,,,,,,,NA,NA,,,,,no,,yes,NA,NA,NA,NA,NA,NA,NA,cns,74000,,
1.30.2020,second,lynd,14,kowabunga,RF,cns,yes2,,,,,,,2,lf064,staphylococcus chromogenes,,,,,,,,,NA,NA,,,,,no,,yes,NA,NA,NA,NA,NA,NA,NA,cns,420000,,
1.30.2020,second,lynd,16,chaloopa,LH,cns,yes2,,,,,,,2,lf065,staphylococcus haemolyticus,,,,,,,,,NA,NA,,,,,no,,yes,NA,NA,NA,NA,NA,NA,NA,cns,240000,,
1.30.2020,second,lynd,16,chaloopa,LF,cns,yes2,,,,,,,2,lf066,staphylococcus chromogenes,,,,,,,,,NA,NA,,,,,no,,yes,NA,NA,NA,NA,NA,NA,NA,cns,220000,,
1.30.2020,second,lynd,16,chaloopa,RH,cns,yes2,,,,,,,2,lf067,no id,yes_nochange,,,,,,,,NA,NA,,,,,no,,yes,NA,NA,NA,NA,NA,NA,NA,cns,100000,,
1.30.2020,second,lynd,16,chaloopa,RF,cns,yes2,,,,,,,2,lf068,staphylococcus chromogenes,,,,,,,,,NA,NA,,,,,no,,yes,NA,NA,NA,NA,NA,NA,NA,cns,96000,,
1.30.2020,second,lynd,18,krone,LF,cns,yes1,,,,,,,1,lf069,staphylococcus chromogenes,,,,,,,,,NA,NA,,,,,no,,yes,NA,NA,NA,NA,NA,NA,NA,cns,88000,,
1.30.2020,second,lynd,18,krone,RH,cns,yes2,,,,,,,2,lf070,staphylococcus chromogenes,,,,,,,,,NA,NA,,,,,no,,yes,NA,NA,NA,NA,NA,NA,NA,cns,160000,,
1.30.2020,second,lynd,18,krone,RF,cns,yes1,,,,,,,1,lf071,staphylococcus chromogenes,,,,,,,,,NA,NA,,,,,no,,yes,NA,NA,NA,NA,NA,NA,NA,cns,89000,,
1.30.2020,second,lynd,19,webster,RF,cns,yes2,,,,,,,2,lf072,staphylococcus chromogenes,,,,,,,,,NA,NA,,,,,no,,yes,NA,NA,NA,NA,NA,NA,NA,cns,140000,,
1.30.2020,second,lynd,21,jitterbug,RH,cns,yes2,,,,,,,2,lf075,staphylococcus chromogenes,,,,,,,,,NA,NA,,,,,no,,yes,NA,NA,NA,NA,NA,NA,NA,cns,120000,,
1.30.2020,second,lynd,26,lioness,RH,cns,yes1,,,,,,,1,lf078,,,,,,,,,,NA,NA,,,,,no,,yes,NA,NA,NA,NA,NA,NA,NA,cns,250000,,
1.30.2020,second,lynd,28,lilac,RH,cns,yes2,,,,,,,2,lf079,,,,,,,,,,NA,NA,,,,,no,,yes,NA,NA,NA,NA,NA,NA,NA,cns,21000,,
1.30.2020,second,lynd,30,licorice,RH,cns,yes2,,,,,,,2,lf081,,,,,,,,,,NA,NA,,,,,no,,yes,NA,NA,NA,NA,NA,NA,NA,cns,70000,,
1.30.2020,second,lynd,32,laugh,RF,cns,yes2,,,,,,,2,lf084,staphylococcus haemolyticus,,,,,,,,,NA,NA,,,,,no,,yes,NA,NA,NA,NA,NA,NA,NA,cns,100000,,
1.30.2020,second,lynd,33,martina,LH,cns,yes1,,,,,,,1,lf085,staphylococcus chromogenes,,,,,,,,,NA,NA,,,,,no,,yes,NA,NA,NA,NA,NA,NA,NA,cns,600000,,
1.30.2020,second,lynd,34,lop,LH,cns,yes2,,,,,,,2,lf086,staphylococcus chromogenes,,,,,,,,,NA,NA,,,,,no,,yes,NA,NA,NA,NA,NA,NA,NA,cns,62000,,
1.30.2020,second,lynd,35,khakibeige,LF,cns,yes1,,,,,,,1,lf087,staphylococcus chromogenes,,,,,,,,,NA,NA,,,,,no,,yes,NA,NA,NA,NA,NA,NA,NA,cns,48000,,
3.5.2020,third,lynd,1,jitterbug,RH,cns,yes1,,,,,,,1,lf090,staphylococcus chromogenes,,,,,,,,,NA,NA,,,,,no,,yes,NA,NA,NA,NA,NA,NA,NA,cns,170000,,
3.5.2020,third,lynd,3,chaloopa,LH,cns,yes2,,,,,,,2,lf092,staphylococcus haemolyticus,,,,,,,,,NA,NA,,,,,no,,yes,NA,NA,NA,NA,NA,NA,NA,cns,220000,,
3.5.2020,third,lynd,3,chaloopa,LF,cns,yes2,,,,,,,2,lf093,staphylococcus chromogenes,,,,,,,,,NA,NA,,,,,no,,yes,NA,NA,NA,NA,NA,NA,NA,cns,130000,,
3.5.2020,third,lynd,3,chaloopa,RH,cns,yes2,,,,,,,2,lf094,staphylococcus chromogenes,,,,,,,,,NA,NA,,,,,no,,yes,NA,NA,NA,NA,NA,NA,NA,cns,320000,,
3.5.2020,third,lynd,5,kowabunga,LF,cns,yes2,,,,,,,2,lf095,staphylococcus chromogenes,,,,,,,,,NA,NA,,,,,no,,yes,NA,NA,NA,NA,NA,NA,NA,cns,230000,,
3.5.2020,third,lynd,5,kowabunga,RH,cns,yes2,,,,,,,2,lf096,staphylococcus haemolyticus,,,,,,,,,NA,NA,,,,,no,,yes,NA,NA,NA,NA,NA,NA,NA,cns,880000,,
3.5.2020,third,lynd,5,kowabunga,RF,cns,yes2,,,,,,,2,lf097,staphylococcus chromogenes,,,,,,,,,NA,NA,,,,,no,,yes,NA,NA,NA,NA,NA,NA,NA,cns,160000,,
3.5.2020,third,lynd,6,faith,LH,cns,yes2,,,,,,,2,lf098,staphylococcus chromogenes,,,,,,,,,NA,NA,,,,,no,,yes,NA,NA,NA,NA,NA,NA,NA,cns,350000,,
3.5.2020,third,lynd,9,klondike,RF,cns,yes2,,,,,,,2,lf100,staphylococcus chromogenes,,,,,,,,,NA,NA,,,,,no,,yes,NA,NA,NA,NA,NA,NA,NA,cns,230000,,
3.5.2020,third,lynd,10,ambrosia,LH,cns,yes2,,,,,,,2,lf101,staphylococcus chromogenes,,,,,,,,,NA,NA,,,,,no,,yes,NA,NA,NA,NA,NA,NA,NA,cns,91000,,
3.5.2020,third,lynd,13,amarillo,LH,cns,yes2,,,,,,,2,lf103,staphylococcus chromogenes,yes_from_strep_to_cns,,,,,,,,NA,NA,,,,,no,,yes,NA,NA,NA,NA,NA,NA,NA,cns,190000,,
3.5.2020,third,lynd,13,amarillo,RF,cns,yes2,,,,,,,2,lf104,staphylococcus simulans,,,,,,,,,NA,NA,,,,,no,,yes,NA,NA,NA,NA,NA,NA,NA,cns,150000,,
3.5.2020,third,lynd,14,licorice,RH,cns,yes2,,,,,,,2,lf105,staphylococcus chromogenes,,,,,,,,,NA,NA,,,,,no,,yes,NA,NA,NA,NA,NA,NA,NA,cns,73000,,
3.5.2020,third,lynd,15,krone,LF,cns,yes2,,,,,,,2,lf107,staphylococcus chromogenes,,,,,,,,,NA,NA,,,,,no,,yes,NA,NA,NA,NA,NA,NA,NA,cns,120000,,
3.5.2020,third,lynd,15,krone,RH,cns,yes2,,,,,,,2,lf108,staphylococcus chromogenes,,,,,,,,,NA,NA,,,,,no,,yes,NA,NA,NA,NA,NA,NA,NA,cns,180000,,
3.5.2020,third,lynd,15,krone,RF,cns,yes2,,,,,,,2,lf109,staphylococcus chromogenes,,,,,,,,,NA,NA,,,,,no,,yes,NA,NA,NA,NA,NA,NA,NA,cns,130000,,
3.5.2020,third,lynd,16,martina,LH,cns,yes2,,,,,,,2,lf110,staphylococcus chromogenes,,,,,,,,,NA,NA,,,,,no,,yes,NA,NA,NA,NA,NA,NA,NA,cns,500000,,
3.5.2020,third,lynd,17,lilac,RH,cns,yes2,,,,,,,2,lf111,staphylococcus chromogenes,,,,,,,,,NA,NA,,,,,no,,yes,NA,NA,NA,NA,NA,NA,NA,cns,38000,,
3.5.2020,third,lynd,19,webster,RF,cns,yes2,,,,,,,2,lf112,staphylococcus chromogenes,,,,,,,,,NA,NA,,,,,no,,yes,NA,NA,NA,NA,NA,NA,NA,cns,240000,,
3.5.2020,third,lynd,22,lovage,LF,cns,yes2,,,,,,,2,lf113,staphylococcus chromogenes,,,,,,,,,NA,NA,,,,,no,,yes,NA,NA,NA,NA,NA,NA,NA,cns,94000,,
3.5.2020,third,lynd,23,life,LF,cns,yes2,,,,,,,2,lf115,staphylococcus chromogenes,,,,,,,,,NA,NA,,,,,no,,yes,NA,NA,NA,NA,NA,NA,NA,cns,74000,,
3.5.2020,third,lynd,25,willy,RF,cns,yes2,,,,,,,2,lf118,staphylococcus haemolyticus,,,,,,,,,NA,NA,,,,,no,,yes,NA,NA,NA,NA,NA,NA,NA,cns,120000,,
3.5.2020,third,lynd,26,ladyfinger,RH,cns,yes2,,,,,,,2,lf119,staphylococcus chromogenes,,,,,,,,,NA,NA,,,,,no,,yes,NA,NA,NA,NA,NA,NA,NA,cns,81000,,
3.5.2020,third,lynd,27,luxurytax,LF,cns,yes2,,,,,,,2,lf120,staphylococcus chromogenes,,,,,,,,,NA,NA,,,,,no,,yes,NA,NA,NA,NA,NA,NA,NA,cns,81000,,
3.5.2020,third,lynd,28,lop,LH,cns,yes2,,,,,,,2,lf121,staphylococcus chromogenes,,,,,,,,,NA,NA,,,,,no,,yes,NA,NA,NA,NA,NA,NA,NA,cns,71000,,
3.5.2020,third,lynd,29,lordwalk,RF,cns,yes2,,,,,,,2,lf122,staphylococcus chromogenes,,,,,,,,,NA,NA,,,,,no,,yes,NA,NA,NA,NA,NA,NA,NA,cns,78000,,
3.5.2020,third,lynd,31,khakibeige,LF,cns,yes2,,,,,,,2,lf123,staphylococcus chromogenes,,,,,,,,,NA,NA,,,,,no,,yes,NA,NA,NA,NA,NA,NA,NA,cns,54000,,
3.5.2020,third,lynd,35,lioness,RH,cns,yes2,,,,,,,2,lf124,staphylococcus chromogenes,,,,,,,,,NA,NA,,,,,no,,yes,NA,NA,NA,NA,NA,NA,NA,cns,130000,,
1.6.2020,first,vontrapp,2,gloria,RF,cns,yes2,,,,,,,2,vt003,,,,,,,,,,NA,NA,,,,,no,,yes,j,2,c,3,NA,NA,NA,cns,200000,,
1.6.2020,first,vontrapp,7,matilda,RF,cns,yes2,,,,,,,2,vt008,,,,,,,,,,NA,NA,,,,,no,,yes,j,1,c,1,NA,NA,NA,cns,42000,,
1.6.2020,first,vontrapp,9,clara,RH,cns,yes2,,,,,,,2,vt009,,,,,,,,,,NA,NA,,,,,no,,yes,j,2,c,1,NA,NA,NA,cns,290000,,
1.6.2020,first,vontrapp,11,esme,LH,cns,yes2,,,,,,,2,vt011,,,,,,,,,,NA,NA,,,,,no,,yes,j,1,c,1,NA,NA,NA,cns,120000,,
1.6.2020,first,vontrapp,11,esme,LF,cns,yes2,,,,,,,2,vt012,,,,,,,,,,NA,NA,,,,,no,,yes,j,1,c,1,NA,NA,NA,cns,82000,,
1.6.2020,first,vontrapp,12,tallula,RF,cns,yes2,,,,,,,2,vt013,,,,,,,,,,NA,NA,,,,,no,,yes,j,3,c,3,NA,NA,NA,cns,120000,,
1.6.2020,first,vontrapp,14,zelda,LF,cns,yes1,,,,,,,1,vt015,,,,,,,,,,NA,NA,,,,,no,,yes,j,2,c,3,NA,NA,NA,cns,170000,,
1.6.2020,first,vontrapp,15,ursala,LH,cns,yes2,,,,,,,2,vt016,,,,,,,,,,NA,NA,,,,,no,,yes,j,3,c,3,NA,NA,NA,cns,29000,,
1.6.2020,first,vontrapp,20,flavia,LF,cns,yes2,,,,,,,2,vt019,,,,,,,,,,NA,NA,,,,,no,,yes,j,4,c,3,NA,NA,NA,cns,86000,,
1.6.2020,first,vontrapp,20,flavia,RH,cns,yes2,,,,,,,2,vt020,,,,,,,,,,NA,NA,,,,,no,,yes,j,4,c,3,NA,NA,NA,cns,110000,,
1.6.2020,first,vontrapp,21,alice,RF,cns,yes2,,,,,,,2,vt021,,,,,,,,,,NA,NA,,,,,no,,yes,j,2,c,3,NA,NA,NA,cns,110000,,
1.6.2020,first,vontrapp,22,irene,LF,cns,yes2,,,,,,,2,vt022,,,,,,,,,,NA,NA,,,,,no,,yes,j,2,c,2,NA,NA,NA,cns,29000,,
1.6.2020,first,vontrapp,23,lilac,LF,cns,yes2,,,,,,,2,vt024,,,,,,,,,,NA,NA,,,,,no,,yes,j,2,c,2,NA,NA,NA,cns,140000,,
1.6.2020,first,vontrapp,23,lilac,RH,cns,yes2,,,,,,,2,vt025,,,,,,,,,,NA,NA,,,,,no,,yes,j,2,c,2,NA,NA,NA,cns,35000,,
1.6.2020,first,vontrapp,24,hyacinth,RH,cns,yes2,,,,,,,2,vt026,,,,,,,,,,NA,NA,,,,,no,,yes,j,2,c,2,NA,NA,NA,cns,13000,,
1.6.2020,first,vontrapp,25,ardetta,RF,cns,yes2,,,,,,,2,vt027,,,,,,,,,,NA,NA,,,,,no,,yes,j,2,c,2,NA,NA,NA,cns,60000,,
1.6.2020,first,vontrapp,27,panda,RH,cns,yes2,,,,,,,2,vt028,,,,,,,,,,NA,NA,,,,,no,,yes,j,1,c,2,NA,NA,NA,cns,860000,,
1.6.2020,first,vontrapp,32,imogene,LH,cns,yes1,,,,,,,1,vt029,,,,,,,,,,NA,NA,,,,,no,,yes,j,3,c,3,NA,NA,NA,cns,2000,,
1.6.2020,first,vontrapp,35,lucha,LF,cns,yes2,,,,,,,2,vt030,,,,,,,,,,NA,NA,,,,,no,,yes,j,1,c,1,NA,NA,NA,cns,170000,,
1.6.2020,first,vontrapp,35,lucha,RF,cns,yes2,,,,,,,2,vt031,,,,,,,,,,NA,NA,,,,,no,,yes,j,1,c,1,NA,NA,NA,cns,160000,,
2.12.2020,second,vontrapp,2,leopard,LF,cns,yes2,,,,,,,2,vt034,,,,,,,,,,NA,NA,,,,,no,,yes,j,1,c,2,NA,NA,NA,cns,66000,,
2.12.2020,second,vontrapp,3,lena,RF,cns,yes2,,,,,,,2,vt036,,,,,,,,,,NA,NA,,,,,no,,yes,j,3,c,3,NA,NA,NA,cns,8000,,
2.12.2020,second,vontrapp,8,esme,LH,cns,yes2,,,,,,,2,vt042,,,,,,,,,,NA,NA,,,,,no,,yes,j,1,c,1,NA,NA,NA,cns,84000,,
2.12.2020,second,vontrapp,8,esme,LF,cns,yes2,,,,,,,2,vt043,,,,,,,,,,NA,NA,,,,,no,,yes,j,1,c,1,NA,NA,NA,cns,50000,,
2.12.2020,second,vontrapp,13,clara,RH,cns,yes2,,,,,,,2,vt044,,,,,,,,,,NA,NA,,,,,no,,yes,j,1,c,1,NA,NA,NA,cns,160000,,
2.12.2020,second,vontrapp,13,clara,RF,cns,yes2,,,,,,,2,vt045,,,,,,,,,,NA,NA,,,,,no,,yes,j,1,c,1,NA,NA,NA,cns,42000,,
2.12.2020,second,vontrapp,14,zelda,LF,cns,yes1,,,,,,,1,vt046,,,,,,,,,,NA,NA,,,,,no,,yes,j,2,c,2,NA,NA,NA,cns,90000,,
2.12.2020,second,vontrapp,15,abigail,LF,cns,yes2,,,,,,,2,vt048,,,,,,,,,,NA,NA,,,,,no,,yes,j,1,c,2,NA,NA,NA,cns,110000,,
2.12.2020,second,vontrapp,16,tallula,RF,cns,yes2,,,,,,,2,vt049,,,,,,,,,,NA,NA,,,,,no,,yes,j,1,c,1,NA,NA,NA,cns,53000,,
2.12.2020,second,vontrapp,20,irene,LF,cns,yes2,,,,,,,2,vt050,,,,,,,,,,NA,NA,,,,,no,,yes,j,1,c,2,NA,NA,NA,cns,50000,,
2.12.2020,second,vontrapp,21,flavia,LF,cns,yes2,,,,,,,2,vt051,,,,,,,,,,NA,NA,,,,,no,,yes,j,1,c,3,NA,NA,NA,cns,59000,,
2.12.2020,second,vontrapp,21,flavia,RH,cns,yes2,,,,,,,2,vt052,,,,,,,,,,NA,NA,,,,,no,,yes,j,1,c,3,NA,NA,NA,cns,67000,,
2.12.2020,second,vontrapp,22,ursala,LH,cns,yes2,,,,,,,2,vt053,,,,,,,,,,NA,NA,,,,,no,,yes,j,1,c,1,NA,NA,NA,cns,90000,,
2.12.2020,second,vontrapp,24,ardetta,RF,cns,yes2,,,,,,,2,vt054,,,,,,,,,,NA,NA,,,,,no,,yes,j,2,c,3,NA,NA,NA,cns,72000,,
2.12.2020,second,vontrapp,25,lilac,LF,cns,yes2,,,,,,,2,vt055,,,,,,,,,,NA,NA,,,,,no,,yes,j,3,c,2,NA,NA,NA,cns,86000,,
2.12.2020,second,vontrapp,25,lilac,RH,cns,yes2,,,,,,,2,vt056,,,,,,,,,,NA,NA,,,,,no,,yes,j,3,c,2,NA,NA,NA,cns,61000,,
2.12.2020,second,vontrapp,28,lucha,LF,cns,yes2,,,,,,,2,vt058,,,,,,,,,,NA,NA,,,,,no,,yes,j,2,c,3,NA,NA,NA,cns,58000,,
2.12.2020,second,vontrapp,28,lucha,RF,cns,yes2,,,,,,,2,vt059,,,,,,,,,,NA,NA,,,yes,,no,,yes,j,2,c,3,NA,NA,NA,cns,440000,,
2.12.2020,second,vontrapp,30,panda,RH,cns,yes2,,,,,,,2,vt063,,,,,,,,,,NA,NA,,,,,no,,yes,j,1,c,1,NA,NA,NA,cns,150000,,
2.12.2020,second,vontrapp,31,imogene,LF,cns,yes2,,,,,,,2,vt060,,,,,,,,,,NA,NA,,,,,no,,yes,j,2,c,2,NA,NA,NA,cns,5000,,
3.10.2020,third,vontrapp,3,leopard,LF,cns,yes2,,,,,,,2,vt066,,,,,,,,,,NA,NA,,,,,no,,yes,j,2,c,2,NA,NA,NA,cns,24000,,
3.10.2020,third,vontrapp,3,leopard,RF,cns,yes2,,,,,,,2,vt067,,,,,,,,,,NA,NA,,,,,no,,yes,j,2,c,2,NA,NA,NA,cns,29000,,
3.10.2020,third,vontrapp,5,gloria,LF,cns,yes2,,,,,,,2,vt068,,,,,,,,,,NA,NA,,,,,no,,yes,j,3,c,4,NA,NA,NA,cns,67000,,
3.10.2020,third,vontrapp,5,gloria,RF,cns,yes2,,,,,,,2,vt071,,,,,,,,,,NA,NA,,,,,no,,yes,j,3,c,4,NA,NA,NA,cns,67000,,
3.10.2020,third,vontrapp,7,matilda,RH,cns,yes2,,,,,,,2,vt073,,,,,,,,,,NA,NA,,,,,no,,yes,j,3,c,3,NA,NA,NA,cns,8000,,
3.10.2020,third,vontrapp,7,matilda,RF,cns,yes2,,,,,,,2,vt074,,,,,,,,,,NA,NA,,,,,no,,yes,j,3,c,3,NA,NA,NA,cns,25000,,
3.10.2020,third,vontrapp,12,esme,LH,cns,yes2,,,,,,,2,vt076,,,,,,,,,,NA,NA,,,,,no,,yes,j,1,c,1,NA,NA,NA,cns,99000,,
3.10.2020,third,vontrapp,12,esme,LF,cns,yes2,,,,,,,2,vt077,,,,,,,,,,NA,NA,,,,,no,,yes,j,1,c,1,NA,NA,NA,cns,83000,,
3.10.2020,third,vontrapp,13,clara,RH,cns,yes2,,,,,,,2,vt078,,,,,,,,,,NA,NA,,,,,no,,yes,j,1,c,1,NA,NA,NA,cns,420000,,
3.10.2020,third,vontrapp,14,zelda,LF,cns,yes2,,,,,,,2,vt079,,,,,,,,,,NA,NA,,,,,no,,yes,j,3,c,4,NA,NA,NA,cns,100000,,
3.10.2020,third,vontrapp,16,tallula,RF,cns,yes2,,,,,,,2,vt082,,,,,,,,,,NA,NA,,,,,no,,yes,j,4,c,4,NA,NA,NA,cns,78000,,
3.10.2020,third,vontrapp,17,tilly,LH,cns,yes2,,,,,,,2,vt083,,,,,,,,,,NA,NA,,,,,no,,yes,j,3,c,4,NA,NA,NA,cns,25000,,
3.10.2020,third,vontrapp,19,flavia,LF,cns,yes2,,,,,,,2,vt084,,,,,,,,,,NA,NA,,,,,no,,yes,j,1,c,3,NA,NA,NA,cns,140000,,
3.10.2020,third,vontrapp,19,flavia,RH,cns,yes2,,,,,,,2,vt085,,,,,,,,,,NA,NA,,,,,no,,yes,j,1,c,3,NA,NA,NA,cns,120000,,
3.10.2020,third,vontrapp,20,alice,LF,cns,yes2,,,,,,,2,vt087,,,,,,,,,,NA,NA,,,,,no,,yes,j,3,c,4,NA,NA,NA,cns,240000,,
3.10.2020,third,vontrapp,21,ursala,LH,cns,yes2,,,,,,,2,vt089,,,,,,,,,,NA,NA,,,,,no,,yes,j,2,c,4,NA,NA,NA,cns,48000,,
3.10.2020,third,vontrapp,22,iris,LH,cns,yes1,,,,,,,1,vt090,,,,,,,,,,NA,NA,,,,,no,,yes,j,2,c,3,NA,NA,NA,cns,2000,,
3.10.2020,third,vontrapp,23,patchouli,RF,cns,yes2,,,,,,,2,vt101,,,,,,,,,,NA,NA,,,,,no,,yes,j,3,c,4,NA,NA,NA,cns,24000,,
3.10.2020,third,vontrapp,24,irene,LF,cns,yes2,,,,,,,2,vt092,,,,,,,,,,NA,NA,,,,,no,,yes,j,1,c,2,NA,NA,NA,cns,69000,,
3.10.2020,third,vontrapp,25,ardetta,LH,cns,yes2,,,,,,,2,vt093,,,,,,,,,,NA,NA,,,,,no,,yes,j,4,c,4,NA,NA,NA,cns,7000,,
3.10.2020,third,vontrapp,25,ardetta,RF,cns,yes2,,,,,,,2,vt094,,,,,,,,,,NA,NA,,,,,no,,yes,j,4,c,4,NA,NA,NA,cns,200000,,
3.10.2020,third,vontrapp,26,lilac,LF,cns,yes2,,,,,,,2,vt095,,,,,,,,,,NA,NA,,,,,no,,yes,j,3,c,4,NA,NA,NA,cns,290000,,
3.10.2020,third,vontrapp,26,lilac,RH,cns,yes2,,,,,,,2,vt096,,,,,,,,,,NA,NA,,,,,no,,yes,j,3,c,4,NA,NA,NA,cns,80000,,
3.10.2020,third,vontrapp,29,panda,RH,cns,yes1,,,,,,,1,vt097,,,,,,,,,,NA,NA,,,,,no,,yes,j,1,c,1,NA,NA,NA,cns,160000,,
3.10.2020,third,vontrapp,34,hosana,LF,cns,yes2,,,,,,,2,vt098,,,,,,,,,,NA,NA,,,,,no,,yes,j,2,c,3,NA,NA,NA,cns,2000,,
3.10.2020,third,vontrapp,35,lucha,LF,cns,yes2,,,,,,,2,vt099,,,,,,,,,,NA,NA,,,,,no,,yes,j,1,c,1,NA,NA,NA,cns,26000,,
3.10.2020,third,vontrapp,35,lucha,RF,cns,yes2,,,,,,,2,vt100,,,,,,,,,,NA,NA,,,,,no,,yes,j,1,c,1,NA,NA,NA,cns,78000,,
12.17.2019,first,bj,1,757,LF,cns,yes1,,,,,,,1,bj001,,,,,,,,,,NA,NA,,,,,no,,yes,j,2,c,2,NA,NA,NA,cns,3000,,
12.17.2019,first,bj,2,585,RF,cns,yes1,,,,,,,1,bj002,staphylococcus haemolyticus,,,,,,,,,NA,NA,,,,,no,,yes,j,1,c,1,NA,NA,NA,cns,697000,,
12.17.2019,first,bj,4,716,LH,cns,yes2,,,,,,,2,bj003,staphylococcus chromogenes,,,,,,,,,NA,NA,,,,,no,,yes,j,4,c,3,NA,NA,NA,cns,152000,,
12.17.2019,first,bj,5,cb5,LH,cns,yes1,,,,,,,1,bj004,staphylococcus species,,,,,,,,,NA,NA,,,,,no,,yes,j,4,c,4,NA,NA,NA,cns,62000,,
12.17.2019,first,bj,5,cb5,LF,cns,yes2,,,,,,,2,bj005,staphylococcus chromogenes,,,,,,,,,NA,NA,,,,,no,,yes,j,4,c,4,NA,NA,NA,cns,15000,,
12.17.2019,first,bj,7,719,LH,cns,yes2,,,,,,,2,bj008,staphylococcus simulans,,,,,,,,,NA,NA,,,,,no,,yes,j,2,c,3,NA,NA,NA,cns,244000,,
12.17.2019,first,bj,8,739,LH,cns,yes2,,,,,,,2,bj009,,,,,,,,,,NA,NA,,,,,no,,yes,j,2,c,3,NA,NA,NA,cns,36000,,
12.17.2019,first,bj,10,720,RH,cns,yes2,,,,,,,2,bj011,staphylococcus chromogenes,,,,,,,,,NA,NA,,,,,no,,yes,j,3,c,2,NA,NA,NA,cns,74000,,
12.17.2019,first,bj,15,733,LF,cns,yes2,,,,,,,2,bj012,staphylococcus chromogenes,,,,,,,,,NA,NA,,,,,no,,yes,j,1,c,2,NA,NA,NA,cns,286000,,
12.17.2019,first,bj,19,731,LF,cns,yes2,,,,,,,2,bj016,staphylococcus species,,,,,,,,,NA,NA,,,,,no,,yes,j,3,c,3,NA,NA,NA,cns,1739000,,
12.17.2019,first,bj,32,664,LH,cns,yes2,,,,,,,2,bj023,,,,,,,,,,NA,NA,,,,,no,,yes,j,3,c,4,NA,NA,NA,cns,506000,,
1.29.2020,second,bj,3,585,RF,cns,yes2,,,,,,,2,bj029,staphylococcus haemolyticus,,,,,,,,,NA,NA,,,,,no,,yes,j,1,c,1,NA,NA,NA,cns,940000,,
1.29.2020,second,bj,6,cb5,LH,cns,yes2,,,,,,,2,bj030,staphylococcus species,,,,,,,,,NA,NA,,,,,no,,yes,j,3,c,3,NA,NA,NA,cns,74000,,
1.29.2020,second,bj,6,cb5,LF,cns,yes2,,,,,,,2,bj031,staphylococcus chromogenes,,,,,,,,,NA,NA,,,,,no,,yes,j,3,c,3,NA,NA,NA,cns,35000,,
1.29.2020,second,bj,7,720,RH,cns,yes2,,,,,,,2,bj033,staphylococcus chromogenes,,,,,,,,,NA,NA,,,,,no,,yes,j,1,c,1,NA,NA,NA,cns,64000,,
1.29.2020,second,bj,8,719,LH,cns,yes1,,,,,,,1,bj035,staphylococcus simulans,,,,,,,,,NA,NA,,,,,no,,yes,j,4,c,3,NA,NA,NA,cns,120000,,
1.29.2020,second,bj,9,716,LH,cns,yes2,,,,,,,2,bj037,staphylococcus chromogenes,,,,,,,,,NA,NA,,,,,no,,yes,j,2,c,1,NA,NA,NA,cns,67000,,
1.29.2020,second,bj,11,739,LH,cns,yes2,,,,,,,2,bj040,,,,,,,,,,NA,NA,,,,,no,,yes,j,3,c,3,NA,NA,NA,cns,23000,,
1.29.2020,second,bj,13,693,LH,cns,yes2,,,,,,,2,bj042,no id,yes_nochange,,,,,,,,NA,NA,,,,,no,,yes,j,4,c,4,NA,NA,NA,cns,8000,,
1.29.2020,second,bj,15,731,LF,cns,yes2,,,,,,,2,bj043,staphylococcus species,,,,,,,,,NA,NA,,,,,no,,yes,j,3,c,2,NA,NA,NA,cns,140000,,
1.29.2020,second,bj,19,733,LF,cns,yes2,,,,,,,2,bj044,staphylococcus chromogenes,,,,,,,,,NA,NA,,,,,no,,yes,j,2,c,2,NA,NA,NA,cns,42000,,
1.29.2020,second,bj,27,761,LH,cns,yes2,,,,,,,2,bj047,staphylococcus chromogenes,yes_from_sa_to_cns,,,,,,,,NA,NA,,,,,no,,yes,j,3,c,3,NA,NA,NA,cns,81000,,
2.26.2020,third,bj,5,cb5,LH,cns,yes2,,,,,,,2,bj054,staphylococcus species,,,,,,,,,NA,NA,,,,,no,,yes,m,2,c,2,NA,NA,NA,cns,59000,,
2.26.2020,third,bj,5,cb5,LF,cns,yes2,,,,,,,2,bj055,staphylococcus chromogenes,,,,,,,,,NA,NA,,,,,no,,yes,m,2,c,2,NA,NA,NA,cns,29000,,
2.26.2020,third,bj,6,585,RF,cns,yes2,,,,,,,2,bj056,staphylococcus haemolyticus,,,,,,,,,NA,NA,,,,,no,,yes,m,1,c,1,NA,NA,NA,cns,1500000,,
2.26.2020,third,bj,11,716,LH,cns,yes1,,,,,,,1,bj059,staphylococcus chromogenes,,,,,,,,,NA,NA,,,,,no,,,m,1,c,2,NA,NA,NA,cns,85000,,
2.26.2020,third,bj,12,720,RH,cns,yes2,,,,,,,2,bj061,staphylococcus chromogenes,,,,,,,,,NA,NA,,,,,no,,yes,m,2,c,2,NA,NA,NA,cns,230000,,
2.26.2020,third,bj,13,719,RH,cns,yes2,,,,,,,2,bj063,staphylococcus simulans,,,,,,,,,NA,NA,,,,,no,,yes,m,1,c,1,NA,NA,NA,cns,270000,,
2.26.2020,third,bj,14,739,LH,cns,yes2,,,,,,,2,bj064,staphylococcus chromogenes,,,,,,,,,NA,NA,,,,,no,,yes,m,4,c,4,NA,NA,NA,cns,66000,,
2.26.2020,third,bj,15,693,LH,cns,yes1,,,,,,,1,bj065,,,,,,,,,,NA,NA,,,,,no,,yes,m,3,c,3,NA,NA,NA,cns,13000,,
2.26.2020,third,bj,16,731,LF,cns,yes2,,,,,,,2,bj069,staphylococcus species,,,,,,,,,NA,NA,,,,,no,,yes,m,4,c,4,NA,NA,NA,cns,2000000,,
2.26.2020,third,bj,21,733,LF,cns,yes2,,,,,,,2,bj072,staphylococcus chromogenes,,,,,,,,,NA,NA,,,,,no,,yes,m,1,c,1,NA,NA,NA,cns,170000,,
2.26.2020,third,bj,23,708,RH,cns,yes1,,,,,,,1,bj075,,,,,,,,,,NA,NA,,,,,no,,yes,m,4,c,4,NA,NA,NA,cns,18000,,
2.26.2020,third,bj,26,761,LH,cns,yes2,,,,,,,2,bj076,staphylococcus chromogenes,,,,,,,,,NA,NA,,,,,no,,yes,m,4,c,4,NA,NA,NA,cns,70000,,
2.26.2020,third,bj,31,cb3,RH,cns,yes2,,,,,,,2,bj077,no id,yes_nochange,,,,,,,,NA,NA,,,,,no,,yes,m,3,c,2,NA,NA,NA,cns,15000,,
1.2.2020,first,butterworks,4,muffin,RH,cns,yes2,,,,,,,2,bw005,,,,,,,,,,NA,NA,,,,,no,,yes,j,3,c,4,NA,NA,NA,cns,350000,,
1.2.2020,first,butterworks,8,wildcucumber,LH,cns,yes2,,,,,,,2,bw010,,,,,,,,,,NA,NA,,,,,no,,yes,j,1,c,3,NA,NA,NA,cns,19000,,
1.2.2020,first,butterworks,11,nebula,RH,cns,yes2,,,,,,,2,bw011,,,,,,,,,,NA,NA,,,,,no,,yes,j,1,c,1,NA,NA,NA,cns,290000,,
1.2.2020,first,butterworks,12,snowball,RH,cns,yes2,,,,,,,2,bw012,,,,,,,,,,NA,NA,,,,,no,,yes,j,2,c,2,NA,NA,NA,cns,500000,,
1.2.2020,first,butterworks,12,snowball,RF,cns,yes2,,,,,,,2,bw013,,,,,,,,,,NA,NA,,,,,no,,yes,j,2,c,2,NA,NA,NA,cns,160000,,
1.2.2020,first,butterworks,13,rhubarb,RF,cns,yes2,,,,,,,2,bw014,,,,,,,,,,NA,NA,,,,,no,,yes,j,1,c,1,NA,NA,NA,cns,73000,,
1.2.2020,first,butterworks,14,hawthorn,RH,cns,yes2,,,,,,,2,bw015,,,,,,,,,,NA,NA,,,,,no,,yes,j,2,c,3,NA,NA,NA,cns,99000,,
1.2.2020,first,butterworks,17,nazareth,LF,cns,yes2,,,,,,,2,bw022,,,,,,,,,,NA,NA,,,,,no,,yes,j,1,c,1,NA,NA,NA,cns,55000,,
1.2.2020,first,butterworks,17,nazareth,RF,cns,yes2,,,,,,,2,bw024,,,,,,,,,,NA,NA,,,,,no,,yes,j,1,c,1,NA,NA,NA,cns,260000,,
1.2.2020,first,butterworks,18,marjoram,RH,cns,yes2,,,,,,,2,bw027,,,,,,,,,,NA,NA,,,,,no,,yes,j,1,c,1,NA,NA,NA,cns,130000,,
1.2.2020,first,butterworks,19,manzana,LH,cns,yes2,,,,,,,2,bw029,,,,,,,,,,NA,NA,,,,,no,,yes,j,2,c,3,NA,NA,NA,cns,210000,,
1.2.2020,first,butterworks,19,manzana,RH,cns,yes2,,,,,,,2,bw031,,,,,,,,,,NA,NA,,,,,no,,yes,j,2,c,3,NA,NA,NA,cns,61000,,
1.2.2020,first,butterworks,19,manzana,RF,cns,yes2,,,,,,,2,bw032,,,,,,,,,,NA,NA,,,,,no,,yes,j,2,c,3,NA,NA,NA,cns,43000,,
1.2.2020,first,butterworks,20,love,RF,cns,yes2,,,,,,,2,bw035,,,,,,,,,,NA,NA,,,,,,,yes,j,2,c,2,NA,NA,NA,cns,3000,,
1.2.2020,first,butterworks,21,mandolin,LH,cns,yes2,,,,,,,2,bw036,,,,,,,,,,NA,NA,,,,,no,,yes,j,1,c,1,NA,NA,NA,cns,240000,,
1.2.2020,first,butterworks,22,avocado,LF,cns,yes2,,,,,,,2,bw038,,,,,,,,,,NA,NA,,,,,no,,yes,j,1,c,1,NA,NA,NA,cns,61000,,
1.2.2020,first,butterworks,22,avocado,RH,cns,yes2,,,,,,,2,bw039,,,,,,,,,,NA,NA,,,,,no,,yes,j,1,c,1,NA,NA,NA,cns,78000,,
1.2.2020,first,butterworks,23,jolene,RF,cns,yes2,,,,,,,2,bw043,,,,,,,,,,NA,NA,,,,,no,,yes,j,1,c,2,NA,NA,NA,cns,180000,,
1.2.2020,first,butterworks,24,nellie,RH,cns,yes2,,,,,,,2,bw044,,,,,,,,,,NA,NA,,,,,no,,yes,j,2,c,3,NA,NA,NA,cns,160000,,
1.2.2020,first,butterworks,25,melissa,LH,cns,yes2,,,,,,,2,bw067,,,,,,,,,,NA,NA,,,,,no,,yes,j,1,c,2,NA,NA,NA,cns,310000,,
1.2.2020,first,butterworks,26,petunia,LH,cns,yes2,,,,,,,2,bw046,,,,,,,,,,NA,NA,,,,,no,,yes,j,3,c,3,NA,NA,NA,cns,83000,,
1.2.2020,first,butterworks,27,crescent,LH,cns,yes2,,,,,,,2,bw048,,,,,,,,,,NA,NA,,,,,no,,yes,j,2,c,2,NA,NA,NA,cns,470000,,
1.2.2020,first,butterworks,27,crescent,LF,cns,yes2,,,,,,,2,bw049,,,,,,,,,,NA,NA,,,,,no,,yes,j,2,c,2,NA,NA,NA,cns,74000,,
1.2.2020,first,butterworks,27,crescent,RH,cns,yes2,,,,,,,2,bw050,,,,,,,,,,NA,NA,,,,,no,,yes,j,2,c,2,NA,NA,NA,cns,170000,,
1.2.2020,first,butterworks,29,bon,RF,cns,yes2,,,,,,,2,bw053,,,,,,,,,,NA,NA,,,,,no,,yes,j,2,c,2,NA,NA,NA,cns,310000,,
1.2.2020,first,butterworks,31,chipotle,LH,cns,yes2,,,,,,,2,bw059,,,,,,,,,,NA,NA,,,,,no,,yes,j,2,c,2,NA,NA,NA,cns,280000,,
1.2.2020,first,butterworks,31,chipotle,LF,cns,yes2,,,,,,,2,bw060,,,,,,,,,,NA,NA,,,,,no,,yes,j,2,c,2,NA,NA,NA,cns,160000,,
1.2.2020,first,butterworks,31,chipotle,RF,cns,yes2,,,,,,,2,bw061,,,,,,,,,,NA,NA,,,,,no,,yes,j,2,c,2,NA,NA,NA,cns,120000,,
1.2.2020,first,butterworks,33,plantain,LH,cns,yes2,,,,,,,2,bw063,,,,,,,,,,NA,NA,,,,,no,,yes,j,1,c,2,NA,NA,NA,cns,89000,,
2.4.2020,second,butterworks,1,masala,RF,cns,yes1,,,,,,,1,bw071,,,,,,,,,,NA,NA,,,,,no,,yes,t,2,c,1,NA,NA,NA,cns,67000,,
2.4.2020,second,butterworks,3,muffin,LH,cns,yes2,,,,,,,2,bw072,,,,,,,,,,NA,NA,,,,,no,,yes,t,3,c,2,NA,NA,NA,cns,400000,,
2.4.2020,second,butterworks,3,muffin,RH,cns,yes2,,,,,,,2,bw073,,,,,,,,,,NA,NA,,,,,no,,yes,t,3,c,2,NA,NA,NA,cns,280000,,
2.4.2020,second,butterworks,5,pomme,LF,cns,yes1,,,,,,,1,bw074,,,,,,,,,,NA,NA,,,,,no,,yes,t,2,c,2,NA,NA,NA,cns,40000,,
2.4.2020,second,butterworks,6,noel,LF,cns,yes2,,,,,,,2,bw077,,,,,,,,,,NA,NA,,,,,no,,yes,t,1,c,1,NA,NA,NA,cns,61000,,
2.4.2020,second,butterworks,7,pearl,RF,cns,yes2,,,,,,,2,bw078,,,,,,,,,,NA,NA,,,,,no,,yes,t,4,c,3,NA,NA,NA,cns,86000,,
2.4.2020,second,butterworks,9,wildcucumber,LH,cns,yes21,,,,,,,21,bw079,,,,,,,,,,NA,NA,,,,,no,,yes,t,1,c,1,NA,NA,NA,cns,13000,,
2.4.2020,second,butterworks,11,rhubarb,RF,cns,yes2,,,,,,,2,bw080,,,,,,,,,,NA,NA,,,,,no,,yes,t,3,c,2,NA,NA,NA,cns,72000,,
2.4.2020,second,butterworks,12,snowball,RF,cns,yes2,,,,,,,2,bw070,,,,,,,,,,NA,NA,,,,,no,,yes,t,1,c,1,NA,NA,NA,cns,130000,,
2.4.2020,second,butterworks,13,nebula,RH,cns,yes2,,,,,,,2,bw084,staphylococcus chromogenes,,,,,,,,,NA,NA,,,,,no,,yes,t,2,c,1,NA,NA,NA,cns,460000,,
2.4.2020,second,butterworks,16,hawthorn,RH,cns,yes2,,,,,,,2,bw085,staphylococcus chromogenes,,,,,,,,,NA,NA,,,,,no,,yes,t,2,c,2,NA,NA,NA,cns,120000,,
2.4.2020,second,butterworks,18,marjoram,RH,cns,yes2,,,,,,,2,bw086,staphylococcus chromogenes,,,,,,,,,NA,NA,,,,,no,,yes,t,2,c,1,NA,NA,NA,cns,240000,,
2.4.2020,second,butterworks,19,nazareth,LF,cns,yes2,,,,,,,2,bw087,staphylococcus chromogenes,,,,,,,,,NA,NA,,,,,no,,yes,t,2,c,1,NA,NA,NA,cns,240000,,
2.4.2020,second,butterworks,19,nazareth,RF,cns,yes2,,,,,,,2,bw088,staphylococcus haemolyticus,,,,,,,,,NA,NA,,,,,no,,yes,t,2,c,1,NA,NA,NA,cns,440000,,
2.4.2020,second,butterworks,20,manzana,LH,cns,yes2,,,,,,,2,bw089,staphylococcus species,,,,,,,,,NA,NA,,,,,no,,yes,t,3,c,3,NA,NA,NA,cns,470000,,
2.4.2020,second,butterworks,20,manzana,RH,cns,yes2,,,,,,,2,bw091,staphylococcus chromogenes,,,,,,,,,NA,NA,,,,,no,,yes,t,3,c,3,NA,NA,NA,cns,51000,,
2.4.2020,second,butterworks,20,manzana,RF,cns,yes2,,,,,,,2,bw092,staphylococcus chromogenes,,,,,,,,,NA,NA,,,,,no,,yes,t,3,c,3,NA,NA,NA,cns,65000,,
2.4.2020,second,butterworks,21,avocado,RH,cns,yes2,,,,,,,2,bw093,staphylococcus warneri,,,,,,,,,NA,NA,,,,,no,,yes,t,2,c,2,NA,NA,NA,cns,1300000,,
2.4.2020,second,butterworks,24,nellie,LH,cns,yes2,,,,,,,2,bw094,staphylococcus chromogenes,,,,,,,,,NA,NA,,,,,no,,yes,t,1,c,1,NA,NA,NA,cns,240000,,
2.4.2020,second,butterworks,25,jolene,RF,cns,yes2,,,,,,,2,bw098,staphylococcus chromogenes,,,,,,,,,NA,NA,,,,,no,,yes,t,2,c,1,NA,NA,NA,cns,240000,,
2.4.2020,second,butterworks,27,petunia,LH,cns,yes2,,,,,,,2,bw099,staphylococcus chromogenes,,,,,,,,,NA,NA,,,,,no,,yes,t,1,c,1,NA,NA,NA,cns,99000,,
2.4.2020,second,butterworks,28,mandolin,LH,cns,yes2,,,,,,,2,bw101,no id,yes_nochange,,,,,,,,NA,NA,,,,,no,,yes,t,1,c,1,NA,NA,NA,cns,440000,,
2.4.2020,second,butterworks,31,bon,RF,cns,yes2,,,,,,,2,bw106,staphylococcus chromogenes,,,,,,,,,NA,NA,,,,,no,,yes,t,2,c,1,NA,NA,NA,cns,290000,,
2.4.2020,second,butterworks,34,chipotle,LH,cns,yes2,,,,,,,2,bw110,staphylococcus species,,,,,,,,,NA,NA,,,,,no,,yes,t,2,c,1,NA,NA,NA,cns,490000,,
2.4.2020,second,butterworks,34,chipotle,LF,cns,yes2,,,,,,,2,bw111,staphylococcus species,,,,,,,,,NA,NA,,,,,no,,yes,t,2,c,1,NA,NA,NA,cns,390000,,
2.4.2020,second,butterworks,34,chipotle,RH,cns,yes2,,,,,,,2,bw112,staphylococcus chromogenes,,,,,,,,,NA,NA,,,,,no,,yes,t,2,c,1,NA,NA,NA,cns,470000,,
2.4.2020,second,butterworks,34,chipotle,RF,cns,yes2,,,,,,,2,bw113,staphylococcus chromogenes,,,,,,,,,NA,NA,,,,,no,,yes,t,2,c,1,NA,NA,NA,cns,140000,,
3.3.2020,third,butterworks,1,masala,RF,cns,yes2,,,,,,,2,bw115,staphylococcus haemolyticus,,,,,,,,,NA,NA,,,,,no,,yes,n,1,c,1,NA,NA,NA,cns,0,,
3.3.2020,third,butterworks,2,muffin,LH,cns,yes2,,,,,,,2,bw116,staphylococcus chromogenes,,,,,,,,,NA,NA,,,,,no,,yes,n,3,c,1,NA,NA,NA,cns,0,,
3.3.2020,third,butterworks,2,muffin,RH,cns,yes2,,,,,,,2,bw118,staphylococcus chromogenes,,,,,,,,,NA,NA,,,,,no,,yes,n,3,c,1,NA,NA,NA,cns,0,,
3.3.2020,third,butterworks,4,pomme,LF,cns,yes2,,,,,,,2,bw120,staphylococcus chromogenes,,,,,,,,,NA,NA,,,,,no,,yes,n,2,c,2,NA,NA,NA,cns,9000,,
3.3.2020,third,butterworks,4,pomme,RH,cns,yes2,,,,,,,2,bw121,staphylococcus haemolyticus,,,,,,,,,NA,NA,,,,,no,,yes,n,2,c,2,NA,NA,NA,cns,60000,,
3.3.2020,third,butterworks,7,noel,LF,cns,yes2,,,,,,,2,bw122,staphylococcus chromogenes,,,,,,,,,NA,NA,,,,,no,,yes,n,1,c,1,NA,NA,NA,cns,480000,,
3.3.2020,third,butterworks,9,blackberry,LH,cns,yes1,,,,,,,1,bw125,staphylococcus haemolyticus,,,,,,,,,NA,NA,,,,,no,,yes,n,4,c,4,NA,NA,NA,cns,16000,,
3.3.2020,third,butterworks,10,wildcucumber,LH,cns,yes2,,,,,,,2,bw126,staphylococcus devriesei,,,,,,,,,NA,NA,,,,,no,,yes,n,2,c,2,NA,NA,NA,cns,11000,,
3.3.2020,third,butterworks,11,rhubarb,RF,cns,yes2,,,,,,,2,bw127,staphylococcus chromogenes,,,,,,,,,NA,NA,,,,,no,,yes,n,4,c,3,NA,NA,NA,cns,15000,,
3.3.2020,third,butterworks,12,snowball,RH,cns,yes2,,,,,,,2,bw129,staphylococcus simulans,,,,,,,,,NA,NA,,,,,no,,yes,n,3,c,2,NA,NA,NA,cns,110000,,
3.3.2020,third,butterworks,13,nebula,RH,cns,yes2,,,,,,,2,bw132,staphylococcus chromogenes,,,,,,,,,NA,NA,,,,,no,,yes,n,2,c,1,NA,NA,NA,cns,44000,,
3.3.2020,third,butterworks,16,hawthorn,RH,cns,yes1,,,,,,,1,bw133,staphylococcus chromogenes,,,,,,,,,NA,NA,,,,,no,,yes,n,2,c,1,NA,NA,NA,cns,43000,,
3.3.2020,third,butterworks,17,nazareth,LF,cns,yes2,,,,,,,2,bw134,staphylococcus chromogenes,,,,,,,,,NA,NA,,,,,no,,yes,n,2,c,1,NA,NA,NA,cns,300000,,
3.3.2020,third,butterworks,17,nazareth,RF,cns,yes2,,,,,,,2,bw135,staphylococcus haemolyticus,,,,,,,,,NA,NA,,,,,no,,yes,n,2,c,1,NA,NA,NA,cns,160000,,
3.3.2020,third,butterworks,19,marjoram,RH,cns,yes2,,,,,,,2,bw136,staphylococcus chromogenes,,,,,,,,,NA,NA,,,,,no,,yes,n,1,c,1,NA,NA,NA,cns,150000,,
3.3.2020,third,butterworks,20,manzana,LH,cns,yes2,,,,,,,2,bw137,staphylococcus species,,,,,,,,,NA,NA,,,,,no,,yes,n,4,c,4,NA,NA,NA,cns,94000,,
3.3.2020,third,butterworks,20,manzana,RH,cns,yes2,,,,,,,2,bw139,staphylococcus chromogenes,,,,,,,,,NA,NA,,,,,no,,yes,n,4,c,4,NA,NA,NA,cns,67000,,
3.3.2020,third,butterworks,20,manzana,RF,cns,yes2,,,,,,,2,bw140,staphylococcus chromogenes,,,,,,,,,NA,NA,,,,,no,,yes,n,4,c,4,NA,NA,NA,cns,49000,,
3.3.2020,third,butterworks,21,avocado,LF,cns,yes2,,,,,,,2,bw141,staphylococcus warneri,,,,,,,,,NA,NA,,,,,no,,yes ,n,3,c,3,NA,NA,NA,cns,58000,,
3.3.2020,third,butterworks,21,avocado,RH,cns,yes2,,,,,,,2,bw142,staphylococcus warneri,,,,,,,,,NA,NA,,,,,no,,yes ,n,3,c,3,NA,NA,NA,cns,300000,,
3.3.2020,third,butterworks,25,nellie,LH,cns,yes2,,,,,,,2,bw144,staphylococcus chromogenes,,,,,,,,,NA,NA,,,,,no,,yes,n,2,c,1,NA,NA,NA,cns,220000,,
3.3.2020,third,butterworks,25,nellie,RH,cns,yes2,,,,,,,2,bw145,staphylococcus chromogenes,,,,,,,,,NA,NA,,,,,no,,yes,n,2,c,1,NA,NA,NA,cns,730000,,
3.3.2020,third,butterworks,26,melissa,LH,cns,yes2,,,,,,,2,bw148,staphylococcus chromogenes,,,,,,,,,NA,NA,,,,,no,,yes,n,3,c,2,NA,NA,NA,cns,150000,,
3.3.2020,third,butterworks,29,petunia,LH,cns,yes1,,,,,,,1,bw152,staphylococcus chromogenes,,,,,,,,,NA,NA,,,,,no,,yes,n,3,c,2,NA,NA,NA,cns,87000,,
3.3.2020,third,butterworks,32,bon,RF,cns,yes2,,,,,,,2,bw155,staphylococcus chromogenes,,,,,,,,,NA,NA,,,,,no,,yes,n,3,c,1,NA,NA,NA,cns,62000,,
12.11.2019,first,choiniere,3,69,RH,cns,yes2,,,,,,,2,cf004,,,,,,,,,,NA,NA,,,,,no,,yes,j,2,c,2,NA,NA,NA,cns,310000,,
12.11.2019,first,choiniere,9,32,LF,cns,yes2,,,,,,,2,cf020,,,,,,,,,,NA,NA,,,,,no,,yes,j,3,c,4,NA,NA,NA,cns,133000,,
12.11.2019,first,choiniere,11,41,LH,cns,yes2,,,,,,,2,cf022,,,,,,,,,,NA,NA,,,,,no,,yes,j,1,c,2,NA,NA,NA,cns,300000,,
12.11.2019,first,choiniere,11,41,LF,cns,yes2,,,,,,,2,cf023,,,,,,,,,,NA,NA,,,,,no,,yes,j,1,c,2,NA,NA,NA,cns,159000,,
12.11.2019,first,choiniere,13,12,LF,cns,yes2,,,,,,,2,cf026,,,,,,,,,,NA,NA,,,,,no,,yes,j,2,c,3,NA,NA,NA,cns,320000,,
12.11.2019,first,choiniere,16,9,LH,cns,yes2,,,,,,,2,cf031,,,,,,,,,,NA,NA,,,,,no,,yes,j,2,c,3,NA,NA,NA,cns,11000,,
12.11.2019,first,choiniere,19,23,RF,cns,yes2,,,,,,,2,cf039,,,,,,,,,,NA,NA,,,,,no,,yes,j,2,c,1,NA,NA,NA,cns,76000,,
12.11.2019,first,choiniere,20,7,LH,cns,yes2,,,,,,,2,cf040,,,,,,,,,,NA,NA,,,,,no,,yes,j,3,c,2,NA,NA,NA,cns,426000,,
12.11.2019,first,choiniere,20,7,RF,cns,yes2,,,,,,,2,cf041,,,,,,,,,,NA,NA,,,,,no,,yes,j,3,c,2,NA,NA,NA,cns,296000,,
12.11.2019,first,choiniere,23,44,LF,cns,yes2,,,,,,,2,cf045,,,,,,,,,,NA,NA,,,,,no,,yes,j,2,c,3,NA,NA,NA,cns,217000,,
12.11.2019,first,choiniere,26,56,LF,cns,yes2,,,,,,,2,cf047,,,,,,,,,,NA,NA,,,,,no,,yes,j,2,c,3,NA,NA,NA,cns,87000,,
12.11.2019,first,choiniere,28,16,LH,cns,yes2,,,,,,,2,cf052,,,,,,,,,,NA,NA,,,,,no,,yes,j,2,c,2,NA,NA,NA,cns,2658000,,
12.11.2019,first,choiniere,28,16,LF,cns,yes2,,,,,,,2,cf053,,,,,,,,,,NA,NA,,,,,no,,yes,j,2,c,2,NA,NA,NA,cns,741000,,
12.11.2019,first,choiniere,29,49,RH,cns,yes2,,,,,,,2,cf055,,,,,,,,,,NA,NA,,,,,no,,yes,j,4,c,4,NA,NA,NA,cns,90000,,
12.11.2019,first,choiniere,30,869,RH,cns,yes2,,,,,,,2,cf056,,,,,,,,,,NA,NA,,,,,no,,yes,j,1,c,2,NA,NA,NA,cns,40000,,
12.11.2019,first,choiniere,34,30,LH,cns,yes2,,,,,,,2,cf061,,,,,,,,,,NA,NA,,,,,no,,yes,j,2,c,2,NA,NA,NA,cns,212000,,
1.21.2020,second,choiniere,5,52,RH,cns,yes2,,,,,,,2,cf085,,,,,,,,,,NA,NA,,,,,no,,yes,j,2,c,2,NA,NA,NA,cns,280000,,
1.21.2020,second,choiniere,6,54,LH,cns,yes2,,,,,,,2,cf087,,,,,,,,,,NA,NA,,,,,no,,yes,j,NA,c,1,NA,NA,NA,cns,18000,,
1.21.2020,second,choiniere,7,40,RH,cns,yes2,,,,,,,2,cf090,,,,,,,,,,NA,NA,,,,,no,,yes,j,3,c,3,NA,NA,NA,cns,160000,,
1.21.2020,second,choiniere,8,69,LH,cns,yes2,,,,,,,2,cf092,,,,,,,,,,NA,NA,,,,,no,,yes,j,2,c,3,NA,NA,NA,cns,110000,,
1.21.2020,second,choiniere,8,69,RH,cns,yes2,,,,,,,2,cf093,,,,,,,,,,NA,NA,,,,,no,,yes,j,2,c,3,NA,NA,NA,cns,210000,,
1.21.2020,second,choiniere,9,49,RH,cns,yes2,,,,,,,2,cf095,,,,,,,,,,NA,NA,,,,,no,,yes,j,2,c,3,NA,NA,NA,cns,90000,,
1.21.2020,second,choiniere,16,7,RH,cns,yes1,,,,,,,1,cf103,,,,,,,,,,NA,NA,,,,,no,,yes,j,3,c,2,NA,NA,NA,cns,2000,,
1.21.2020,second,choiniere,16,7,RF,cns,yes2,,,,,,,2,cf104,,,,,,,,,,NA,NA,,,,,no,,yes,j,3,c,2,NA,NA,NA,cns,190000,,
1.21.2020,second,choiniere,17,32,LF,cns,yes2,,,,,,,2,cf105,,,,,,,,,,NA,NA,,,,,no,,yes,j,1,c,1,NA,NA,NA,cns,150000,,
1.21.2020,second,choiniere,20,30,LH,cns,yes2,,,,,,,2,cf110,,,,,,,,,,NA,NA,,,,,,,yes,j,3,c,3,NA,NA,NA,cns,140000,,
1.21.2020,second,choiniere,29,41,LH,cns,yes2,,,,,,,1,cf121,,,,,,,,,,NA,NA,,,,,no,,yes,j,1,c,1,NA,NA,NA,cns,180000,,
1.21.2020,second,choiniere,29,41,LF,cns,yes2,,,,,,,2,cf122,,,,,,,,,,NA,NA,,,,,no,,yes,j,1,c,1,NA,NA,NA,cns,57000,,
1.21.2020,second,choiniere,33,16,LF,cns,yes2,,,,,,,2,cf129,,,,,,,,,,NA,NA,,,,,no,,yes,j,2,c,2,NA,NA,NA,cns,190000,,
1.21.2020,second,choiniere,34,56,LF,cns,yes2,,,,,,,2,cf131,,,,,,,,,,NA,NA,,,,,no,,yes,j,1,c,2,NA,NA,NA,cns,34000,,
2.17.2020,third,choiniere,2,56,LF,cns,yes2,,,,,,,2,cf136,,,,,,,,,,NA,NA,,,,,no,,yes,j,2,NA,NA,NA,NA,NA,cns,270000,,
2.17.2020,third,choiniere,4,69,LH,cns,yes2,,,,,,,2,cf137,,,,,,,,,,NA,NA,,,,,no,,yes,j,3,NA,NA,NA,NA,NA,cns,85000,,
2.17.2020,third,choiniere,4,69,RH,cns,yes2,,,,,,,2,cf138,,,,,,,,,,NA,NA,,,,,no,,yes,j,3,NA,NA,NA,NA,NA,cns,180000,,
2.17.2020,third,choiniere,12,41,LH,cns,yes2,,,,,,,2,cf148,,,,,,,,,,NA,NA,,,,,no,,yes,j,1,NA,NA,NA,NA,NA,cns,560000,,
2.17.2020,third,choiniere,12,41,LF,cns,yes2,,,,,,,2,cf149,,,,,,,,,,NA,NA,,,,,no,,yes,j,1,NA,NA,NA,NA,NA,cns,220000,,
2.17.2020,third,choiniere,13,7,LH,cns,yes2,,,,,,,2,cf150,,,,,,,,,,NA,NA,,,,,no,,yes,j,2,NA,NA,NA,NA,NA,cns,530000,,
2.17.2020,third,choiniere,13,7,RF,cns,yes2,,,,,,,2,cf151,,,,,,,,,,NA,NA,,,,,no,,yes,j,2,NA,NA,NA,NA,NA,cns,180000,,
2.17.2020,third,choiniere,14,12,RF,cns,yes2,,,,,,,2,cf153,,,,,,,,,,NA,NA,,,,,no,,yes,j,2,NA,NA,NA,NA,NA,cns,42000,,
2.17.2020,third,choiniere,18,93,RF,cns,yes2,,,,,,,2,cf159,,,,,,,,,,NA,NA,,,,,no,,yes,j,2,NA,NA,NA,NA,NA,cns,1000000,,
2.17.2020,third,choiniere,24,23,RF,cns,yes2,,,,,,,2,cf169,,,,,,,,,,NA,NA,,,,,no,,yes,j,2,NA,NA,NA,NA,NA,cns,200000,,
2.17.2020,third,choiniere,32,30,LH,cns,yes2,,,,,,,2,cf177,,,,,,,,,,NA,NA,,,,,no,,yes,j,3,NA,NA,NA,NA,NA,cns,140000,,
2.17.2020,third,choiniere,34,52,RH,cns,yes2,,,,,,,2,cf180,,,,,,,,,,NA,NA,,,,,no,,yes,j,2,NA,NA,NA,NA,NA,cns,37000,,
3.16.2020,fourth,choiniere,3,49,RH,cns,yes2,,,,,,,2,cf190,,,,,,,,,,NA,NA,,,,,no,,yes,j,2,c,2,NA,NA,NA,cns,80000,,
3.16.2020,fourth,choiniere,10,40,RH,cns,yes2,,,,,,,2,cf204,,,,,,,,,,NA,NA,,,,,no,,yes,j,1,c,3,NA,NA,NA,cns,83000,,
3.16.2020,fourth,choiniere,12,23,RF,cns,yes2,,,,,,,2,cf206,,,,,,,,,,NA,NA,,,,,no,,yes,j,2,c,2,NA,NA,NA,cns,180000,,
3.16.2020,fourth,choiniere,15,41,LH,cns,yes2,,,,,,,2,cf211,,,,,,,,,,NA,NA,,,,,no,,yes,j,1,c,2,NA,NA,NA,cns,200000,,
3.16.2020,fourth,choiniere,15,41,LF,cns,yes2,,,,,,,2,cf212,,,,,,,,,,NA,NA,,,,,no,,yes,j,1,c,2,NA,NA,NA,cns,46000,,
3.16.2020,fourth,choiniere,19,52,RH,cns,yes2,,,,,,,2,cf219,,,,,,,,,,NA,NA,,,,,no,,yes,j,1,c,1,NA,NA,NA,cns,45000,,
3.16.2020,fourth,choiniere,21,32,LF,cns,yes2,,,,,,,2,cf221,,,,,,,,,,NA,NA,,,,,no,,yes,j,2,c,2,NA,NA,NA,cns,56000,,
3.16.2020,fourth,choiniere,26,65,RF,cns,yes2,,,,,,,2,cf227,,,,,,,,,,NA,NA,,,,,no,,yes,j,1,c,2,NA,NA,NA,cns,54000,,
3.16.2020,fourth,choiniere,30,7,LH,cns,yes2,,,,,,,2,cf231,,,,,,,,,,NA,NA,,,,,no,,yes,j,1,c,2,NA,NA,NA,cns,210000,,
3.16.2020,fourth,choiniere,30,7,RF,cns,yes2,,,,,,,2,cf232,,,,,,,,,,NA,NA,,,,,no,,yes,j,1,c,2,NA,NA,NA,cns,2000,,
3.16.2020,fourth,choiniere,32,69,RH,cns,yes2,,,,,,,2,cf235,,,,,,,,,,NA,NA,,,,,no,,yes,j,2,c,2,NA,NA,NA,cns,39000,,
3.16.2020,fourth,choiniere,36,56,LF,cns,yes2,,,,,,,2,cf244,,,,,,,,,,NA,NA,,,,yes,no,,yes,j,2,c,2,NA,NA,NA,cns,240000,,
1.3.2020,first,oughtabe,2,kit,LH,cns,yes2,,,,,,,2,ob002,,,,,,,,,,NA,NA,,,,,no,,yes,j,2,c,2,NA,NA,NA,cns,290000,,
1.3.2020,first,oughtabe,4,aloha,LH,cns,yes2,,,,,,,2,ob003,,,,,,,,,,NA,NA,,,,,no,,yes,j,2,c,2,NA,NA,NA,cns,550000,,
1.3.2020,first,oughtabe,7,rabbit,RF,cns,yes2,,,,,,,2,ob004,,,,,,,,,,NA,NA,,,,,no,,yes,j,2,c,2,NA,NA,NA,cns,300000,,
1.3.2020,first,oughtabe,9,goody,LF,cns,yes2,,,,,,,2,ob008,,,,,,,,,,NA,NA,,,,,no,,yes,j,3,c,3,NA,NA,NA,cns,540000,,
1.3.2020,first,oughtabe,11,racer,LH,cns,yes2,,,,,,,2,ob014,,,,,,,,,,NA,NA,,,,,no,,yes,j,2,c,3,NA,NA,NA,cns,370000,,
1.3.2020,first,oughtabe,11,racer,RF,cns,yes2,,,,,,,2,ob015,,,,,,,,,,NA,NA,,,,,no,,yes,j,2,c,3,NA,NA,NA,cns,250000,,
1.3.2020,first,oughtabe,16,kandykorn,LF,cns,yes1,,,,,,,1,ob022,,,,,,,,,,NA,NA,,,,,no,,yes,j,1,c,2,NA,NA,NA,cns,43000,,
1.3.2020,first,oughtabe,18,butterfly,RF,cns,yes2,,,,,,,2,ob023,,,,,,,,,,NA,NA,,,,,no,,yes,j,1,c,2,NA,NA,NA,cns,300000,,
1.3.2020,first,oughtabe,22,mschar,LH,cns,yes2,,,,,,,2,ob030,,,,,,,,,,NA,NA,,,,,no,,yes,j,1,c,1,NA,NA,NA,cns,71000,,
1.3.2020,first,oughtabe,23,spice,LH,cns,yes2,,,,,,,2,ob031,,,,,,,,,,NA,NA,,,,,no,,yes,j,2,c,2,NA,NA,NA,cns,34000,,
1.3.2020,first,oughtabe,23,spice,LF,cns,yes2,,,,,,,2,ob032,,,,,,,,,,NA,NA,,,,,no,,yes,j,2,c,2,NA,NA,NA,cns,900000,,
1.3.2020,first,oughtabe,24,alf,RF,cns,yes2,,,,,,,2,ob033,,,,,,,,,,NA,NA,,,,,no,,yes,j,1,c,2,NA,NA,NA,cns,450000,,
1.3.2020,first,oughtabe,32,tiktoe,LH,cns,yes2,,,,,,,2,ob041,,,,,,,,,,NA,NA,,,,,no,,yes,j,2,c,2,NA,NA,NA,cns,110000,,
1.3.2020,first,oughtabe,32,tiktoe,LF,cns,yes2,,,,,,,2,ob042,,,,,,,,,,NA,NA,,,,,no,,yes,j,2,c,2,NA,NA,NA,cns,61000,,
1.3.2020,first,oughtabe,32,tiktoe,RF,cns,yes2,,,,,,,2,ob044,,,,,,,,,,NA,NA,,,,,no,,yes,j,2,c,2,NA,NA,NA,cns,160000,,
1.3.2020,first,oughtabe,33,peacock,LH,cns,yes2,,,,,,,2,ob045,,,,,,,,,,NA,NA,,,,,no,,yes,j,2,c,2,NA,NA,NA,cns,240000,,
1.3.2020,first,oughtabe,33,peacock,LF,cns,yes2,,,,,,,2,ob046,,,,,,,,,,NA,NA,,,,,no,,yes,j,2,c,2,NA,NA,NA,cns,770000,,
1.3.2020,first,oughtabe,34,applepie,LF,cns,yes2,,,,,,,2,ob047,,,,,,,,,,NA,NA,,,,,no,,yes,j,4,c,4,NA,NA,NA,cns,810000,,
1.3.2020,first,oughtabe,34,applepie,RH,cns,yes2,,,,,,,2,ob048,,,,,,,,,,NA,NA,,,,,no,,yes,j,4,c,4,NA,NA,NA,cns,130000,,
1.3.2020,first,oughtabe,35,katie,LH,cns,yes2,,,,,,,2,ob051,,,,,,,,,,NA,NA,,,,,no,,yes,j,2,c,2,NA,NA,NA,cns,180000,,
1.3.2020,first,oughtabe,36,ginger,RH,cns,yes2,,,,,,,2,ob053,,,,,,,,,,NA,NA,,,,,no,,yes,j,1,c,1,NA,NA,NA,cns,1400000,,
2.14.2020,second,oughtabe,2,aloha,RH,cns,yes1,,,,,,,1,ob057,,,,,,,,,,NA,NA,,,,,no,,yes,t,2,c,2,NA,NA,NA,cns,10000,,
2.14.2020,second,oughtabe,3,kit,LH,cns,yes2,,,,,,,2,ob059,,,,,,,,,,NA,NA,,,,,no,,yes,t,2,c,2,NA,NA,NA,cns,320000,,
2.14.2020,second,oughtabe,5,rabbit,RF,cns,yes1,,,,,,,1,ob061,,,,,,,,,,NA,NA,,,,,no,,yes,t,3,c,2,NA,NA,NA,cns,300000,,
2.14.2020,second,oughtabe,9,goody,LH,cns,yes2,,,,,,,2,ob062,,,,,,,,,,NA,NA,,,,,no,,yes,t,3,c,3,NA,NA,NA,cns,520000,,
2.14.2020,second,oughtabe,9,goody,LF,cns,yes2,,,,,,,2,ob063,,,,,,,,,,NA,NA,,,,,no,,yes,t,3,c,3,NA,NA,NA,cns,580000,,
2.14.2020,second,oughtabe,13,racer,LH,cns,yes2,,,,,,,2,ob069,,,,,,,,,,NA,NA,,,,,no,,yes,t,4,c,3,NA,NA,NA,cns,630000,,
2.14.2020,second,oughtabe,13,racer,RF,cns,yes2,,,,,,,2,ob070,,,,,,,,,,NA,NA,,,,,no,,yes,t,4,c,3,NA,NA,NA,cns,150000,,
2.14.2020,second,oughtabe,14,kandykorn,LF,cns,yes2,,,,,,,2,ob071,,,,,,,,,,NA,NA,,,,,no,,yes,t,2,c,1,NA,NA,NA,cns,110000,,
2.14.2020,second,oughtabe,15,peonie,RF,cns,yes2,,,,,,,2,ob073,,,,,,,,,,NA,NA,,,,,no,,yes,t,3,c,2,NA,NA,NA,cns,240000,,
2.14.2020,second,oughtabe,17,mschar,LH,cns,yes2,,,,,,,2,ob077,,,,,,,,,,NA,NA,,,,,no,,yes,t,2,c,2,NA,NA,NA,cns,170000,,
2.14.2020,second,oughtabe,20,butterfly,RF,cns,yes2,,,,,,,2,ob084,staphylococcus warneri,,,,,,,,,NA,NA,,,,,no,,yes,t,2,c,2,NA,NA,NA,cns,240000,,
2.14.2020,second,oughtabe,21,spice,LF,cns,yes2,,,,,,,2,ob085,staphylococcus simulans,,,,,,,,,NA,NA,,,,,no,,yes,t,1,c,1,NA,NA,NA,cns,960000,,
2.14.2020,second,oughtabe,24,alf,RF,cns,yes2,,,,,,,2,ob091,staphylococcus chromogenes,,,,,,,,,NA,NA,,,,,no,,yes,t,1,c,1,NA,NA,NA,cns,1000000,,
2.14.2020,second,oughtabe,29,honey,LH,cns,yes1,,,,,,,1,ob095,,,,,,,,,,NA,NA,,,,,no,,yes,t,3,c,3,NA,NA,NA,cns,78000,,
2.14.2020,second,oughtabe,33,tiktoe,LH,cns,yes2,,,,,,,2,ob097,staphylococcus chromogenes,,,,,,,,,NA,NA,,,,,no,,yes,t,2,c,3,NA,NA,NA,cns,77000,,
2.14.2020,second,oughtabe,33,tiktoe,LF,cns,yes2,,,,,,,2,ob098,staphylococcus chromogenes,,,,,,,,,NA,NA,,,,,no,,yes,t,2,c,3,NA,NA,NA,cns,33000,,
2.14.2020,second,oughtabe,33,tiktoe,RF,cns,yes2,,,,,,,2,ob100,staphylococcus chromogenes,,,,,,,,,NA,NA,,,,,no,,yes,t,2,c,3,NA,NA,NA,cns,110000,,
2.14.2020,second,oughtabe,34,ginger,RH,cns,yes2,,,,,,,2,ob101,staphylococcus chromogenes,,,,,,,,,NA,NA,,,,,no,,yes,t,1,c,1,NA,NA,NA,cns,230000,,
2.14.2020,second,oughtabe,35,katie,LH,cns,yes2,,,,,,,2,ob102,staphylococcus chromogenes,,,,,,,,,NA,NA,,,,,no,,yes,t,1,c,1,NA,NA,NA,cns,190000,,
2.14.2020,second,oughtabe,36,applepie,LF,cns,yes2,,,,,,,2,ob104,staphylococcus  species,,,,,,,,,NA,NA,,,,,no,,yes,t,3,c,3,NA,NA,NA,cns,630000,,
2.14.2020,second,oughtabe,36,applepie,RH,cns,yes2,,,,,,,2,ob105,staphylococcus chromogenes,yes_from_strep_to_cns,,,,,,,,NA,NA,,,,,no,,yes,t,3,c,3,NA,NA,NA,cns,99000,,
2.14.2020,second,oughtabe,37,peacock,LH,cns,yes2,,,,,,,2,ob108,staphylococcus chromogenes,,,,,,,,,NA,NA,,,,,no,,yes,t,2,c,2,NA,NA,NA,cns,580000,,
2.14.2020,second,oughtabe,37,peacock,LF,cns,yes2,,,,,,,2,ob109,staphylococcus chromogenes,,,,,,,,,NA,NA,,,,,no,,yes,t,2,c,2,NA,NA,NA,cns,1400000,,
3.12.2020,third,oughtabe,1,rabbit,RF,cns,yes2,,,,,,,2,ob110,staphylococcus warneri,,,,,,,,,NA,NA,,,,,no,,yes,j,1,c,1,NA,NA,NA,cns,28000,,
3.12.2020,third,oughtabe,2,aloha,LH,cns,yes2,,,,,,,2,ob111,staphylococcus warneri,,,,,,,,,NA,NA,,,,,no,,yes,j,2,c,2,NA,NA,NA,cns,130000,,
3.12.2020,third,oughtabe,6,korny,LF,cns,yes2,,,,,,,2,ob115,staphylococcus chromogenes,,,,,,,,,NA,NA,,,,,no,,yes,j,4,c,4,NA,NA,NA,cns,28000,,
3.12.2020,third,oughtabe,6,korny,RH,cns,yes2,,,,,,,2,ob116,staphylococcus chromogenes,,,,,,,,,NA,NA,,,,,no,,yes,j,4,c,4,NA,NA,NA,cns,8000,,
3.12.2020,third,oughtabe,6,korny,RF,cns,yes2,,,,,,,2,ob117,staphylococcus chromogenes,,,,,,,,,NA,NA,,,,,no,,yes,j,4,c,4,NA,NA,NA,cns,13000,,
3.12.2020,third,oughtabe,7,grape,LF,cns,yes2,,,,,,,2,ob118,staphylococcus simulans,,,,,,,,,NA,NA,,,,,no,,yes,j,2,c,1,NA,NA,NA,cns,28000,,
3.12.2020,third,oughtabe,7,grape,RH,cns,yes2,,,,,,,2,ob119,staphylococcus  species,,,,,,,,,NA,NA,,,,,no,,yes,j,2,c,1,NA,NA,NA,cns,20000,,
3.12.2020,third,oughtabe,7,grape,RF,cns,yes2,,,,,,,2,ob120,staphylococcus simulans,,,,,,,,,NA,NA,,,,,no,,yes,j,2,c,1,NA,NA,NA,cns,71000,,
3.12.2020,third,oughtabe,9,ruger,RF,cns,yes2,,,,,,,2,ob124,staphylococcus chromogenes,,,,,,,,,NA,NA,,,,,no,,yes,j,4,c,3,NA,NA,NA,cns,3000,,
3.12.2020,third,oughtabe,10,goody,LH,cns,yes2,,,,,,,2,ob125,staphylococcus chromogenes,,,,,,,,,NA,NA,,,,,no,,yes,j,3,c,3,NA,NA,NA,cns,100000,,
3.12.2020,third,oughtabe,13,racer,LH,cns,yes2,,,,,,,2,ob129,staphylococcus haemolyticus,,,,,,,,,NA,NA,,,,,no,,yes,j,2,c,2,NA,NA,NA,cns,250000,,
3.12.2020,third,oughtabe,13,racer,RF,cns,yes2,,,,,,,2,ob130,staphylococcus chromogenes,,,,,,,,,NA,NA,,,,,no,,yes,j,2,c,2,NA,NA,NA,cns,40000,,
3.12.2020,third,oughtabe,14,peonie,RH,cns,yes2,,,,,,,2,ob131,,,,,,,,,,NA,NA,,,,,no,,yes,j,3,c,4,NA,NA,NA,cns,4000,,
3.12.2020,third,oughtabe,14,peonie,RF,cns,yes2,,,,,,,2,ob132,staphylococcus simulans,,,,,,,,,NA,NA,,,,,no,,yes,j,3,c,4,NA,NA,NA,cns,20000,,
3.12.2020,third,oughtabe,15,butterfly,RF,cns,yes2,,,,,,,2,ob133,staphylococcus warneri,,,,,,,,,NA,NA,,,,,no,,yes,j,2,c,3,NA,NA,NA,cns,50000,,
3.12.2020,third,oughtabe,16,kandykorn,LF,cns,yes2,,,,,,,2,ob134,staphylococcus chromogenes,,,,,,,,,NA,NA,,,,,no,,yes,j,1,c,1,NA,NA,NA,cns,29000,,
3.12.2020,third,oughtabe,17,kooper,LH,cns,yes2,,,,,,,2,ob135,staphylococcus chromogenes,,,,,,,,,NA,NA,,,,,,,yes,j,1,c,1,NA,NA,NA,cns,43000,,
3.12.2020,third,oughtabe,17,kooper,LF,cns,yes2,,,,,,,2,ob136,,,,,,,,,,NA,NA,,,,,,,yes,j,1,c,1,NA,NA,NA,cns,13000,,
3.12.2020,third,oughtabe,19,mschar,LH,cns,yes2,,,,,,,2,ob140,staphylococcus simulans,,,,,,,,,NA,NA,,,,,no,,yes,j,1,c,2,NA,NA,NA,cns,160000,,
3.12.2020,third,oughtabe,21,spice,LF,cns,yes2,,,,,,,2,ob145,,,,,,,,,,NA,NA,,,,,no,,yes,j,3,c,2,NA,NA,NA,cns,63000,,
3.12.2020,third,oughtabe,22,alf,RF,cns,yes2,,,,,,,2,ob148,,,,,,,,,,NA,NA,,,,,no,,yes,j,2,c,3,NA,NA,NA,cns,410000,,
3.12.2020,third,oughtabe,32,penny,LF,cns,yes1,,,,,,,1,ob159,,,,,,,,,,NA,NA,,,,,no,,yes,j,4,c,4,NA,NA,NA,cns,22000,,
3.12.2020,third,oughtabe,33,tiktoe,LH,cns,yes2,,,,,,,2,ob160,,,,,,,,,,NA,NA,,,,,no,,yes,j,3,c,4,NA,NA,NA,cns,19000,,
3.12.2020,third,oughtabe,33,tiktoe,LF,cns,yes2,,,,,,,2,ob161,,,,,,,,,,NA,NA,,,,,no,,yes,j,3,c,4,NA,NA,NA,cns,20000,,
3.12.2020,third,oughtabe,33,tiktoe,RF,cns,yes2,,,,,,,2,ob163,,,,,,,,,,NA,NA,,,,,no,,yes,j,3,c,4,NA,NA,NA,cns,12000,,
3.12.2020,third,oughtabe,35,katie,LH,cns,yes2,,,,,,,2,ob167,,,,,,,,,,NA,NA,,,,,,,yes,j,1,c,1,NA,NA,NA,cns,110000,,
