"","cow_id","first_date","first_visit","first_farm","first_hygiene_scorer_1","first_hygiene_1","first_hygiene_scorer_2","first_hygiene_2","second_date","second_visit","second_farm","second_hygiene_scorer_1","second_hygiene_1","second_hygiene_scorer_2","second_hygiene_2","third_date","third_visit","third_farm","third_hygiene_scorer_1","third_hygiene_1","third_hygiene_scorer_2","third_hygiene_2","fourth_date","fourth_visit","fourth_farm","fourth_hygiene_scorer_1","fourth_hygiene_1","fourth_hygiene_scorer_2","fourth_hygiene_2"
"1","1016.96_Choiniere",NA,NA,NA,NA,NA,NA,NA,"1.21.2020","second","Choiniere","j",2,"c",2,"2.17.2020","third","Choiniere","j",NA,NA,NA,"3.16.2020","fourth","Choiniere","j",2,"c",2
"2","11_Choiniere","12.11.2019","first","Choiniere","j",2,"c",3,NA,NA,NA,NA,NA,NA,NA,NA,NA,NA,NA,NA,NA,NA,NA,NA,NA,NA,NA,NA,NA
"3","114_Glennview","1.14.2020","first","Glennview","j",1,"c",2,"2.19.2020","second","Glennview","m",3,"c",2,"3.19.2020","third","Glennview","j",2,"c",2,NA,NA,NA,NA,NA,NA,NA
"4","12_Choiniere","12.11.2019","first","Choiniere","j",2,"c",3,"1.21.2020","second","Choiniere","j",2,"c",2,"2.17.2020","third","Choiniere","j",2,NA,NA,"3.16.2020","fourth","Choiniere","j",1,"c",2
"5","128_Glennview","1.14.2020","first","Glennview","j",3,"c",3,"2.19.2020","second","Glennview","m",2,"c",2,"3.19.2020","third","Glennview","j",2,"c",3,NA,NA,NA,NA,NA,NA,NA
"6","133_Glennview","1.14.2020","first","Glennview","j",4,"c",3,"2.19.2020","second","Glennview","m",4,"c",3,"3.19.2020","third","Glennview","j",4,"c",4,NA,NA,NA,NA,NA,NA,NA
"7","137_Glennview","1.14.2020","first","Glennview","j",3,"c",2,"2.19.2020","second","Glennview","m",2,"c",2,"3.19.2020","third","Glennview","j",2,"c",2,NA,NA,NA,NA,NA,NA,NA
"8","139_Glennview",NA,NA,NA,NA,NA,NA,NA,"2.19.2020","second","Glennview","m",3,"c",3,"3.19.2020","third","Glennview","j",2,"c",3,NA,NA,NA,NA,NA,NA,NA
"9","16_Choiniere","12.11.2019","first","Choiniere","j",2,"c",2,"1.21.2020","second","Choiniere","j",2,"c",2,"2.17.2020","third","Choiniere","j",3,NA,NA,"3.16.2020","fourth","Choiniere","j",3,"c",3
"10","160_Glennview","1.14.2020","first","Glennview","j",1,"c",1,"2.19.2020","second","Glennview","m",1,"c",2,NA,NA,NA,NA,NA,NA,NA,NA,NA,NA,NA,NA,NA,NA
"11","165_Glennview","1.14.2020","first","Glennview","j",1,"c",1,"2.19.2020","second","Glennview","m",3,"c",2,"3.19.2020","third","Glennview","j",3,"c",3,NA,NA,NA,NA,NA,NA,NA
"12","169_Glennview","1.14.2020","first","Glennview","j",2,"c",2,"2.19.2020","second","Glennview","m",3,"c",3,"3.19.2020","third","Glennview","j",3,"c",3,NA,NA,NA,NA,NA,NA,NA
"13","17_Choiniere","12.11.2019","first","Choiniere","j",2,"c",3,"1.21.2020","second","Choiniere","j",2,"c",2,"2.17.2020","third","Choiniere","j",4,NA,NA,"3.16.2020","fourth","Choiniere","j",1,"c",1
"14","172_Glennview","1.14.2020","first","Glennview","j",1,"c",2,"2.19.2020","second","Glennview","m",2,"c",2,"3.19.2020","third","Glennview","j",2,"c",2,NA,NA,NA,NA,NA,NA,NA
"15","173_Glennview","1.14.2020","first","Glennview","j",2,"c",1,"2.19.2020","second","Glennview","m",2,"c",2,"3.19.2020","third","Glennview","j",4,"c",4,NA,NA,NA,NA,NA,NA,NA
"16","174_Glennview","1.14.2020","first","Glennview","j",2,"c",2,"2.19.2020","second","Glennview","m",1,"c",1,"3.19.2020","third","Glennview","j",1,"c",2,NA,NA,NA,NA,NA,NA,NA
"17","175_Glennview","1.14.2020","first","Glennview","j",1,"c",2,"2.19.2020","second","Glennview","m",1,"c",2,"3.19.2020","third","Glennview","j",1,"c",2,NA,NA,NA,NA,NA,NA,NA
"18","185_Glennview","1.14.2020","first","Glennview","j",2,"c",2,"2.19.2020","second","Glennview","m",3,"c",3,"3.19.2020","third","Glennview","j",2,"c",2,NA,NA,NA,NA,NA,NA,NA
"19","188_Glennview","1.14.2020","first","Glennview","j",1,"c",1,"2.19.2020","second","Glennview","m",3,"c",4,"3.19.2020","third","Glennview","j",2,"c",2,NA,NA,NA,NA,NA,NA,NA
"20","19_Choiniere","12.11.2019","first","Choiniere","j",2,"c",3,"1.21.2020","second","Choiniere","j",1,"c",1,"2.17.2020","third","Choiniere","j",2,NA,NA,"3.16.2020","fourth","Choiniere","j",2,"c",2
"21","190_Glennview","1.14.2020","first","Glennview","j",2,"c",2,"2.19.2020","second","Glennview","m",2,"c",2,"3.19.2020","third","Glennview","j",3,"c",2,NA,NA,NA,NA,NA,NA,NA
"22","192_Glennview","1.14.2020","first","Glennview","j",2,"c",2,"2.19.2020","second","Glennview","m",2,"c",3,"3.19.2020","third","Glennview","j",2,"c",2,NA,NA,NA,NA,NA,NA,NA
"23","193_Glennview","1.14.2020","first","Glennview","j",4,"c",4,"2.19.2020","second","Glennview","m",3,"c",3,"3.19.2020","third","Glennview","j",4,"c",4,NA,NA,NA,NA,NA,NA,NA
"24","194_Glennview","1.14.2020","first","Glennview","j",1,"c",1,"2.19.2020","second","Glennview","m",2,"c",2,"3.19.2020","third","Glennview","j",2,"c",2,NA,NA,NA,NA,NA,NA,NA
"25","198_Glennview",NA,NA,NA,NA,NA,NA,NA,"2.19.2020","second","Glennview","m",1,"c",1,"3.19.2020","third","Glennview","j",2,"c",2,NA,NA,NA,NA,NA,NA,NA
"26","199_Glennview","1.14.2020","first","Glennview","j",3,"c",2,"2.19.2020","second","Glennview","m",1,"c",2,"3.19.2020","third","Glennview","j",3,"c",3,NA,NA,NA,NA,NA,NA,NA
"27","200_Glennview","1.14.2020","first","Glennview","j",1,"c",2,"2.19.2020","second","Glennview","m",3,"c",2,"3.19.2020","third","Glennview","j",2,"c",2,NA,NA,NA,NA,NA,NA,NA
"28","201_Glennview","1.14.2020","first","Glennview","j",2,"c",2,"2.19.2020","second","Glennview","m",2,"c",2,"3.19.2020","third","Glennview","j",3,"c",4,NA,NA,NA,NA,NA,NA,NA
"29","203_Glennview","1.14.2020","first","Glennview","j",3,"c",3,"2.19.2020","second","Glennview","m",2,"c",3,"3.19.2020","third","Glennview","j",1,"c",2,NA,NA,NA,NA,NA,NA,NA
"30","204_Glennview","1.14.2020","first","Glennview","j",2,"c",2,"2.19.2020","second","Glennview","m",2,"c",2,"3.19.2020","third","Glennview","j",3,"c",3,NA,NA,NA,NA,NA,NA,NA
"31","205_Glennview","1.14.2020","first","Glennview","j",3,"c",3,"2.19.2020","second","Glennview","m",3,"c",2,"3.19.2020","third","Glennview","j",2,"c",2,NA,NA,NA,NA,NA,NA,NA
"32","206_Glennview","1.14.2020","first","Glennview","j",1,"c",2,"2.19.2020","second","Glennview","m",1,"c",1,"3.19.2020","third","Glennview","j",2,"c",2,NA,NA,NA,NA,NA,NA,NA
"33","207_Glennview","1.14.2020","first","Glennview","j",1,"c",1,"2.19.2020","second","Glennview","m",2,"c",3,"3.19.2020","third","Glennview","j",2,"c",4,NA,NA,NA,NA,NA,NA,NA
"34","23_Choiniere","12.11.2019","first","Choiniere","j",2,"c",1,"1.21.2020","second","Choiniere","j",1,"c",1,"2.17.2020","third","Choiniere","j",2,NA,NA,"3.16.2020","fourth","Choiniere","j",2,"c",2
"35","26_Choiniere","12.11.2019","first","Choiniere","j",2,"c",2,"1.21.2020","second","Choiniere","j",3,"c",2,"2.17.2020","third","Choiniere","j",2,NA,NA,"3.16.2020","fourth","Choiniere","j",2,"c",3
"36","27_Choiniere","12.11.2019","first","Choiniere","j",2,"c",2,"1.21.2020","second","Choiniere","j",2,"c",2,"2.17.2020","third","Choiniere","j",1,NA,NA,"3.16.2020","fourth","Choiniere","j",1,"c",1
"37","27_Glennview","1.14.2020","first","Glennview","j",2,"c",2,"2.19.2020","second","Glennview","m",3,"c",2,"3.19.2020","third","Glennview","j",1,"c",3,NA,NA,NA,NA,NA,NA,NA
"38","28_Choiniere","12.11.2019","first","Choiniere","j",3,"c",2,"1.21.2020","second","Choiniere","j",2,"c",2,"2.17.2020","third","Choiniere","j",3,NA,NA,"3.16.2020","fourth","Choiniere","j",3,"c",3
"39","29_Swallowdale",NA,NA,NA,NA,NA,NA,NA,"1.22.2020","second","Swallowdale","j",1,NA,NA,"2.28.2020","third","Swallowdale",NA,NA,NA,NA,NA,NA,NA,NA,NA,NA,NA
"40","3_Choiniere","12.11.2019","first","Choiniere","j",3,"c",3,"1.21.2020","second","Choiniere","j",2,"c",2,"2.17.2020","third","Choiniere","j",3,NA,NA,"3.16.2020","fourth","Choiniere","j",2,"c",2
"41","30_Choiniere","12.11.2019","first","Choiniere","j",2,"c",2,"1.21.2020","second","Choiniere","j",3,"c",3,"2.17.2020","third","Choiniere","j",3,NA,NA,NA,NA,NA,NA,NA,NA,NA
"42","32_Choiniere","12.11.2019","first","Choiniere","j",3,"c",4,"1.21.2020","second","Choiniere","j",1,"c",1,"2.17.2020","third","Choiniere","j",3,NA,NA,"3.16.2020","fourth","Choiniere","j",2,"c",2
"43","34_Choiniere",NA,NA,NA,NA,NA,NA,NA,"1.21.2020","second","Choiniere","j",NA,"c",3,"2.17.2020","third","Choiniere","j",4,NA,NA,"3.16.2020","fourth","Choiniere","j",2,"c",2
"44","35_Choiniere",NA,NA,NA,NA,NA,NA,NA,"1.21.2020","second","Choiniere","j",NA,"c",NA,"2.17.2020","third","Choiniere","j",1,NA,NA,"3.16.2020","fourth","Choiniere","j",1,"c",2
"45","38_Choiniere","12.11.2019","first","Choiniere","j",3,"c",2,"1.21.2020","second","Choiniere","j",4,"c",3,"2.17.2020","third","Choiniere","j",4,NA,NA,"3.16.2020","fourth","Choiniere","j",2,"c",2
"46","4_Choiniere","12.11.2019","first","Choiniere","j",3,"c",3,"1.21.2020","second","Choiniere","j",2,"c",3,"2.17.2020","third","Choiniere","j",3,NA,NA,"3.16.2020","fourth","Choiniere","j",2,"c",3
"47","40_Choiniere","12.11.2019","first","Choiniere","j",2,"c",3,"1.21.2020","second","Choiniere","j",3,"c",3,"2.17.2020","third","Choiniere","j",4,NA,NA,"3.16.2020","fourth","Choiniere","j",1,"c",3
"48","41_Choiniere","12.11.2019","first","Choiniere","j",1,"c",2,"1.21.2020","second","Choiniere","j",1,"c",1,"2.17.2020","third","Choiniere","j",1,NA,NA,"3.16.2020","fourth","Choiniere","j",1,"c",2
"49","42_Glennview","1.14.2020","first","Glennview","j",1,"c",1,"2.19.2020","second","Glennview","m",1,"c",1,"3.19.2020","third","Glennview","j",1,"c",2,NA,NA,NA,NA,NA,NA,NA
"50","43_Glennview","1.14.2020","first","Glennview","j",2,"c",2,"2.19.2020","second","Glennview","m",3,"c",2,"3.19.2020","third","Glennview","j",3,"c",4,NA,NA,NA,NA,NA,NA,NA
"51","44_Choiniere","12.11.2019","first","Choiniere","j",2,"c",3,NA,NA,NA,NA,NA,NA,NA,NA,NA,NA,NA,NA,NA,NA,NA,NA,NA,NA,NA,NA,NA
"52","456_Glennview","1.14.2020","first","Glennview","j",3,"c",2,NA,NA,NA,NA,NA,NA,NA,NA,NA,NA,NA,NA,NA,NA,NA,NA,NA,NA,NA,NA,NA
"53","48_Choiniere","12.11.2019","first","Choiniere","j",2,"c",2,"1.21.2020","second","Choiniere","j",1,"c",2,"2.17.2020","third","Choiniere","j",2,NA,NA,"3.16.2020","fourth","Choiniere","j",1,"c",1
"54","49_Choiniere","12.11.2019","first","Choiniere","j",4,"c",4,"1.21.2020","second","Choiniere","j",2,"c",3,"2.17.2020","third","Choiniere","j",2,NA,NA,"3.16.2020","fourth","Choiniere","j",2,"c",2
"55","52_Choiniere",NA,NA,NA,NA,NA,NA,NA,"1.21.2020","second","Choiniere","j",2,"c",2,"2.17.2020","third","Choiniere","j",2,NA,NA,"3.16.2020","fourth","Choiniere","j",1,"c",1
"56","54_Choiniere",NA,NA,NA,NA,NA,NA,NA,"1.21.2020","second","Choiniere","j",NA,"c",1,"2.17.2020","third","Choiniere","j",2,NA,NA,"3.16.2020","fourth","Choiniere","j",1,"c",1
"57","54_Glennview","1.14.2020","first","Glennview","j",2,"c",2,"2.19.2020","second","Glennview","m",2,"c",2,"3.19.2020","third","Glennview","j",1,"c",4,NA,NA,NA,NA,NA,NA,NA
"58","56_Choiniere","12.11.2019","first","Choiniere","j",2,"c",3,"1.21.2020","second","Choiniere","j",1,"c",2,"2.17.2020","third","Choiniere","j",2,NA,NA,"3.16.2020","fourth","Choiniere","j",2,"c",2
"59","57_Choiniere","12.11.2019","first","Choiniere","j",1,"c",1,"1.21.2020","second","Choiniere","j",2,"c",2,"2.17.2020","third","Choiniere","j",4,NA,NA,"3.16.2020","fourth","Choiniere","j",1,"c",1
"60","585_BJ","12.17.2019","first","BJ","j",1,"c",1,"1.29.2020","second","BJ","j",1,"c",1,"2.26.2020","third","BJ","m",1,"c",1,NA,NA,NA,NA,NA,NA,NA
"61","616_BJ",NA,NA,NA,NA,NA,NA,NA,"1.29.2020","second","BJ","j",2,"c",1,"2.26.2020","third","BJ","m",2,"c",3,NA,NA,NA,NA,NA,NA,NA
"62","62_Choiniere","12.11.2019","first","Choiniere","j",NA,"c",NA,NA,NA,NA,NA,NA,NA,NA,NA,NA,NA,NA,NA,NA,NA,NA,NA,NA,NA,NA,NA,NA
"63","65_Choiniere",NA,NA,NA,NA,NA,NA,NA,NA,NA,NA,NA,NA,NA,NA,NA,NA,NA,NA,NA,NA,NA,"3.16.2020","fourth","Choiniere","j",1,"c",2
"64","656_BJ","12.17.2019","first","BJ","j",3,"c",3,"1.29.2020","second","BJ","j",1,"c",2,"2.26.2020","third","BJ","m",3,"c",3,NA,NA,NA,NA,NA,NA,NA
"65","66_Choiniere","12.11.2019","first","Choiniere","j",1,"c",1,"1.21.2020","second","Choiniere","j",2,"c",1,"2.17.2020","third","Choiniere","j",1,NA,NA,"3.16.2020","fourth","Choiniere","j",1,"c",1
"66","664_BJ","12.17.2019","first","BJ","j",3,"c",4,"1.29.2020","second","BJ","j",2,"c",3,"2.26.2020","third","BJ","m",4,"c",4,NA,NA,NA,NA,NA,NA,NA
"67","666_BJ","12.17.2019","first","BJ","j",2,"c",2,NA,NA,NA,NA,NA,NA,NA,NA,NA,NA,NA,NA,NA,NA,NA,NA,NA,NA,NA,NA,NA
"68","670_BJ","12.17.2019","first","BJ","j",1,"c",1,"1.29.2020","second","BJ","j",1,"c",1,"2.26.2020","third","BJ","m",1,"c",1,NA,NA,NA,NA,NA,NA,NA
"69","675_BJ","12.17.2019","first","BJ","j",1,"c",1,"1.29.2020","second","BJ","j",1,"c",1,"2.26.2020","third","BJ","m",1,"c",1,NA,NA,NA,NA,NA,NA,NA
"70","685_BJ","12.17.2019","first","BJ","j",2,"c",2,"1.29.2020","second","BJ","j",3,"c",3,"2.26.2020","third","BJ","m",1,"c",1,NA,NA,NA,NA,NA,NA,NA
"71","69_Choiniere","12.11.2019","first","Choiniere","j",2,"c",2,"1.21.2020","second","Choiniere","j",2,"c",3,"2.17.2020","third","Choiniere","j",3,NA,NA,"3.16.2020","fourth","Choiniere","j",2,"c",2
"72","693_BJ","12.17.2019","first","BJ","j",4,"c",4,"1.29.2020","second","BJ","j",4,"c",4,"2.26.2020","third","BJ","m",3,"c",3,NA,NA,NA,NA,NA,NA,NA
"73","697_BJ","12.17.2019","first","BJ","j",4,"c",4,"1.29.2020","second","BJ","j",2,"c",2,NA,NA,NA,NA,NA,NA,NA,NA,NA,NA,NA,NA,NA,NA
"74","7_Choiniere","12.11.2019","first","Choiniere","j",3,"c",2,"1.21.2020","second","Choiniere","j",3,"c",2,"2.17.2020","third","Choiniere","j",2,NA,NA,"3.16.2020","fourth","Choiniere","j",1,"c",2
"75","70_Glennview","1.14.2020","first","Glennview","j",2,"c",3,"2.19.2020","second","Glennview","m",2,"c",2,"3.19.2020","third","Glennview","j",3,"c",3,NA,NA,NA,NA,NA,NA,NA
"76","701_BJ","12.17.2019","first","BJ","j",2,"c",2,"1.29.2020","second","BJ","j",2,"c",2,"2.26.2020","third","BJ","m",3,"c",4,NA,NA,NA,NA,NA,NA,NA
"77","708_BJ","12.17.2019","first","BJ","j",4,"c",4,"1.29.2020","second","BJ","j",4,"c",4,"2.26.2020","third","BJ","m",4,"c",4,NA,NA,NA,NA,NA,NA,NA
"78","713_BJ","12.17.2019","first","BJ","j",1,"c",2,"1.29.2020","second","BJ","j",1,"c",1,"2.26.2020","third","BJ","m",1,"c",1,NA,NA,NA,NA,NA,NA,NA
"79","716_BJ","12.17.2019","first","BJ","j",4,"c",3,"1.29.2020","second","BJ","j",2,"c",1,"2.26.2020","third","BJ","m",1,"c",2,NA,NA,NA,NA,NA,NA,NA
"80","719_BJ","12.17.2019","first","BJ","j",2,"c",3,"1.29.2020","second","BJ","j",4,"c",3,"2.26.2020","third","BJ","m",1,"c",1,NA,NA,NA,NA,NA,NA,NA
"81","720_BJ","12.17.2019","first","BJ","j",3,"c",2,"1.29.2020","second","BJ","j",1,"c",1,"2.26.2020","third","BJ","m",2,"c",2,NA,NA,NA,NA,NA,NA,NA
"82","722_BJ","12.17.2019","first","BJ","j",3,"c",3,"1.29.2020","second","BJ","j",2,"c",3,"2.26.2020","third","BJ","m",2,"c",2,NA,NA,NA,NA,NA,NA,NA
"83","727_BJ","12.17.2019","first","BJ","j",2,"c",3,"1.29.2020","second","BJ","j",1,"c",1,"2.26.2020","third","BJ","m",2,"c",2,NA,NA,NA,NA,NA,NA,NA
"84","730_BJ","12.17.2019","first","BJ","j",4,"c",4,NA,NA,NA,NA,NA,NA,NA,NA,NA,NA,NA,NA,NA,NA,NA,NA,NA,NA,NA,NA,NA
"85","731_BJ","12.17.2019","first","BJ","j",3,"c",3,"1.29.2020","second","BJ","j",3,"c",2,"2.26.2020","third","BJ","m",4,"c",4,NA,NA,NA,NA,NA,NA,NA
"86","733_BJ","12.17.2019","first","BJ","j",1,"c",2,"1.29.2020","second","BJ","j",2,"c",2,"2.26.2020","third","BJ","m",1,"c",1,NA,NA,NA,NA,NA,NA,NA
"87","738_BJ","12.17.2019","first","BJ","j",2,"c",3,"1.29.2020","second","BJ","j",4,"c",3,"2.26.2020","third","BJ","m",4,"c",4,NA,NA,NA,NA,NA,NA,NA
"88","739_BJ","12.17.2019","first","BJ","j",2,"c",3,"1.29.2020","second","BJ","j",3,"c",3,"2.26.2020","third","BJ","m",4,"c",4,NA,NA,NA,NA,NA,NA,NA
"89","74_Choiniere","12.11.2019","first","Choiniere","j",2,"c",3,"1.21.2020","second","Choiniere","j",2,"c",2,"2.17.2020","third","Choiniere","j",3,NA,NA,"3.16.2020","fourth","Choiniere","j",3,"c",2
"90","741_BJ","12.17.2019","first","BJ","j",2,"c",2,"1.29.2020","second","BJ","j",3,"c",4,"2.26.2020","third","BJ","m",3,"c",3,NA,NA,NA,NA,NA,NA,NA
"91","741_Choiniere","12.11.2019","first","Choiniere","j",2,"c",4,"1.21.2020","second","Choiniere","j",2,"c",3,"2.17.2020","third","Choiniere","j",NA,NA,NA,"3.16.2020","fourth","Choiniere","j",NA,"c",4
"92","743_BJ","12.17.2019","first","BJ","j",2,"c",3,"1.29.2020","second","BJ","j",4,"c",3,"2.26.2020","third","BJ","m",3,"c",4,NA,NA,NA,NA,NA,NA,NA
"93","744_BJ","12.17.2019","first","BJ","j",2,"c",3,"1.29.2020","second","BJ","j",3,"c",3,"2.26.2020","third","BJ","m",3,"c",3,NA,NA,NA,NA,NA,NA,NA
"94","745_BJ","12.17.2019","first","BJ","j",3,"c",3,"1.29.2020","second","BJ","j",2,"c",2,"2.26.2020","third","BJ","m",2,"c",1,NA,NA,NA,NA,NA,NA,NA
"95","748_BJ","12.17.2019","first","BJ","j",1,"c",2,NA,NA,NA,NA,NA,NA,NA,NA,NA,NA,NA,NA,NA,NA,NA,NA,NA,NA,NA,NA,NA
"96","749_BJ","12.17.2019","first","BJ","j",3,"c",3,"1.29.2020","second","BJ","j",2,"c",2,"2.26.2020","third","BJ","m",2,"c",2,NA,NA,NA,NA,NA,NA,NA
"97","753_BJ","12.17.2019","first","BJ","j",4,"c",4,"1.29.2020","second","BJ","j",3,"c",3,"2.26.2020","third","BJ","m",4,"c",4,NA,NA,NA,NA,NA,NA,NA
"98","754_BJ","12.17.2019","first","BJ","j",4,"c",4,"1.29.2020","second","BJ","j",1,"c",1,"2.26.2020","third","BJ","m",2,"c",3,NA,NA,NA,NA,NA,NA,NA
"99","755_BJ","12.17.2019","first","BJ","j",3,"c",3,"1.29.2020","second","BJ","j",2,"c",2,"2.26.2020","third","BJ","m",2,"c",2,NA,NA,NA,NA,NA,NA,NA
"100","757_BJ","12.17.2019","first","BJ","j",2,"c",2,"1.29.2020","second","BJ","j",2,"c",2,"2.26.2020","third","BJ","m",1,"c",1,NA,NA,NA,NA,NA,NA,NA
"101","758_BJ",NA,NA,NA,NA,NA,NA,NA,"1.29.2020","second","BJ","j",2,"c",2,"2.26.2020","third","BJ","m",3,"c",4,NA,NA,NA,NA,NA,NA,NA
"102","761_BJ","12.17.2019","first","BJ","j",3,"c",3,"1.29.2020","second","BJ","j",3,"c",3,"2.26.2020","third","BJ","m",4,"c",4,NA,NA,NA,NA,NA,NA,NA
"103","763_BJ","12.17.2019","first","BJ","j",1,"c",2,"1.29.2020","second","BJ","j",2,"c",2,"2.26.2020","third","BJ","m",3,"c",3,NA,NA,NA,NA,NA,NA,NA
"104","765_BJ",NA,NA,NA,NA,NA,NA,NA,NA,NA,NA,NA,NA,NA,NA,"2.26.2020","third","BJ","m",2,"c",NA,NA,NA,NA,NA,NA,NA,NA
"105","79_Glennview","1.14.2020","first","Glennview","j",2,"c",3,"2.19.2020","second","Glennview","m",2,"c",2,"3.19.2020","third","Glennview","j",3,"c",4,NA,NA,NA,NA,NA,NA,NA
"106","8_Choiniere","12.11.2019","first","Choiniere","j",3,"c",4,"1.21.2020","second","Choiniere","j",1,"c",2,"2.17.2020","third","Choiniere","j",1,NA,NA,"3.16.2020","fourth","Choiniere","j",1,"c",1
"107","80_Glennview","1.14.2020","first","Glennview","j",2,"c",2,"2.19.2020","second","Glennview","m",2,"c",2,"3.19.2020","third","Glennview","j",1,"c",2,NA,NA,NA,NA,NA,NA,NA
"108","84_Glennview","1.14.2020","first","Glennview","j",4,"c",3,"2.19.2020","second","Glennview","m",2,"c",2,"3.19.2020","third","Glennview","j",1,"c",2,NA,NA,NA,NA,NA,NA,NA
"109","86_Choiniere","12.11.2019","first","Choiniere","j",2,"c",2,"1.21.2020","second","Choiniere","j",1,"c",1,"2.17.2020","third","Choiniere","j",2,NA,NA,"3.16.2020","fourth","Choiniere","j",2,"c",2
"110","869_Choiniere","12.11.2019","first","Choiniere","j",1,"c",2,NA,NA,NA,NA,NA,NA,NA,NA,NA,NA,NA,NA,NA,NA,NA,NA,NA,NA,NA,NA,NA
"111","87_Choiniere",NA,NA,NA,NA,NA,NA,NA,NA,NA,NA,NA,NA,NA,NA,NA,NA,NA,NA,NA,NA,NA,"3.16.2020","fourth","Choiniere","j",2,"c",2
"112","89_Choiniere","12.11.2019","first","Choiniere","j",2,"c",3,"1.21.2020","second","Choiniere","j",1,"c",2,"2.17.2020","third","Choiniere","j",2,NA,NA,"3.16.2020","fourth","Choiniere","j",2,"c",2
"113","9_Choiniere","12.11.2019","first","Choiniere","j",2,"c",3,"1.21.2020","second","Choiniere","j",2,"c",2,"2.17.2020","third","Choiniere","j",2,NA,NA,"3.16.2020","fourth","Choiniere","j",2,"c",2
"114","93_Choiniere","12.11.2019","first","Choiniere","j",4,"c",4,"1.21.2020","second","Choiniere","j",2,"c",2,"2.17.2020","third","Choiniere","j",2,NA,NA,"3.16.2020","fourth","Choiniere","j",2,"c",2
"115","93_Glennview","1.14.2020","first","Glennview","j",2,"c",3,"2.19.2020","second","Glennview","m",2,"c",3,"3.19.2020","third","Glennview","j",1,"c",2,NA,NA,NA,NA,NA,NA,NA
"116","97_Choiniere","12.11.2019","first","Choiniere","j",3,"c",3,"1.21.2020","second","Choiniere","j",3,"c",4,"2.17.2020","third","Choiniere","j",4,NA,NA,"3.16.2020","fourth","Choiniere","j",2,"c",1
"117","abbazaba_StonyPond","12.12.2019","first","StonyPond","j",1,NA,NA,"1.10.2020","second","StonyPond","j",2,NA,NA,NA,NA,NA,NA,NA,NA,NA,NA,NA,NA,NA,NA,NA,NA
"118","abbi_StonyPond","12.12.2019","first","StonyPond","j",3,NA,NA,"1.10.2020","second","StonyPond","j",2,NA,NA,NA,NA,NA,NA,NA,NA,NA,NA,NA,NA,NA,NA,NA,NA
"119","abigail_vonTrapp","1.6.2020","first","vonTrapp","j",2,"c",2,"2.12.2020","second","vonTrapp","j",1,"c",2,"3.10.2020","third","vonTrapp","j",1,"c",1,NA,NA,NA,NA,NA,NA,NA
"120","alaska_StonyPond","12.12.2019","first","StonyPond","j",3,NA,NA,"1.10.2020","second","StonyPond","j",1,NA,NA,NA,NA,NA,NA,NA,NA,NA,NA,NA,NA,NA,NA,NA,NA
"121","alexis_StonyPond","12.12.2019","first","StonyPond","j",3,NA,NA,"1.10.2020","second","StonyPond","j",3,NA,NA,NA,NA,NA,NA,NA,NA,NA,NA,NA,NA,NA,NA,NA,NA
"122","alf_OughtaBe","1.3.2020","first","OughtaBe","j",1,"c",2,"2.14.2020","second","OughtaBe","t",1,"c",1,"3.12.2020","third","OughtaBe","j",2,"c",3,NA,NA,NA,NA,NA,NA,NA
"123","alice_vonTrapp","1.6.2020","first","vonTrapp","j",2,"c",3,"2.12.2020","second","vonTrapp","j",2,"c",3,"3.10.2020","third","vonTrapp","j",3,"c",4,NA,NA,NA,NA,NA,NA,NA
"124","alma_vonTrapp","1.6.2020","first","vonTrapp","j",2,"c",2,"2.12.2020","second","vonTrapp","j",1,"c",2,"3.10.2020","third","vonTrapp","j",1,"c",1,NA,NA,NA,NA,NA,NA,NA
"125","aloha_OughtaBe","1.3.2020","first","OughtaBe","j",2,"c",2,"2.14.2020","second","OughtaBe","t",2,"c",2,"3.12.2020","third","OughtaBe","j",2,"c",2,NA,NA,NA,NA,NA,NA,NA
"126","amarillo_Lynd","12.19.2019","first","Lynd",NA,NA,NA,NA,"1.30.2020","second","Lynd",NA,NA,NA,NA,"3.5.2020","third","Lynd",NA,NA,NA,NA,NA,NA,NA,NA,NA,NA,NA
"127","amber_Swallowdale","12.13.2019","first","Swallowdale",NA,NA,NA,NA,"1.22.2020","second","Swallowdale","j",2,NA,NA,"2.28.2020","third","Swallowdale",NA,NA,NA,NA,NA,NA,NA,NA,NA,NA,NA
"128","ambrosia_Lynd","12.19.2019","first","Lynd",NA,NA,NA,NA,"1.30.2020","second","Lynd",NA,NA,NA,NA,"3.5.2020","third","Lynd",NA,NA,NA,NA,NA,NA,NA,NA,NA,NA,NA
"129","annabelle27_Paddlebridge","1.17.2020","first","Paddlebridge","j",1,"c",2,"2.21.2020","second","Paddlebridge","m",4,"c",4,"3.20.2020","third","Paddlebridge","j",2,"c",2,NA,NA,NA,NA,NA,NA,NA
"130","annabeth2_Paddlebridge","1.17.2020","first","Paddlebridge","j",1,"c",1,"2.21.2020","second","Paddlebridge","m",2,"c",2,"3.20.2020","third","Paddlebridge","j",2,"c",2,NA,NA,NA,NA,NA,NA,NA
"131","applecore_Butterworks","1.2.2020","first","Butterworks","j",1,"c",1,"2.4.2020","second","Butterworks","t",2,"c",1,"3.3.2020","third","Butterworks","n",3,"c",2,NA,NA,NA,NA,NA,NA,NA
"132","applepie_OughtaBe","1.3.2020","first","OughtaBe","j",4,"c",4,"2.14.2020","second","OughtaBe","t",3,"c",3,NA,NA,NA,NA,NA,NA,NA,NA,NA,NA,NA,NA,NA,NA
"133","ardetta_vonTrapp","1.6.2020","first","vonTrapp","j",2,"c",2,"2.12.2020","second","vonTrapp","j",2,"c",3,"3.10.2020","third","vonTrapp","j",4,"c",4,NA,NA,NA,NA,NA,NA,NA
"134","ashley_StonyPond","12.12.2019","first","StonyPond","j",4,NA,NA,"1.10.2020","second","StonyPond","j",3,NA,NA,NA,NA,NA,NA,NA,NA,NA,NA,NA,NA,NA,NA,NA,NA
"135","atlantic_Lynd","12.19.2019","first","Lynd",NA,NA,NA,NA,"1.30.2020","second","Lynd",NA,NA,NA,NA,"3.5.2020","third","Lynd",NA,NA,NA,NA,NA,NA,NA,NA,NA,NA,NA
"136","aubrey_StonyPond","12.12.2019","first","StonyPond","j",2,NA,NA,"1.10.2020","second","StonyPond","j",2,NA,NA,NA,NA,NA,NA,NA,NA,NA,NA,NA,NA,NA,NA,NA,NA
"137","aurora_Butterworks",NA,NA,NA,NA,NA,NA,NA,"2.4.2020","second","Butterworks","t",1,"c",1,"3.3.2020","third","Butterworks","n",2,"c",1,NA,NA,NA,NA,NA,NA,NA
"138","avocado_Butterworks","1.2.2020","first","Butterworks","j",1,"c",1,"2.4.2020","second","Butterworks","t",2,"c",2,"3.3.2020","third","Butterworks","n",3,"c",3,NA,NA,NA,NA,NA,NA,NA
"139","bella_OughtaBe","1.3.2020","first","OughtaBe","j",2,"c",2,"2.14.2020","second","OughtaBe","t",2,"c",1,NA,NA,NA,NA,NA,NA,NA,NA,NA,NA,NA,NA,NA,NA
"140","bigred_StonyPond","12.12.2019","first","StonyPond","j",2,NA,NA,"1.10.2020","second","StonyPond","j",2,NA,NA,NA,NA,NA,NA,NA,NA,NA,NA,NA,NA,NA,NA,NA,NA
"141","blackberry_Butterworks","1.2.2020","first","Butterworks","j",1,"c",1,"2.4.2020","second","Butterworks","t",2,"c",1,"3.3.2020","third","Butterworks","n",4,"c",4,NA,NA,NA,NA,NA,NA,NA
"142","bon_Butterworks","1.2.2020","first","Butterworks","j",2,"c",2,"2.4.2020","second","Butterworks","t",2,"c",1,"3.3.2020","third","Butterworks","n",3,"c",1,NA,NA,NA,NA,NA,NA,NA
"143","bonnie_vonTrapp","1.6.2020","first","vonTrapp","j",2,"c",3,"2.12.2020","second","vonTrapp","j",1,"c",1,NA,NA,NA,NA,NA,NA,NA,NA,NA,NA,NA,NA,NA,NA
"144","brandy_StonyPond","12.12.2019","first","StonyPond","j",1,NA,NA,"1.10.2020","second","StonyPond","j",2,NA,NA,NA,NA,NA,NA,NA,NA,NA,NA,NA,NA,NA,NA,NA,NA
"145","bullet_OughtaBe","1.3.2020","first","OughtaBe","j",1,"c",1,"2.14.2020","second","OughtaBe","t",1,"c",1,"3.12.2020","third","OughtaBe","j",1,"c",1,NA,NA,NA,NA,NA,NA,NA
"146","butter_OughtaBe","1.3.2020","first","OughtaBe","j",2,"c",2,"2.14.2020","second","OughtaBe","t",3,"c",4,"3.12.2020","third","OughtaBe","j",2,"c",3,NA,NA,NA,NA,NA,NA,NA
"147","butterfly_OughtaBe","1.3.2020","first","OughtaBe","j",1,"c",2,"2.14.2020","second","OughtaBe","t",2,"c",2,"3.12.2020","third","OughtaBe","j",2,"c",3,NA,NA,NA,NA,NA,NA,NA
"148","cambric_Swallowdale","12.13.2019","first","Swallowdale",NA,NA,NA,NA,"1.22.2020","second","Swallowdale","j",1,NA,NA,"2.28.2020","third","Swallowdale",NA,NA,NA,NA,NA,NA,NA,NA,NA,NA,NA
"149","casbah_Swallowdale",NA,NA,NA,NA,NA,NA,NA,"1.22.2020","second","Swallowdale","j",1,NA,NA,"2.28.2020","third","Swallowdale",NA,NA,NA,NA,NA,NA,NA,NA,NA,NA,NA
"150","cassia_Swallowdale","12.13.2019","first","Swallowdale",NA,NA,NA,NA,"1.22.2020","second","Swallowdale","j",NA,NA,NA,"2.28.2020","third","Swallowdale",NA,NA,NA,NA,NA,NA,NA,NA,NA,NA,NA
"151","cb3_BJ",NA,NA,NA,NA,NA,NA,NA,"1.29.2020","second","BJ","j",3,"c",2,"2.26.2020","third","BJ","m",3,"c",2,NA,NA,NA,NA,NA,NA,NA
"152","cb5_BJ","12.17.2019","first","BJ","j",4,"c",4,"1.29.2020","second","BJ","j",3,"c",3,"2.26.2020","third","BJ","m",2,"c",2,NA,NA,NA,NA,NA,NA,NA
"153","chaloopa_Lynd","12.19.2019","first","Lynd",NA,NA,NA,NA,"1.30.2020","second","Lynd",NA,NA,NA,NA,"3.5.2020","third","Lynd",NA,NA,NA,NA,NA,NA,NA,NA,NA,NA,NA
"154","champne25_Paddlebridge","1.17.2020","first","Paddlebridge","j",1,"c",2,"2.21.2020","second","Paddlebridge","m",2,"c",2,"3.20.2020","third","Paddlebridge","j",2,"c",1,NA,NA,NA,NA,NA,NA,NA
"155","chapstick1_Paddlebridge","1.17.2020","first","Paddlebridge","j",1,"c",1,"2.21.2020","second","Paddlebridge","m",1,"c",1,"3.20.2020","third","Paddlebridge","j",1,"c",1,NA,NA,NA,NA,NA,NA,NA
"156","charlie_StonyPond",NA,NA,NA,NA,NA,NA,NA,"1.10.2020","second","StonyPond","j",2,NA,NA,NA,NA,NA,NA,NA,NA,NA,NA,NA,NA,NA,NA,NA,NA
"157","charlotte_StonyPond","12.12.2019","first","StonyPond","j",1,NA,NA,NA,NA,NA,NA,NA,NA,NA,NA,NA,NA,NA,NA,NA,NA,NA,NA,NA,NA,NA,NA,NA
"158","chartreuse_Lynd","12.19.2019","first","Lynd",NA,NA,NA,NA,"1.30.2020","second","Lynd",NA,NA,NA,NA,NA,NA,NA,NA,NA,NA,NA,NA,NA,NA,NA,NA,NA,NA
"159","cheese_Lynd","12.19.2019","first","Lynd",NA,NA,NA,NA,"1.30.2020","second","Lynd",NA,NA,NA,NA,"3.5.2020","third","Lynd",NA,NA,NA,NA,NA,NA,NA,NA,NA,NA,NA
"160","chelsea_StonyPond","12.12.2019","first","StonyPond","j",2,NA,NA,"1.10.2020","second","StonyPond","j",2,NA,NA,NA,NA,NA,NA,NA,NA,NA,NA,NA,NA,NA,NA,NA,NA
"161","chipotle_Butterworks","1.2.2020","first","Butterworks","j",2,"c",2,"2.4.2020","second","Butterworks","t",2,"c",1,NA,NA,NA,NA,NA,NA,NA,NA,NA,NA,NA,NA,NA,NA
"162","chive_Lynd","12.19.2019","first","Lynd",NA,NA,NA,NA,"1.30.2020","second","Lynd",NA,NA,NA,NA,"3.5.2020","third","Lynd",NA,NA,NA,NA,NA,NA,NA,NA,NA,NA,NA
"163","clara_vonTrapp","1.6.2020","first","vonTrapp","j",2,"c",1,"2.12.2020","second","vonTrapp","j",1,"c",1,"3.10.2020","third","vonTrapp","j",1,"c",1,NA,NA,NA,NA,NA,NA,NA
"164","crescent_Butterworks","1.2.2020","first","Butterworks","j",2,"c",2,NA,NA,NA,NA,NA,NA,NA,NA,NA,NA,NA,NA,NA,NA,NA,NA,NA,NA,NA,NA,NA
"165","daisy_StonyPond","12.12.2019","first","StonyPond","j",1,NA,NA,"1.10.2020","second","StonyPond","j",1,NA,NA,NA,NA,NA,NA,NA,NA,NA,NA,NA,NA,NA,NA,NA,NA
"166","darla_Lynd","12.19.2019","first","Lynd",NA,NA,NA,NA,"1.30.2020","second","Lynd",NA,NA,NA,NA,"3.5.2020","third","Lynd",NA,NA,NA,NA,NA,NA,NA,NA,NA,NA,NA
"167","daryl_StonyPond","12.12.2019","first","StonyPond","j",2,NA,NA,"1.10.2020","second","StonyPond","j",1,NA,NA,NA,NA,NA,NA,NA,NA,NA,NA,NA,NA,NA,NA,NA,NA
"168","debutant_Swallowdale","12.13.2019","first","Swallowdale",NA,NA,NA,NA,"1.22.2020","second","Swallowdale","j",1,NA,NA,"2.28.2020","third","Swallowdale",NA,NA,NA,NA,NA,NA,NA,NA,NA,NA,NA
"169","deedee_Swallowdale","12.13.2019","first","Swallowdale",NA,NA,NA,NA,"1.22.2020","second","Swallowdale","j",1,NA,NA,"2.28.2020","third","Swallowdale",NA,NA,NA,NA,NA,NA,NA,NA,NA,NA,NA
"170","delilah_StonyPond","12.12.2019","first","StonyPond","j",2,NA,NA,"1.10.2020","second","StonyPond","j",4,NA,NA,NA,NA,NA,NA,NA,NA,NA,NA,NA,NA,NA,NA,NA,NA
"171","denise_Swallowdale","12.13.2019","first","Swallowdale",NA,NA,NA,NA,"1.22.2020","second","Swallowdale","j",1,NA,NA,"2.28.2020","third","Swallowdale",NA,NA,NA,NA,NA,NA,NA,NA,NA,NA,NA
"172","denver_Swallowdale","12.13.2019","first","Swallowdale",NA,NA,NA,NA,"1.22.2020","second","Swallowdale","j",1,NA,NA,"2.28.2020","third","Swallowdale",NA,NA,NA,NA,NA,NA,NA,NA,NA,NA,NA
"173","diamond_Lynd","12.19.2019","first","Lynd",NA,NA,NA,NA,NA,NA,NA,NA,NA,NA,NA,NA,NA,NA,NA,NA,NA,NA,NA,NA,NA,NA,NA,NA,NA
"174","diane_Swallowdale","12.13.2019","first","Swallowdale",NA,NA,NA,NA,"1.22.2020","second","Swallowdale","j",2,NA,NA,"2.28.2020","third","Swallowdale",NA,NA,NA,NA,NA,NA,NA,NA,NA,NA,NA
"175","dorian_Swallowdale","12.13.2019","first","Swallowdale",NA,NA,NA,NA,"1.22.2020","second","Swallowdale","j",2,NA,NA,"2.28.2020","third","Swallowdale",NA,NA,NA,NA,NA,NA,NA,NA,NA,NA,NA
"176","doris_StonyPond","12.12.2019","first","StonyPond","j",4,NA,NA,"1.10.2020","second","StonyPond","j",1,NA,NA,NA,NA,NA,NA,NA,NA,NA,NA,NA,NA,NA,NA,NA,NA
"177","easter_OughtaBe","1.3.2020","first","OughtaBe","j",2,"c",3,"2.14.2020","second","OughtaBe","t",3,"c",2,NA,NA,NA,NA,NA,NA,NA,NA,NA,NA,NA,NA,NA,NA
"178","echo_StonyPond","12.12.2019","first","StonyPond","j",2,NA,NA,"1.10.2020","second","StonyPond","j",1,NA,NA,NA,NA,NA,NA,NA,NA,NA,NA,NA,NA,NA,NA,NA,NA
"179","esme_vonTrapp","1.6.2020","first","vonTrapp","j",1,"c",1,"2.12.2020","second","vonTrapp","j",1,"c",1,"3.10.2020","third","vonTrapp","j",1,"c",1,NA,NA,NA,NA,NA,NA,NA
"180","eva_Butterworks",NA,NA,NA,NA,NA,NA,NA,"2.4.2020","second","Butterworks","t",3,"c",2,"3.3.2020","third","Butterworks","n",2,"c",2,NA,NA,NA,NA,NA,NA,NA
"181","faith_Lynd",NA,NA,NA,NA,NA,NA,NA,"1.30.2020","second","Lynd",NA,NA,NA,NA,"3.5.2020","third","Lynd",NA,NA,NA,NA,NA,NA,NA,NA,NA,NA,NA
"182","faith_StonyPond","12.12.2019","first","StonyPond","j",2,NA,NA,"1.10.2020","second","StonyPond","j",1,NA,NA,NA,NA,NA,NA,NA,NA,NA,NA,NA,NA,NA,NA,NA,NA
"183","fajita12_Paddlebridge","1.17.2020","first","Paddlebridge","j",1,"c",NA,"2.21.2020","second","Paddlebridge","m",2,"c",2,"3.20.2020","third","Paddlebridge","j",2,"c",2,NA,NA,NA,NA,NA,NA,NA
"184","farrah363_Paddlebridge","1.17.2020","first","Paddlebridge","j",1,"c",1,"2.21.2020","second","Paddlebridge","m",2,"c",2,"3.20.2020","third","Paddlebridge","j",1,"c",1,NA,NA,NA,NA,NA,NA,NA
"185","farrent31_Paddlebridge","1.17.2020","first","Paddlebridge","j",1,"c",1,"2.21.2020","second","Paddlebridge","m",3,"c",3,"3.20.2020","third","Paddlebridge","j",1,"c",1,NA,NA,NA,NA,NA,NA,NA
"186","ferrari28_Paddlebridge","1.17.2020","first","Paddlebridge","j",3,"c",2,"2.21.2020","second","Paddlebridge","m",4,"c",4,"3.20.2020","third","Paddlebridge","j",3,"c",3,NA,NA,NA,NA,NA,NA,NA
"187","ferris_Swallowdale","12.13.2019","first","Swallowdale",NA,NA,NA,NA,"1.22.2020","second","Swallowdale","j",3,NA,NA,"2.28.2020","third","Swallowdale",NA,NA,NA,NA,NA,NA,NA,NA,NA,NA,NA
"188","fitzi13_Paddlebridge","1.17.2020","first","Paddlebridge","j",3,"c",4,"2.21.2020","second","Paddlebridge","m",2,"c",2,"3.20.2020","third","Paddlebridge","j",1,"c",1,NA,NA,NA,NA,NA,NA,NA
"189","flavia_vonTrapp","1.6.2020","first","vonTrapp","j",4,"c",3,"2.12.2020","second","vonTrapp","j",1,"c",3,"3.10.2020","third","vonTrapp","j",1,"c",3,NA,NA,NA,NA,NA,NA,NA
"190","flossy_Swallowdale","12.13.2019","first","Swallowdale",NA,NA,NA,NA,"1.22.2020","second","Swallowdale","j",2,NA,NA,"2.28.2020","third","Swallowdale",NA,NA,NA,NA,NA,NA,NA,NA,NA,NA,NA
"191","freddie_Lynd","12.19.2019","first","Lynd",NA,NA,NA,NA,"1.30.2020","second","Lynd",NA,NA,NA,NA,"3.5.2020","third","Lynd",NA,NA,NA,NA,NA,NA,NA,NA,NA,NA,NA
"192","freida_vonTrapp","1.6.2020","first","vonTrapp","j",3,"c",3,"2.12.2020","second","vonTrapp","j",3,"c",3,"3.10.2020","third","vonTrapp","j",3,"c",4,NA,NA,NA,NA,NA,NA,NA
"193","fresno_Lynd","12.19.2019","first","Lynd",NA,NA,NA,NA,"1.30.2020","second","Lynd",NA,NA,NA,NA,"3.5.2020","third","Lynd",NA,NA,NA,NA,NA,NA,NA,NA,NA,NA,NA
"194","gabrielle_Butterworks",NA,NA,NA,NA,NA,NA,NA,NA,NA,NA,NA,NA,NA,NA,"3.3.2020","third","Butterworks","n",4,"c",3,NA,NA,NA,NA,NA,NA,NA
"195","genie_StonyPond","12.12.2019","first","StonyPond","j",1,NA,NA,"1.10.2020","second","StonyPond","j",2,NA,NA,NA,NA,NA,NA,NA,NA,NA,NA,NA,NA,NA,NA,NA,NA
"196","germ1140_Paddlebridge","1.17.2020","first","Paddlebridge","j",3,"c",3,"2.21.2020","second","Paddlebridge","m",3,"c",2,"3.20.2020","third","Paddlebridge","j",1,"c",1,NA,NA,NA,NA,NA,NA,NA
"197","gif9_Paddlebridge","1.17.2020","first","Paddlebridge","j",2,"c",2,"2.21.2020","second","Paddlebridge","m",2,"c",2,"3.20.2020","third","Paddlebridge","j",2,"c",2,NA,NA,NA,NA,NA,NA,NA
"198","gift379_Paddlebridge","1.17.2020","first","Paddlebridge","j",1,"c",1,"2.21.2020","second","Paddlebridge","m",1,"c",1,"3.20.2020","third","Paddlebridge","j",1,"c",1,NA,NA,NA,NA,NA,NA,NA
"199","gigi_Swallowdale",NA,NA,NA,NA,NA,NA,NA,"1.22.2020","second","Swallowdale","j",NA,NA,NA,"2.28.2020","third","Swallowdale",NA,NA,NA,NA,NA,NA,NA,NA,NA,NA,NA
"200","ginger_OughtaBe","1.3.2020","first","OughtaBe","j",1,"c",1,"2.14.2020","second","OughtaBe","t",1,"c",1,"3.12.2020","third","OughtaBe","j",1,"c",1,NA,NA,NA,NA,NA,NA,NA
"201","gloria_vonTrapp","1.6.2020","first","vonTrapp","j",2,"c",3,"2.12.2020","second","vonTrapp","j",2,"c",2,"3.10.2020","third","vonTrapp","j",3,"c",4,NA,NA,NA,NA,NA,NA,NA
"202","glorybe29_Paddlebridge","1.17.2020","first","Paddlebridge","j",1,"c",1,"2.21.2020","second","Paddlebridge","m",2,"c",2,"3.20.2020","third","Paddlebridge","j",3,"c",2,NA,NA,NA,NA,NA,NA,NA
"203","gold_OughtaBe",NA,NA,NA,NA,NA,NA,NA,"2.14.2020","second","OughtaBe","t",2,"c",2,"3.12.2020","third","OughtaBe","j",4,"c",3,NA,NA,NA,NA,NA,NA,NA
"204","goldie_Swallowdale","12.13.2019","first","Swallowdale",NA,NA,NA,NA,"1.22.2020","second","Swallowdale","j",2,NA,NA,"2.28.2020","third","Swallowdale",NA,NA,NA,NA,NA,NA,NA,NA,NA,NA,NA
"205","gomora_vonTrapp",NA,NA,NA,NA,NA,NA,NA,"2.12.2020","second","vonTrapp","j",NA,"c",1,"3.10.2020","third","vonTrapp","j",2,"c",2,NA,NA,NA,NA,NA,NA,NA
"206","goody_OughtaBe","1.3.2020","first","OughtaBe","j",3,"c",3,"2.14.2020","second","OughtaBe","t",3,"c",3,"3.12.2020","third","OughtaBe","j",3,"c",3,NA,NA,NA,NA,NA,NA,NA
"207","grape_OughtaBe",NA,NA,NA,NA,NA,NA,NA,NA,NA,NA,NA,NA,NA,NA,"3.12.2020","third","OughtaBe","j",2,"c",1,NA,NA,NA,NA,NA,NA,NA
"208","gretchen_Swallowdale","12.13.2019","first","Swallowdale",NA,NA,NA,NA,"1.22.2020","second","Swallowdale","j",2,NA,NA,"2.28.2020","third","Swallowdale",NA,NA,NA,NA,NA,NA,NA,NA,NA,NA,NA
"209","gronk22_Paddlebridge","1.17.2020","first","Paddlebridge","j",1,"c",1,"2.21.2020","second","Paddlebridge","m",1,"c",1,"3.20.2020","third","Paddlebridge","j",2,"c",2,NA,NA,NA,NA,NA,NA,NA
"210","guana362_Paddlebridge","1.17.2020","first","Paddlebridge","j",1,"c",1,"2.21.2020","second","Paddlebridge","m",1,"c",1,"3.20.2020","third","Paddlebridge","j",1,"c",1,NA,NA,NA,NA,NA,NA,NA
"211","halo_Swallowdale","12.13.2019","first","Swallowdale",NA,NA,NA,NA,"1.22.2020","second","Swallowdale","j",1,NA,NA,"2.28.2020","third","Swallowdale",NA,NA,NA,NA,NA,NA,NA,NA,NA,NA,NA
"212","happiness_Butterworks","1.2.2020","first","Butterworks","j",2,"c",2,"2.4.2020","second","Butterworks","t",1,"c",1,"3.3.2020","third","Butterworks","n",2,"c",1,NA,NA,NA,NA,NA,NA,NA
"213","hawthorn_Butterworks","1.2.2020","first","Butterworks","j",2,"c",3,"2.4.2020","second","Butterworks","t",2,"c",2,"3.3.2020","third","Butterworks","n",2,"c",1,NA,NA,NA,NA,NA,NA,NA
"214","honey_OughtaBe","1.3.2020","first","OughtaBe","j",4,"c",3,"2.14.2020","second","OughtaBe","t",3,"c",3,"3.12.2020","third","OughtaBe","j",4,"c",3,NA,NA,NA,NA,NA,NA,NA
"215","hosana_vonTrapp","1.6.2020","first","vonTrapp","j",2,"c",2,"2.12.2020","second","vonTrapp","j",2,"c",2,"3.10.2020","third","vonTrapp","j",2,"c",3,NA,NA,NA,NA,NA,NA,NA
"216","hyacinth_vonTrapp","1.6.2020","first","vonTrapp","j",2,"c",2,"2.12.2020","second","vonTrapp","j",3,"c",2,"3.10.2020","third","vonTrapp","j",1,"c",2,NA,NA,NA,NA,NA,NA,NA
"217","imogene_vonTrapp","1.6.2020","first","vonTrapp","j",3,"c",3,"2.12.2020","second","vonTrapp","j",2,"c",2,"3.10.2020","third","vonTrapp","j",2,"c",4,NA,NA,NA,NA,NA,NA,NA
"218","indie_vonTrapp","1.6.2020","first","vonTrapp","j",1,"c",1,"2.12.2020","second","vonTrapp","j",1,"c",1,"3.10.2020","third","vonTrapp","j",1,"c",1,NA,NA,NA,NA,NA,NA,NA
"219","indigo_StonyPond","12.12.2019","first","StonyPond","j",3,NA,NA,NA,NA,NA,NA,NA,NA,NA,NA,NA,NA,NA,NA,NA,NA,NA,NA,NA,NA,NA,NA,NA
"220","irene_vonTrapp","1.6.2020","first","vonTrapp","j",2,"c",2,"2.12.2020","second","vonTrapp","j",1,"c",2,"3.10.2020","third","vonTrapp","j",1,"c",2,NA,NA,NA,NA,NA,NA,NA
"221","iris_vonTrapp","1.6.2020","first","vonTrapp","j",2,"c",2,"2.12.2020","second","vonTrapp","j",2,"c",2,"3.10.2020","third","vonTrapp","j",2,"c",3,NA,NA,NA,NA,NA,NA,NA
"222","isabelle_vonTrapp","1.6.2020","first","vonTrapp","j",2,"c",2,"2.12.2020","second","vonTrapp","j",1,"c",1,"3.10.2020","third","vonTrapp","j",2,"c",4,NA,NA,NA,NA,NA,NA,NA
"223","italia_StonyPond","12.12.2019","first","StonyPond","j",3,NA,NA,NA,NA,NA,NA,NA,NA,NA,NA,NA,NA,NA,NA,NA,NA,NA,NA,NA,NA,NA,NA,NA
"224","izzie_OughtaBe","1.3.2020","first","OughtaBe","j",3,"c",3,"2.14.2020","second","OughtaBe","t",2,"c",2,"3.12.2020","third","OughtaBe","j",3,"c",3,NA,NA,NA,NA,NA,NA,NA
"225","jackie_Butterworks",NA,NA,NA,NA,NA,NA,NA,NA,NA,NA,NA,NA,NA,NA,"3.3.2020","third","Butterworks","n",3,"c",1,NA,NA,NA,NA,NA,NA,NA
"226","jasmine_vonTrapp","1.6.2020","first","vonTrapp","j",3,"c",2,"2.12.2020","second","vonTrapp","j",1,"c",1,"3.10.2020","third","vonTrapp","j",1,"c",2,NA,NA,NA,NA,NA,NA,NA
"227","jazz_Swallowdale","12.13.2019","first","Swallowdale",NA,NA,NA,NA,"1.22.2020","second","Swallowdale","j",1,NA,NA,"2.28.2020","third","Swallowdale",NA,NA,NA,NA,NA,NA,NA,NA,NA,NA,NA
"228","jenny_OughtaBe","1.3.2020","first","OughtaBe","j",1,"c",2,"2.14.2020","second","OughtaBe","t",3,"c",3,"3.12.2020","third","OughtaBe","j",2,"c",2,NA,NA,NA,NA,NA,NA,NA
"229","jersey_OughtaBe","1.3.2020","first","OughtaBe","j",3,"c",3,"2.14.2020","second","OughtaBe","t",4,"c",4,"3.12.2020","third","OughtaBe","j",4,"c",4,NA,NA,NA,NA,NA,NA,NA
"230","jewel_Swallowdale","12.13.2019","first","Swallowdale",NA,NA,NA,NA,"1.22.2020","second","Swallowdale","j",NA,NA,NA,"2.28.2020","third","Swallowdale",NA,NA,NA,NA,NA,NA,NA,NA,NA,NA,NA
"231","jitterbug_Lynd","12.19.2019","first","Lynd",NA,NA,NA,NA,"1.30.2020","second","Lynd",NA,NA,NA,NA,"3.5.2020","third","Lynd",NA,NA,NA,NA,NA,NA,NA,NA,NA,NA,NA
"232","jolene_Butterworks","1.2.2020","first","Butterworks","j",1,"c",2,"2.4.2020","second","Butterworks","t",2,"c",1,NA,NA,NA,NA,NA,NA,NA,NA,NA,NA,NA,NA,NA,NA
"233","joy_Butterworks","1.2.2020","first","Butterworks","j",2,"c",1,"2.4.2020","second","Butterworks","t",2,"c",1,"3.3.2020","third","Butterworks","n",2,"c",2,NA,NA,NA,NA,NA,NA,NA
"234","kandykorn_OughtaBe","1.3.2020","first","OughtaBe","j",1,"c",2,"2.14.2020","second","OughtaBe","t",2,"c",1,"3.12.2020","third","OughtaBe","j",1,"c",1,NA,NA,NA,NA,NA,NA,NA
"235","karla_OughtaBe","1.3.2020","first","OughtaBe","j",2,"c",3,"2.14.2020","second","OughtaBe","t",2,"c",2,"3.12.2020","third","OughtaBe","j",3,"c",2,NA,NA,NA,NA,NA,NA,NA
"236","katie_OughtaBe","1.3.2020","first","OughtaBe","j",2,"c",2,"2.14.2020","second","OughtaBe","t",1,"c",1,"3.12.2020","third","OughtaBe","j",1,"c",1,NA,NA,NA,NA,NA,NA,NA
"237","khakibeige_Lynd","12.19.2019","first","Lynd",NA,NA,NA,NA,"1.30.2020","second","Lynd",NA,NA,NA,NA,"3.5.2020","third","Lynd",NA,NA,NA,NA,NA,NA,NA,NA,NA,NA,NA
"238","kit_OughtaBe","1.3.2020","first","OughtaBe","j",2,"c",2,"2.14.2020","second","OughtaBe","t",2,"c",2,"3.12.2020","third","OughtaBe","j",2,"c",2,NA,NA,NA,NA,NA,NA,NA
"239","klondike_Lynd","12.19.2019","first","Lynd",NA,NA,NA,NA,"1.30.2020","second","Lynd",NA,NA,NA,NA,"3.5.2020","third","Lynd",NA,NA,NA,NA,NA,NA,NA,NA,NA,NA,NA
"240","kodiak_Lynd","12.19.2019","first","Lynd",NA,NA,NA,NA,"1.29.2020","second","Lynd",NA,NA,NA,NA,"3.5.2020","third","Lynd",NA,NA,NA,NA,NA,NA,NA,NA,NA,NA,NA
"241","kooper_OughtaBe",NA,NA,NA,NA,NA,NA,NA,NA,NA,NA,NA,NA,NA,NA,"3.12.2020","third","OughtaBe","j",1,"c",1,NA,NA,NA,NA,NA,NA,NA
"242","korny_OughtaBe","1.3.2020","first","OughtaBe","j",4,"c",4,"2.14.2020","second","OughtaBe","t",2,"c",1,"3.12.2020","third","OughtaBe","j",4,"c",4,NA,NA,NA,NA,NA,NA,NA
"243","kowabunga_Lynd","12.19.2019","first","Lynd",NA,NA,NA,NA,"1.30.2020","second","Lynd",NA,NA,NA,NA,"3.5.2020","third","Lynd",NA,NA,NA,NA,NA,NA,NA,NA,NA,NA,NA
"244","krone_Lynd","12.19.2019","first","Lynd",NA,NA,NA,NA,"1.30.2020","second","Lynd",NA,NA,NA,NA,"3.5.2020","third","Lynd",NA,NA,NA,NA,NA,NA,NA,NA,NA,NA,NA
"245","kwikmix36_Paddlebridge","1.17.2020","first","Paddlebridge","j",1,"c",1,"2.21.2020","second","Paddlebridge","m",2,"c",2,"3.20.2020","third","Paddlebridge","j",1,"c",2,NA,NA,NA,NA,NA,NA,NA
"246","kyra35_Paddlebridge","1.17.2020","first","Paddlebridge","j",1,"c",1,"2.21.2020","second","Paddlebridge","m",4,"c",4,"3.20.2020","third","Paddlebridge","j",1,"c",2,NA,NA,NA,NA,NA,NA,NA
"247","ladyfinger_Lynd","12.19.2019","first","Lynd",NA,NA,NA,NA,"1.30.2020","second","Lynd",NA,NA,NA,NA,"3.5.2020","third","Lynd",NA,NA,NA,NA,NA,NA,NA,NA,NA,NA,NA
"248","lalune33_Paddlebridge","1.17.2020","first","Paddlebridge","j",1,"c",2,"2.21.2020","second","Paddlebridge","m",3,"c",2,"3.20.2020","third","Paddlebridge","j",2,"c",1,NA,NA,NA,NA,NA,NA,NA
"249","lassandra_vonTrapp","1.6.2020","first","vonTrapp","j",2,"c",3,"2.12.2020","second","vonTrapp","j",1,"c",2,NA,NA,NA,NA,NA,NA,NA,NA,NA,NA,NA,NA,NA,NA
"250","laugh_Lynd","12.19.2019","first","Lynd",NA,NA,NA,NA,"1.30.2020","second","Lynd",NA,NA,NA,NA,NA,NA,NA,NA,NA,NA,NA,NA,NA,NA,NA,NA,NA,NA
"251","laura558_Paddlebridge","1.17.2020","first","Paddlebridge","j",1,"c",1,"2.21.2020","second","Paddlebridge","m",1,"c",1,"3.20.2020","third","Paddlebridge","j",2,"c",2,NA,NA,NA,NA,NA,NA,NA
"252","leadbelly_vonTrapp","1.6.2020","first","vonTrapp","j",4,"c",3,"2.12.2020","second","vonTrapp","j",1,"c",2,NA,NA,NA,NA,NA,NA,NA,NA,NA,NA,NA,NA,NA,NA
"253","leap_Lynd","12.19.2019","first","Lynd",NA,NA,NA,NA,"1.30.2020","second","Lynd",NA,NA,NA,NA,"3.5.2020","third","Lynd",NA,NA,NA,NA,NA,NA,NA,NA,NA,NA,NA
"254","lemon_OughtaBe","1.3.2020","first","OughtaBe","j",2,"c",2,"2.14.2020","second","OughtaBe","t",3,"c",3,"3.12.2020","third","OughtaBe","j",4,"c",4,NA,NA,NA,NA,NA,NA,NA
"255","lena_vonTrapp","1.6.2020","first","vonTrapp","j",4,"c",4,"2.12.2020","second","vonTrapp","j",3,"c",3,"3.10.2020","third","vonTrapp","j",2,"c",3,NA,NA,NA,NA,NA,NA,NA
"256","leopard_vonTrapp","1.6.2020","first","vonTrapp","j",3,"c",2,"2.12.2020","second","vonTrapp","j",1,"c",2,"3.10.2020","third","vonTrapp","j",2,"c",2,NA,NA,NA,NA,NA,NA,NA
"257","licorice_Lynd","12.19.2019","first","Lynd",NA,NA,NA,NA,"1.30.2020","second","Lynd",NA,NA,NA,NA,"3.5.2020","third","Lynd",NA,NA,NA,NA,NA,NA,NA,NA,NA,NA,NA
"258","life_Lynd","12.19.2019","first","Lynd",NA,NA,NA,NA,"1.30.2020","second","Lynd",NA,NA,NA,NA,"3.5.2020","third","Lynd",NA,NA,NA,NA,NA,NA,NA,NA,NA,NA,NA
"259","likely30_Paddlebridge","1.17.2020","first","Paddlebridge","j",2,"c",1,"2.21.2020","second","Paddlebridge","m",2,"c",2,"3.20.2020","third","Paddlebridge","j",1,"c",2,NA,NA,NA,NA,NA,NA,NA
"260","lilac_Butterworks","1.2.2020","first","Butterworks","j",2,"c",2,"2.4.2020","second","Butterworks","t",1,"c",2,"3.3.2020","third","Butterworks","n",4,"c",4,NA,NA,NA,NA,NA,NA,NA
"261","lilac_Lynd","12.19.2019","first","Lynd",NA,NA,NA,NA,"1.30.2020","second","Lynd",NA,NA,NA,NA,"3.5.2020","third","Lynd",NA,NA,NA,NA,NA,NA,NA,NA,NA,NA,NA
"262","lilac_vonTrapp","1.6.2020","first","vonTrapp","j",2,"c",2,"2.12.2020","second","vonTrapp","j",3,"c",2,"3.10.2020","third","vonTrapp","j",3,"c",4,NA,NA,NA,NA,NA,NA,NA
"263","lioness_Lynd","12.19.2019","first","Lynd",NA,NA,NA,NA,"1.30.2020","second","Lynd",NA,NA,NA,NA,"3.5.2020","third","Lynd",NA,NA,NA,NA,NA,NA,NA,NA,NA,NA,NA
"264","lish_StonyPond","12.12.2019","first","StonyPond","j",2,NA,NA,"1.10.2020","second","StonyPond","j",2,NA,NA,NA,NA,NA,NA,NA,NA,NA,NA,NA,NA,NA,NA,NA,NA
"265","loha32_Paddlebridge","1.17.2020","first","Paddlebridge","j",1,"c",1,"2.21.2020","second","Paddlebridge","m",1,"c",1,"3.20.2020","third","Paddlebridge","j",1,"c",1,NA,NA,NA,NA,NA,NA,NA
"266","lop_Lynd","12.19.2019","first","Lynd",NA,NA,NA,NA,"1.30.2020","second","Lynd",NA,NA,NA,NA,"3.5.2020","third","Lynd",NA,NA,NA,NA,NA,NA,NA,NA,NA,NA,NA
"267","lordwalk_Lynd",NA,NA,NA,NA,NA,NA,NA,NA,NA,NA,NA,NA,NA,NA,"3.5.2020","third","Lynd",NA,NA,NA,NA,NA,NA,NA,NA,NA,NA,NA
"268","lovage_Lynd","12.19.2019","first","Lynd",NA,NA,NA,NA,"1.30.2020","second","Lynd",NA,NA,NA,NA,"3.5.2020","third","Lynd",NA,NA,NA,NA,NA,NA,NA,NA,NA,NA,NA
"269","love_Butterworks","1.2.2020","first","Butterworks","j",2,"c",2,"2.4.2020","second","Butterworks","t",2,"c",2,"3.3.2020","third","Butterworks","n",3,"c",2,NA,NA,NA,NA,NA,NA,NA
"270","lucha_vonTrapp","1.6.2020","first","vonTrapp","j",1,"c",1,"2.12.2020","second","vonTrapp","j",2,"c",3,"3.10.2020","third","vonTrapp","j",1,"c",1,NA,NA,NA,NA,NA,NA,NA
"271","lucinda_StonyPond","12.12.2019","first","StonyPond","j",3,NA,NA,"1.10.2020","second","StonyPond","j",1,NA,NA,NA,NA,NA,NA,NA,NA,NA,NA,NA,NA,NA,NA,NA,NA
"272","luna_vonTrapp","1.6.2020","first","vonTrapp","j",2,"c",1,"2.12.2020","second","vonTrapp","j",1,"c",1,"3.10.2020","third","vonTrapp","j",1,"c",1,NA,NA,NA,NA,NA,NA,NA
"273","luxurytax_Lynd","12.19.2019","first","Lynd",NA,NA,NA,NA,"1.30.2020","second","Lynd",NA,NA,NA,NA,"3.5.2020","third","Lynd",NA,NA,NA,NA,NA,NA,NA,NA,NA,NA,NA
"274","mabel_Swallowdale","12.13.2019","first","Swallowdale",NA,NA,NA,NA,NA,NA,NA,NA,NA,NA,NA,NA,NA,NA,NA,NA,NA,NA,NA,NA,NA,NA,NA,NA,NA
"275","madge_Lynd","12.19.2019","first","Lynd",NA,NA,NA,NA,"1.30.2020","second","Lynd",NA,NA,NA,NA,"3.5.2020","third","Lynd",NA,NA,NA,NA,NA,NA,NA,NA,NA,NA,NA
"276","maisie_Swallowdale","12.13.2019","first","Swallowdale",NA,NA,NA,NA,"1.22.2020","second","Swallowdale","j",1,NA,NA,"2.28.2020","third","Swallowdale",NA,NA,NA,NA,NA,NA,NA,NA,NA,NA,NA
"277","mandolin_Butterworks","1.2.2020","first","Butterworks","j",1,"c",1,"2.4.2020","second","Butterworks","t",1,"c",1,NA,NA,NA,NA,NA,NA,NA,NA,NA,NA,NA,NA,NA,NA
"278","mango_Butterworks","1.2.2020","first","Butterworks","j",2,"c",3,"2.4.2020","second","Butterworks","t",3,"c",2,"3.3.2020","third","Butterworks","n",3,"c",2,NA,NA,NA,NA,NA,NA,NA
"279","manzana_Butterworks","1.2.2020","first","Butterworks","j",2,"c",3,"2.4.2020","second","Butterworks","t",3,"c",3,"3.3.2020","third","Butterworks","n",4,"c",4,NA,NA,NA,NA,NA,NA,NA
"280","margo_StonyPond","12.12.2019","first","StonyPond","j",2,NA,NA,"1.10.2020","second","StonyPond","j",2,NA,NA,NA,NA,NA,NA,NA,NA,NA,NA,NA,NA,NA,NA,NA,NA
"281","marjoram_Butterworks","1.2.2020","first","Butterworks","j",1,"c",1,"2.4.2020","second","Butterworks","t",2,"c",1,"3.3.2020","third","Butterworks","n",1,"c",1,NA,NA,NA,NA,NA,NA,NA
"282","marney382_Paddlebridge","1.17.2020","first","Paddlebridge","j",2,"c",2,"2.21.2020","second","Paddlebridge","m",2,"c",2,"3.20.2020","third","Paddlebridge","j",2,"c",2,NA,NA,NA,NA,NA,NA,NA
"283","marshmellow_Swallowdale","12.13.2019","first","Swallowdale",NA,NA,NA,NA,"1.22.2020","second","Swallowdale","j",1,NA,NA,"2.28.2020","third","Swallowdale",NA,NA,NA,NA,NA,NA,NA,NA,NA,NA,NA
"284","marta_Swallowdale","12.13.2019","first","Swallowdale",NA,NA,NA,NA,"1.22.2020","second","Swallowdale","j",2,NA,NA,"2.28.2020","third","Swallowdale",NA,NA,NA,NA,NA,NA,NA,NA,NA,NA,NA
"285","martina_Lynd","12.19.2019","first","Lynd",NA,NA,NA,NA,"1.30.2020","second","Lynd",NA,NA,NA,NA,"3.5.2020","third","Lynd",NA,NA,NA,NA,NA,NA,NA,NA,NA,NA,NA
"286","masala_Butterworks","1.2.2020","first","Butterworks","j",1,"c",1,"2.4.2020","second","Butterworks","t",2,"c",1,"3.3.2020","third","Butterworks","n",1,"c",1,NA,NA,NA,NA,NA,NA,NA
"287","matilda_vonTrapp","1.6.2020","first","vonTrapp","j",1,"c",1,"2.12.2020","second","vonTrapp","j",2,"c",3,"3.10.2020","third","vonTrapp","j",3,"c",3,NA,NA,NA,NA,NA,NA,NA
"288","maxie_OughtaBe","1.3.2020","first","OughtaBe","j",2,"c",3,"2.14.2020","second","OughtaBe","t",2,"c",2,NA,NA,NA,NA,NA,NA,NA,NA,NA,NA,NA,NA,NA,NA
"289","melissa_Butterworks","1.2.2020","first","Butterworks","j",1,"c",2,"2.4.2020","second","Butterworks","t",2,"c",1,"3.3.2020","third","Butterworks","n",3,"c",2,NA,NA,NA,NA,NA,NA,NA
"290","minerva34_Paddlebridge","1.17.2020","first","Paddlebridge","j",2,"c",2,"2.21.2020","second","Paddlebridge","m",2,"c",2,"3.20.2020","third","Paddlebridge","j",1,"c",1,NA,NA,NA,NA,NA,NA,NA
"291","minigolf_Lynd","12.19.2019","first","Lynd",NA,NA,NA,NA,"1.30.2020","second","Lynd",NA,NA,NA,NA,"3.5.2020","third","Lynd",NA,NA,NA,NA,NA,NA,NA,NA,NA,NA,NA
"292","moonwalk_Lynd","12.19.2019","first","Lynd",NA,NA,NA,NA,NA,NA,NA,NA,NA,NA,NA,NA,NA,NA,NA,NA,NA,NA,NA,NA,NA,NA,NA,NA,NA
"293","mschar_OughtaBe","1.3.2020","first","OughtaBe","j",1,"c",1,"2.14.2020","second","OughtaBe","t",2,"c",2,"3.12.2020","third","OughtaBe","j",1,"c",2,NA,NA,NA,NA,NA,NA,NA
"294","muffin_Butterworks","1.2.2020","first","Butterworks","j",3,"c",4,"2.4.2020","second","Butterworks","t",3,"c",2,"3.3.2020","third","Butterworks","n",3,"c",1,NA,NA,NA,NA,NA,NA,NA
"295","mustache_Lynd","12.19.2019","first","Lynd",NA,NA,NA,NA,"1.30.2020","second","Lynd",NA,NA,NA,NA,"3.5.2020","third","Lynd",NA,NA,NA,NA,NA,NA,NA,NA,NA,NA,NA
"296","mustard_Butterworks","1.2.2020","first","Butterworks","j",1,"c",2,"2.4.2020","second","Butterworks","t",3,"c",2,"3.3.2020","third","Butterworks","n",3,"c",2,NA,NA,NA,NA,NA,NA,NA
"297","nazareth_Butterworks","1.2.2020","first","Butterworks","j",1,"c",1,"2.4.2020","second","Butterworks","t",2,"c",1,"3.3.2020","third","Butterworks","n",2,"c",1,NA,NA,NA,NA,NA,NA,NA
"298","nebula_Butterworks","1.2.2020","first","Butterworks","j",1,"c",1,"2.4.2020","second","Butterworks","t",2,"c",1,"3.3.2020","third","Butterworks","n",2,"c",1,NA,NA,NA,NA,NA,NA,NA
"299","nellie_Butterworks","1.2.2020","first","Butterworks","j",2,"c",3,"2.4.2020","second","Butterworks","t",1,"c",1,"3.3.2020","third","Butterworks","n",2,"c",1,NA,NA,NA,NA,NA,NA,NA
"300","noel_Butterworks",NA,NA,NA,NA,NA,NA,NA,"2.4.2020","second","Butterworks","t",1,"c",1,"3.3.2020","third","Butterworks","n",1,"c",1,NA,NA,NA,NA,NA,NA,NA
"301","nona_Butterworks","1.2.2020","first","Butterworks","j",1,"c",1,"2.4.2020","second","Butterworks","t",3,"c",2,"3.3.2020","third","Butterworks","n",3,"c",2,NA,NA,NA,NA,NA,NA,NA
"302","octavia_StonyPond","12.12.2019","first","StonyPond","j",3,NA,NA,"1.10.2020","second","StonyPond","j",3,NA,NA,NA,NA,NA,NA,NA,NA,NA,NA,NA,NA,NA,NA,NA,NA
"303","octavia42_Paddlebridge","1.17.2020","first","Paddlebridge","j",1,"c",1,"2.21.2020","second","Paddlebridge","m",2,"c",2,"3.20.2020","third","Paddlebridge","j",1,"c",1,NA,NA,NA,NA,NA,NA,NA
"304","opal_Swallowdale",NA,NA,NA,NA,NA,NA,NA,"1.22.2020","second","Swallowdale","j",1,NA,NA,"2.28.2020","third","Swallowdale",NA,NA,NA,NA,NA,NA,NA,NA,NA,NA,NA
"305","padfoot21_Paddlebridge","1.17.2020","first","Paddlebridge","j",2,"c",1,"2.21.2020","second","Paddlebridge","m",1,"c",1,"3.20.2020","third","Paddlebridge","j",1,"c",1,NA,NA,NA,NA,NA,NA,NA
"306","paige_Swallowdale","12.13.2019","first","Swallowdale",NA,NA,NA,NA,"1.22.2020","second","Swallowdale","j",2,NA,NA,"2.28.2020","third","Swallowdale",NA,NA,NA,NA,NA,NA,NA,NA,NA,NA,NA
"307","pamela_Swallowdale","12.13.2019","first","Swallowdale",NA,NA,NA,NA,"1.22.2020","second","Swallowdale","j",2,NA,NA,"2.28.2020","third","Swallowdale",NA,NA,NA,NA,NA,NA,NA,NA,NA,NA,NA
"308","panda_vonTrapp","1.6.2020","first","vonTrapp","j",1,"c",2,"2.12.2020","second","vonTrapp","j",1,"c",1,"3.10.2020","third","vonTrapp","j",1,"c",1,NA,NA,NA,NA,NA,NA,NA
"309","paprika_Butterworks",NA,NA,NA,NA,NA,NA,NA,NA,NA,NA,NA,NA,NA,NA,"3.3.2020","third","Butterworks","n",4,"c",3,NA,NA,NA,NA,NA,NA,NA
"310","pasta_Swallowdale","12.13.2019","first","Swallowdale",NA,NA,NA,NA,"1.22.2020","second","Swallowdale","j",1,NA,NA,"2.28.2020","third","Swallowdale",NA,NA,NA,NA,NA,NA,NA,NA,NA,NA,NA
"311","patchouli_vonTrapp","1.6.2020","first","vonTrapp","j",3,"c",4,"2.12.2020","second","vonTrapp","j",3,"c",3,"3.10.2020","third","vonTrapp","j",3,"c",4,NA,NA,NA,NA,NA,NA,NA
"312","peace_Butterworks","1.2.2020","first","Butterworks","j",1,"c",2,"2.4.2020","second","Butterworks","t",2,"c",2,"3.3.2020","third","Butterworks","n",3,"c",2,NA,NA,NA,NA,NA,NA,NA
"313","peaches_StonyPond","12.12.2019","first","StonyPond","j",1,NA,NA,"1.10.2020","second","StonyPond","j",1,NA,NA,NA,NA,NA,NA,NA,NA,NA,NA,NA,NA,NA,NA,NA,NA
"314","peacock_OughtaBe","1.3.2020","first","OughtaBe","j",2,"c",2,"2.14.2020","second","OughtaBe","t",2,"c",2,NA,NA,NA,NA,NA,NA,NA,NA,NA,NA,NA,NA,NA,NA
"315","pearl_Butterworks","1.2.2020","first","Butterworks","j",2,"c",2,"2.4.2020","second","Butterworks","t",4,"c",3,"3.3.2020","third","Butterworks","n",3,"c",2,NA,NA,NA,NA,NA,NA,NA
"316","peggie_StonyPond","12.12.2019","first","StonyPond","j",2,NA,NA,"1.10.2020","second","StonyPond","j",2,NA,NA,NA,NA,NA,NA,NA,NA,NA,NA,NA,NA,NA,NA,NA,NA
"317","penny_OughtaBe","1.3.2020","first","OughtaBe","j",3,"c",4,"2.14.2020","second","OughtaBe","t",3,"c",4,"3.12.2020","third","OughtaBe","j",4,"c",4,NA,NA,NA,NA,NA,NA,NA
"318","peonie_OughtaBe","1.3.2020","first","OughtaBe","j",NA,"c",NA,"2.14.2020","second","OughtaBe","t",3,"c",2,"3.12.2020","third","OughtaBe","j",3,"c",4,NA,NA,NA,NA,NA,NA,NA
"319","petunia_Butterworks","1.2.2020","first","Butterworks","j",3,"c",3,"2.4.2020","second","Butterworks","t",1,"c",1,"3.3.2020","third","Butterworks","n",3,"c",2,NA,NA,NA,NA,NA,NA,NA
"320","pg_OughtaBe","1.3.2020","first","OughtaBe","j",1,"c",3,"2.14.2020","second","OughtaBe","t",3,"c",2,"3.12.2020","third","OughtaBe","j",1,"c",2,NA,NA,NA,NA,NA,NA,NA
"321","picknick_Swallowdale","12.13.2019","first","Swallowdale",NA,NA,NA,NA,"1.22.2020","second","Swallowdale","j",1,NA,NA,"2.28.2020","third","Swallowdale",NA,NA,NA,NA,NA,NA,NA,NA,NA,NA,NA
"322","pippa_StonyPond","12.12.2019","first","StonyPond","j",1,NA,NA,"1.10.2020","second","StonyPond","j",1,NA,NA,NA,NA,NA,NA,NA,NA,NA,NA,NA,NA,NA,NA,NA,NA
"323","pistol_OughtaBe","1.3.2020","first","OughtaBe","j",3,"c",3,"2.14.2020","second","OughtaBe","t",3,"c",3,"3.12.2020","third","OughtaBe","j",4,"c",3,NA,NA,NA,NA,NA,NA,NA
"324","plantain_Butterworks","1.2.2020","first","Butterworks","j",1,"c",2,NA,NA,NA,NA,NA,NA,NA,NA,NA,NA,NA,NA,NA,NA,NA,NA,NA,NA,NA,NA,NA
"325","pledge_Swallowdale","12.13.2019","first","Swallowdale",NA,NA,NA,NA,"1.22.2020","second","Swallowdale","j",1,NA,NA,"2.28.2020","third","Swallowdale",NA,NA,NA,NA,NA,NA,NA,NA,NA,NA,NA
"326","pomme_Butterworks","1.2.2020","first","Butterworks","j",2,"c",3,"2.4.2020","second","Butterworks","t",2,"c",2,"3.3.2020","third","Butterworks","n",2,"c",2,NA,NA,NA,NA,NA,NA,NA
"327","quantum_Swallowdale","12.13.2019","first","Swallowdale",NA,NA,NA,NA,"1.22.2020","second","Swallowdale","j",1,NA,NA,"2.28.2020","third","Swallowdale",NA,NA,NA,NA,NA,NA,NA,NA,NA,NA,NA
"328","rabbit_OughtaBe","1.3.2020","first","OughtaBe","j",2,"c",2,"2.14.2020","second","OughtaBe","t",3,"c",2,"3.12.2020","third","OughtaBe","j",1,"c",1,NA,NA,NA,NA,NA,NA,NA
"329","racer_OughtaBe","1.3.2020","first","OughtaBe","j",2,"c",3,"2.14.2020","second","OughtaBe","t",4,"c",3,"3.12.2020","third","OughtaBe","j",2,"c",2,NA,NA,NA,NA,NA,NA,NA
"330","rashida_StonyPond","12.12.2019","first","StonyPond","j",1,NA,NA,"1.10.2020","second","StonyPond","j",3,NA,NA,NA,NA,NA,NA,NA,NA,NA,NA,NA,NA,NA,NA,NA,NA
"331","rhonda_StonyPond","12.12.2019","first","StonyPond","j",3,NA,NA,"1.10.2020","second","StonyPond","j",2,NA,NA,NA,NA,NA,NA,NA,NA,NA,NA,NA,NA,NA,NA,NA,NA
"332","rhubarb_Butterworks","1.2.2020","first","Butterworks","j",1,"c",1,"2.4.2020","second","Butterworks","t",3,"c",2,"3.3.2020","third","Butterworks","n",4,"c",3,NA,NA,NA,NA,NA,NA,NA
"333","riley_StonyPond","12.12.2019","first","StonyPond","j",3,NA,NA,"1.10.2020","second","StonyPond","j",2,NA,NA,NA,NA,NA,NA,NA,NA,NA,NA,NA,NA,NA,NA,NA,NA
"334","robin_StonyPond","12.12.2019","first","StonyPond","j",3,NA,NA,"1.10.2020","second","StonyPond","j",1,NA,NA,NA,NA,NA,NA,NA,NA,NA,NA,NA,NA,NA,NA,NA,NA
"335","rock7_Swallowdale","12.13.2019","first","Swallowdale",NA,NA,NA,NA,"1.22.2020","second","Swallowdale","j",2,NA,NA,"2.28.2020","third","Swallowdale",NA,NA,NA,NA,NA,NA,NA,NA,NA,NA,NA
"336","ruger_OughtaBe",NA,NA,NA,NA,NA,NA,NA,NA,NA,NA,NA,NA,NA,NA,"3.12.2020","third","OughtaBe","j",4,"c",3,NA,NA,NA,NA,NA,NA,NA
"337","sadie_Swallowdale","12.13.2019","first","Swallowdale",NA,NA,NA,NA,NA,NA,NA,NA,NA,NA,NA,NA,NA,NA,NA,NA,NA,NA,NA,NA,NA,NA,NA,NA,NA
"338","saige313_Paddlebridge","1.17.2020","first","Paddlebridge","j",1,"c",1,"2.21.2020","second","Paddlebridge","m",2,"c",2,"3.20.2020","third","Paddlebridge","j",1,"c",1,NA,NA,NA,NA,NA,NA,NA
"339","sally_StonyPond","12.12.2019","first","StonyPond","j",2,NA,NA,"1.10.2020","second","StonyPond","j",2,NA,NA,NA,NA,NA,NA,NA,NA,NA,NA,NA,NA,NA,NA,NA,NA
"340","sam19_Paddlebridge","1.17.2020","first","Paddlebridge","j",2,"c",1,"2.21.2020","second","Paddlebridge","m",3,"c",3,"3.20.2020","third","Paddlebridge","j",2,"c",2,NA,NA,NA,NA,NA,NA,NA
"341","sapphire338_Paddlebridge","1.17.2020","first","Paddlebridge","j",3,"c",4,"2.21.2020","second","Paddlebridge","m",2,"c",3,"3.20.2020","third","Paddlebridge","j",4,"c",4,NA,NA,NA,NA,NA,NA,NA
"342","scrapie278_Paddlebridge","1.17.2020","first","Paddlebridge","j",2,"c",2,"2.21.2020","second","Paddlebridge","m",4,"c",4,"3.20.2020","third","Paddlebridge","j",1,"c",1,NA,NA,NA,NA,NA,NA,NA
"343","seraphina_vonTrapp","1.6.2020","first","vonTrapp","j",2,"c",2,"2.12.2020","second","vonTrapp","j",1,"c",1,"3.10.2020","third","vonTrapp","j",1,"c",2,NA,NA,NA,NA,NA,NA,NA
"344","shania291_Paddlebridge","1.17.2020","first","Paddlebridge","j",1,"c",1,"2.21.2020","second","Paddlebridge","m",2,"c",2,"3.20.2020","third","Paddlebridge","j",1,"c",1,NA,NA,NA,NA,NA,NA,NA
"345","shelly_Swallowdale","12.13.2019","first","Swallowdale",NA,NA,NA,NA,"1.22.2020","second","Swallowdale","j",NA,NA,NA,"2.28.2020","third","Swallowdale",NA,NA,NA,NA,NA,NA,NA,NA,NA,NA,NA
"346","shiela375_Paddlebridge","1.17.2020","first","Paddlebridge","j",1,"c",1,"2.21.2020","second","Paddlebridge","m",1,"c",1,"3.20.2020","third","Paddlebridge","j",1,"c",1,NA,NA,NA,NA,NA,NA,NA
"347","simply314_Paddlebridge","1.17.2020","first","Paddlebridge","j",1,"c",1,"2.21.2020","second","Paddlebridge","m",3,"c",2,"3.20.2020","third","Paddlebridge","j",3,"c",3,NA,NA,NA,NA,NA,NA,NA
"348","skyler_Swallowdale","12.13.2019","first","Swallowdale",NA,NA,NA,NA,"1.22.2020","second","Swallowdale","j",1,NA,NA,"2.28.2020","third","Swallowdale",NA,NA,NA,NA,NA,NA,NA,NA,NA,NA,NA
"349","snowball_Butterworks","1.2.2020","first","Butterworks","j",2,"c",2,"2.4.2020","second","Butterworks","t",1,"c",1,"3.3.2020","third","Butterworks","n",3,"c",2,NA,NA,NA,NA,NA,NA,NA
"350","sondra_Swallowdale","12.13.2019","first","Swallowdale",NA,NA,NA,NA,"1.22.2020","second","Swallowdale","j",1,NA,NA,"2.28.2020","third","Swallowdale",NA,NA,NA,NA,NA,NA,NA,NA,NA,NA,NA
"351","sonic_Swallowdale","12.13.2019","first","Swallowdale",NA,NA,NA,NA,"1.22.2020","second","Swallowdale","j",NA,NA,NA,"2.28.2020","third","Swallowdale",NA,NA,NA,NA,NA,NA,NA,NA,NA,NA,NA
"352","sparky_Swallowdale","12.13.2019","first","Swallowdale",NA,NA,NA,NA,"1.22.2020","second","Swallowdale","j",1,NA,NA,"2.28.2020","third","Swallowdale",NA,NA,NA,NA,NA,NA,NA,NA,NA,NA,NA
"353","spice_OughtaBe","1.3.2020","first","OughtaBe","j",2,"c",2,"2.14.2020","second","OughtaBe","t",1,"c",1,"3.12.2020","third","OughtaBe","j",3,"c",2,NA,NA,NA,NA,NA,NA,NA
"354","spot_OughtaBe","1.3.2020","first","OughtaBe","j",4,"c",3,"2.14.2020","second","OughtaBe","t",3,"c",2,"3.12.2020","third","OughtaBe","j",2,"c",2,NA,NA,NA,NA,NA,NA,NA
"355","stamina391_Paddlebridge","1.17.2020","first","Paddlebridge","j",2,"c",2,"2.21.2020","second","Paddlebridge","m",1,"c",2,"3.20.2020","third","Paddlebridge","j",1,"c",1,NA,NA,NA,NA,NA,NA,NA
"356","star_Butterworks",NA,NA,NA,NA,NA,NA,NA,NA,NA,NA,NA,NA,NA,NA,"3.3.2020","third","Butterworks","n",2,"c",3,NA,NA,NA,NA,NA,NA,NA
"357","strawberry_Butterworks","1.2.2020","first","Butterworks","j",1,"c",1,"2.4.2020","second","Butterworks","t",2,"c",1,"3.3.2020","third","Butterworks","n",2,"c",1,NA,NA,NA,NA,NA,NA,NA
"358","swallow377_Paddlebridge","1.17.2020","first","Paddlebridge","j",2,"c",2,"2.21.2020","second","Paddlebridge","m",2,"c",3,"3.20.2020","third","Paddlebridge","j",1,"c",2,NA,NA,NA,NA,NA,NA,NA
"359","tallula_vonTrapp","1.6.2020","first","vonTrapp","j",3,"c",3,"2.12.2020","second","vonTrapp","j",1,"c",1,"3.10.2020","third","vonTrapp","j",4,"c",4,NA,NA,NA,NA,NA,NA,NA
"360","teach_OughtaBe","1.3.2020","first","OughtaBe","j",2,"c",NA,"2.14.2020","second","OughtaBe","t",3,"c",2,"3.12.2020","third","OughtaBe","j",3,"c",3,NA,NA,NA,NA,NA,NA,NA
"361","teatree_StonyPond","12.12.2019","first","StonyPond","j",1,NA,NA,"1.10.2020","second","StonyPond","j",2,NA,NA,NA,NA,NA,NA,NA,NA,NA,NA,NA,NA,NA,NA,NA,NA
"362","tess_OughtaBe","1.3.2020","first","OughtaBe","j",3,"c",3,"2.14.2020","second","OughtaBe","t",2,"c",2,"3.12.2020","third","OughtaBe","j",1,"c",2,NA,NA,NA,NA,NA,NA,NA
"363","tessa_vonTrapp",NA,NA,NA,NA,NA,NA,NA,NA,NA,NA,NA,NA,NA,NA,"3.10.2020","third","vonTrapp","j",3,"c",4,NA,NA,NA,NA,NA,NA,NA
"364","tiktac_OughtaBe","1.3.2020","first","OughtaBe","j",3,"c",2,"2.14.2020","second","OughtaBe","t",2,"c",2,"3.12.2020","third","OughtaBe","j",1,"c",1,NA,NA,NA,NA,NA,NA,NA
"365","tiktoe_OughtaBe","1.3.2020","first","OughtaBe","j",2,"c",2,"2.14.2020","second","OughtaBe","t",2,"c",3,"3.12.2020","third","OughtaBe","j",3,"c",4,NA,NA,NA,NA,NA,NA,NA
"366","tilly_vonTrapp","1.6.2020","first","vonTrapp","j",2,"c",2,"2.12.2020","second","vonTrapp","j",1,"c",1,"3.10.2020","third","vonTrapp","j",3,"c",4,NA,NA,NA,NA,NA,NA,NA
"367","ursala_vonTrapp","1.6.2020","first","vonTrapp","j",3,"c",3,"2.12.2020","second","vonTrapp","j",1,"c",1,"3.10.2020","third","vonTrapp","j",2,"c",4,NA,NA,NA,NA,NA,NA,NA
"368","vangie_vonTrapp","1.6.2020","first","vonTrapp","j",3,"c",2,"2.12.2020","second","vonTrapp","j",2,"c",2,"3.10.2020","third","vonTrapp","j",2,"c",2,NA,NA,NA,NA,NA,NA,NA
"369","vera_vonTrapp",NA,NA,NA,NA,NA,NA,NA,NA,NA,NA,NA,NA,NA,NA,"3.10.2020","third","vonTrapp","j",3,"c",4,NA,NA,NA,NA,NA,NA,NA
"370","vicki_vonTrapp","1.6.2020","first","vonTrapp","j",3,"c",3,"2.12.2020","second","vonTrapp","j",3,"c",2,"3.10.2020","third","vonTrapp","j",4,"c",4,NA,NA,NA,NA,NA,NA,NA
"371","vida6_Paddlebridge","1.17.2020","first","Paddlebridge","j",1,"c",1,"2.21.2020","second","Paddlebridge","m",2,"c",2,"3.20.2020","third","Paddlebridge","j",1,"c",2,NA,NA,NA,NA,NA,NA,NA
"372","webster_Lynd","12.19.2019","first","Lynd",NA,NA,NA,NA,"1.30.2020","second","Lynd",NA,NA,NA,NA,"3.5.2020","third","Lynd",NA,NA,NA,NA,NA,NA,NA,NA,NA,NA,NA
"373","whinnie_OughtaBe","1.3.2020","first","OughtaBe","j",4,"c",4,"2.14.2020","second","OughtaBe","t",3,"c",3,"3.12.2020","third","OughtaBe","j",2,"c",3,NA,NA,NA,NA,NA,NA,NA
"374","whopper_StonyPond","12.12.2019","first","StonyPond","j",1,NA,NA,"1.10.2020","second","StonyPond","j",2,NA,NA,NA,NA,NA,NA,NA,NA,NA,NA,NA,NA,NA,NA,NA,NA
"375","wildcucumber_Butterworks","1.2.2020","first","Butterworks","j",1,"c",3,"2.4.2020","second","Butterworks","t",1,"c",1,"3.3.2020","third","Butterworks","n",2,"c",2,NA,NA,NA,NA,NA,NA,NA
"376","willy_Lynd","12.19.2019","first","Lynd",NA,NA,NA,NA,"1.30.2020","second","Lynd",NA,NA,NA,NA,"3.5.2020","third","Lynd",NA,NA,NA,NA,NA,NA,NA,NA,NA,NA,NA
"377","wmca_Lynd","12.19.2019","first","Lynd",NA,NA,NA,NA,"1.30.2020","second","Lynd",NA,NA,NA,NA,"3.5.2020","third","Lynd",NA,NA,NA,NA,NA,NA,NA,NA,NA,NA,NA
"378","wynona_StonyPond","12.12.2019","first","StonyPond","j",1,NA,NA,"1.10.2020","second","StonyPond","j",1,NA,NA,NA,NA,NA,NA,NA,NA,NA,NA,NA,NA,NA,NA,NA,NA
"379","zag_StonyPond","12.12.2019","first","StonyPond","j",2,NA,NA,NA,NA,NA,NA,NA,NA,NA,NA,NA,NA,NA,NA,NA,NA,NA,NA,NA,NA,NA,NA,NA
"380","zap_Swallowdale","12.13.2019","first","Swallowdale",NA,NA,NA,NA,"1.22.2020","second","Swallowdale","j",1,NA,NA,NA,NA,NA,NA,NA,NA,NA,NA,NA,NA,NA,NA,NA,NA
"381","zeal_Swallowdale","12.13.2019","first","Swallowdale",NA,NA,NA,NA,NA,NA,NA,NA,NA,NA,NA,NA,NA,NA,NA,NA,NA,NA,NA,NA,NA,NA,NA,NA,NA
"382","zelda_vonTrapp","1.6.2020","first","vonTrapp","j",2,"c",3,"2.12.2020","second","vonTrapp","j",2,"c",2,"3.10.2020","third","vonTrapp","j",3,"c",4,NA,NA,NA,NA,NA,NA,NA
"383","zoe_Lynd","12.19.2019","first","Lynd",NA,NA,NA,NA,"1.30.2020","second","Lynd",NA,NA,NA,NA,"3.5.2020","third","Lynd",NA,NA,NA,NA,NA,NA,NA,NA,NA,NA,NA
"384","zsazsa_Lynd","12.19.2019","first","Lynd",NA,NA,NA,NA,"1.30.2020","second","Lynd",NA,NA,NA,NA,"3.5.2020","third","Lynd",NA,NA,NA,NA,NA,NA,NA,NA,NA,NA,NA
